Id,ActivityDate,TotalSteps,TotalDistance,TrackerDistance,LoggedActivitiesDistance,VeryActiveDistance,ModeratelyActiveDistance,LightActiveDistance,SedentaryActiveDistance,VeryActiveMinutes,FairlyActiveMinutes,LightlyActiveMinutes,SedentaryMinutes,Calories,activity_data_unavailable,sleep_hours,total_active_minutes,steps_7d_avg,active_minutes_7d_avg,calories_7d_avg,steps_baseline,active_minutes_baseline,steps_baseline_std,active_minutes_baseline_std,steps_deviation,active_minutes_deviation,steps_z_score,active_minutes_z_score,steps_7d_std,active_minutes_7d_std,steps_daily_change,active_minutes_daily_change,steps_trend,active_minutes_trend,sleep_baseline,sleep_deviation,analysis_ready
1503960366,2016-04-12,13162,8.5,8.5,0.0,1.87999999523163,0.550000011920929,6.05999994277954,0.0,25,13,328,728,1985,False,5.45,366,,,,,,,,,,,,,,,,,,,,True
1503960366,2016-04-13,10735,6.96999979019165,6.96999979019165,0.0,1.57000005245209,0.689999997615814,4.71000003814697,0.0,21,19,217,776,1797,False,6.4,257,,,,13162.0,366.0,,,-2427.0,-109.0,,,,,-2427.0,-109.0,,,5.45,0.9500000000000002,True
1503960366,2016-04-14,10460,6.73999977111816,6.73999977111816,0.0,2.44000005722046,0.400000005960464,3.91000008583069,0.0,30,11,181,1218,1776,False,,222,11452.333333333334,281.6666666666667,1852.6666666666667,11948.5,311.5,1716.148157939751,77.07463914933368,-1488.5,-89.5,-0.8673493557337184,-1.1612120384421118,1486.9856533717243,75.10215265445682,-275.0,-35.0,,,5.925000000000001,,True
1503960366,2016-04-15,9762,6.28000020980835,6.28000020980835,0.0,2.14000010490417,1.25999999046326,2.82999992370605,0.0,29,34,209,726,1745,False,6.866666666666666,272,11029.75,279.25,1825.75,11452.333333333334,281.6666666666667,1486.9856533717243,75.10215265445682,-1690.333333333334,-9.666666666666686,-1.1367516077668733,-0.12871357472839973,1479.3210999193743,61.51083915322025,-698.0,50.0,,,5.925000000000001,0.9416666666666655,True
1503960366,2016-04-16,12669,8.15999984741211,8.15999984741211,0.0,2.71000003814697,0.409999996423721,5.03999996185303,0.0,36,10,221,773,1863,False,5.666666666666667,267,11357.6,276.8,1833.2,11029.75,279.25,1479.3210999193743,61.51083915322025,1639.25,-12.25,1.1081096585327095,-0.19915188882944693,1476.0492200465403,53.55091035640758,2907.0,-5.0,,,6.23888888888889,-0.5722222222222229,True
1503960366,2016-04-17,9705,6.48000001907349,6.48000001907349,0.0,3.19000005722046,0.779999971389771,2.50999999046326,0.0,38,20,164,539,1728,False,11.666666666666666,222,11082.166666666666,267.6666666666667,1815.6666666666667,11357.6,276.8,1476.0492200465403,53.55091035640758,-1652.6000000000004,-54.80000000000001,-1.1196103601669074,-1.0233252546400031,1482.6186855245912,52.86460693759736,-2964.0,-45.0,,,6.095833333333333,5.570833333333333,True
1503960366,2016-04-18,13019,8.59000015258789,8.59000015258789,0.0,3.25,0.639999985694885,4.71000003814697,0.0,42,16,233,1149,1921,False,,291,11358.857142857143,271.0,1830.7142857142858,11082.166666666666,267.6666666666667,1482.6186855245912,52.86460693759736,1936.833333333334,23.333333333333314,1.3063597207677637,0.4413791049179167,1538.7338332290642,49.05778905196062,3314.0,69.0,,,7.209999999999999,,True
1503960366,2016-04-19,15506,9.88000011444092,9.88000011444092,0.0,3.52999997138977,1.32000005245209,5.03000020980835,0.0,50,31,264,775,2035,False,5.066666666666666,345,11693.714285714286,268.0,1837.857142857143,11358.857142857143,271.0,1538.7338332290642,49.05778905196062,4147.142857142857,74.0,2.6951658336808175,1.508425061985493,2135.758078863,42.481368465089105,2487.0,54.0,,,7.209999999999999,-2.1433333333333326,True
1503960366,2016-04-20,10544,6.67999982833862,6.67999982833862,0.0,1.96000003814697,0.479999989271164,4.23999977111816,0.0,28,12,205,818,1786,False,6.0,245,11666.42857142857,266.2857142857143,1836.2857142857142,11877.25,280.25,2044.335571419582,52.41523769723021,-1333.25,-35.25,-0.6521678818228586,-0.6725143465169935,2151.211817956169,43.234686251181415,-4962.0,-100.0,,,6.852777777777778,-0.8527777777777779,True
1503960366,2016-04-21,9819,6.34000015258789,6.34000015258789,0.0,1.3400000333786,0.349999994039536,4.65000009536743,0.0,19,8,211,838,1775,False,5.416666666666667,238,11574.857142857143,268.57142857142856,1836.142857142857,11729.111111111111,276.3333333333333,1963.262746325899,50.41825066382212,-1910.1111111111113,-38.333333333333314,-0.9729268859773437,-0.7603066760214456,2223.551920432069,40.86097218152118,-725.0,-7.0,122.52380952380918,-13.09523809523813,6.730952380952381,-1.314285714285714,True
1503960366,2016-04-22,12764,8.13000011444092,8.13000011444092,0.0,4.76000022888184,1.12000000476837,2.24000000953674,0.0,66,27,130,1217,1827,False,,223,12003.714285714286,261.57142857142856,1847.857142857143,11538.1,272.5,1947.0455367613317,49.05609034564414,1225.8999999999996,-49.5,0.6296206104195751,-1.0090490017076195,2101.7960346876125,44.233686796592565,2945.0,-15.0,973.9642857142862,-17.678571428571445,6.566666666666666,,True
1503960366,2016-04-23,14371,9.03999996185303,9.03999996185303,0.0,2.80999994277954,0.870000004768372,5.3600001335144,0.0,41,21,262,732,1949,False,6.016666666666667,324,12246.857142857143,269.7142857142857,1860.142857142857,11649.545454545454,268.0,1883.7485694028471,48.87330559722761,2721.454545454546,56.0,1.4447015850276408,1.1458197510863048,2282.2827336222995,50.238478897203514,1607.0,101.0,889.2571428571428,-7.085714285714289,6.566666666666666,-0.5499999999999998,True
1503960366,2016-04-24,10039,6.40999984741211,6.40999984741211,0.0,2.92000007629395,0.209999993443489,3.27999997138977,0.0,39,5,238,709,1788,False,7.166666666666667,282,12294.57142857143,278.2857142857143,1868.7142857142858,11876.333333333334,272.6666666666667,1960.3851353210878,49.32329955292811,-1837.333333333334,9.333333333333314,-0.9372308018930013,0.189227671885377,2223.006437023433,45.64980571595857,-4332.0,-42.0,1212.4047619047633,10.619047619047592,6.5055555555555555,0.6611111111111114,True
1503960366,2016-04-25,15355,9.80000019073486,9.80000019073486,0.0,5.28999996185303,0.569999992847443,3.94000005722046,0.0,73,14,216,814,2013,False,4.616666666666666,303,12628.285714285714,280.0,1881.857142857143,11735.0,273.38461538461536,1944.8720180687126,47.29435918010107,3620.0,29.61538461538464,1.8613049930829946,0.6261927321271852,2507.070515846846,46.42556766840159,5316.0,21.0,1269.4285714285706,9.0,6.571666666666667,-1.955000000000001,True
1503960366,2016-04-26,13755,8.78999996185303,8.78999996185303,0.0,2.32999992370605,0.920000016689301,5.53999996185303,0.0,31,23,279,833,1970,False,4.083333333333333,333,12378.142857142857,278.2857142857143,1872.5714285714287,11993.57142857143,275.5,2104.1844286777978,46.12316287773588,1761.4285714285706,57.5,0.837107501882945,1.2466620926617706,2245.835436875064,43.77104935804902,-1600.0,30.0,684.4285714285706,10.285714285714278,6.393939393939394,-2.3106060606060606,True
1503960366,2016-04-27,18134,12.210000038147,12.210000038147,0.0,6.40000009536743,0.409999996423721,5.40999984741211,0.0,78,11,243,1108,2159,False,,332,13462.42857142857,290.7142857142857,1925.857142857143,12111.0,279.3333333333333,2078.0225146587254,46.85946567994053,6023.0,52.666666666666686,2.8984286525359093,1.1239280000003093,2938.2178190836953,45.076654289163514,4379.0,-1.0,1796.0,24.428571428571445,6.201388888888889,,True
1503960366,2016-04-28,13154,8.52999973297119,8.52999973297119,0.0,3.53999996185303,1.1599999666214,3.78999996185303,0.0,48,28,189,782,1898,False,6.1,265,13938.857142857143,294.57142857142856,1943.4285714285713,12487.4375,282.625,2509.498381981281,47.14640318553827,666.5625,-17.625,0.26561583164206887,-0.37383550886806144,2484.2977162282973,40.76296171304348,-4980.0,-67.0,2364.0,26.0,6.201388888888889,-0.10138888888888964,True
1503960366,2016-04-29,11181,7.15000009536743,7.15000009536743,0.0,1.05999994277954,0.5,5.57999992370605,0.0,16,12,243,815,1837,False,5.683333333333334,271,13712.714285714286,301.42857142857144,1944.857142857143,12526.64705882353,281.5882352941176,2435.1835388009385,45.84901692447916,-1345.6470588235297,-10.588235294117624,-0.5525854773696147,-0.2309370139957672,2673.8833628442417,29.079529700788648,-1973.0,6.0,1709.0,39.85714285714289,6.193589743589744,-0.5102564102564102,True
1503960366,2016-04-30,14673,9.25,9.25,0.0,3.55999994277954,1.41999995708466,4.26999998092651,0.0,52,34,217,712,1947,False,6.733333333333333,303,13755.857142857143,298.42857142857144,1944.5714285714287,12451.888888888889,281.0,2383.670794702226,44.5500379612963,2221.1111111111113,22.0,0.931802795552049,0.49382672861662197,2688.6704538719137,27.39742775552204,3492.0,32.0,1509.0,28.714285714285722,6.1571428571428575,0.5761904761904759,True
1503960366,2016-05-01,10602,6.80999994277954,6.80999994277954,0.0,2.28999996185303,1.60000002384186,2.92000007629395,0.0,33,35,246,730,1820,False,6.15,314,13836.285714285714,303.0,1949.142857142857,12568.78947368421,282.1578947368421,2371.8927645552844,43.58805029655457,-1966.78947368421,31.84210526315792,-0.8292067424994926,0.7305237173031154,2564.507731468536,26.86385427794508,-4071.0,11.0,1541.7142857142844,24.714285714285722,6.195555555555556,-0.04555555555555557,True
1503960366,2016-05-02,14727,9.71000003814697,9.71000003814697,0.0,3.21000003814697,0.569999992847443,5.92000007629395,0.0,41,15,277,798,2004,False,4.616666666666666,333,13746.57142857143,307.2857142857143,1947.857142857143,12470.45,283.75,2350.146724982798,43.01881473323773,2256.5499999999993,49.25,0.9601740925585581,1.1448478801788087,2512.990838101274,29.158842487967465,4125.0,19.0,1118.2857142857156,27.285714285714278,6.192708333333333,-1.5760416666666668,True
1503960366,2016-05-03,15103,9.65999984741211,9.65999984741211,0.0,3.73000001907349,1.04999995231628,4.88000011444092,0.0,50,24,254,816,1990,False,4.55,328,13939.142857142857,306.57142857142856,1950.7142857142858,12577.904761904761,286.0952380952381,2342.969737422187,43.28499135024144,2525.0952380952385,41.904761904761926,1.0777327579978475,0.9681129562340834,2564.8579836299837,28.477225654062273,376.0,-5.0,1561.0,28.285714285714278,6.1000000000000005,-1.5500000000000007,True
1503960366,2016-05-04,11100,7.15000009536743,7.15000009536743,0.0,2.46000003814697,0.870000004768372,3.8199999332428,0.0,36,22,203,1179,1819,False,,261,12934.285714285714,296.42857142857144,1902.142857142857,12692.681818181818,288.0,2349.0264120302236,43.17627214327884,-1592.681818181818,-27.0,-0.6780178414968405,-0.6253434591355654,1952.2089808117119,30.484187938761224,-4003.0,-67.0,-528.1428571428569,5.714285714285722,6.013888888888889,,True
1503960366,2016-05-05,14070,8.89999961853027,8.89999961853027,0.0,2.92000007629395,1.08000004291534,4.88000011444092,0.0,45,24,250,857,1959,False,4.116666666666666,319,13065.142857142857,304.14285714285717,1910.857142857143,12623.434782608696,286.82608695652175,2318.9219051903287,42.55761033738218,1446.565217391304,32.17391304347825,0.6238093717299056,0.7560084326259404,1999.5177275676103,27.931037523566122,2970.0,58.0,-873.7142857142862,9.571428571428612,6.013888888888889,-1.897222222222223,True
1503960366,2016-05-06,12159,8.02999973297119,8.02999973297119,0.0,1.97000002861023,0.25,5.80999994277954,0.0,24,6,289,754,1896,False,5.566666666666666,319,13204.857142857143,311.0,1919.2857142857142,12683.708333333334,288.1666666666667,2287.0917070483374,42.137112286962164,-524.7083333333339,30.833333333333314,-0.22942164124283743,0.7317381502466045,1876.2945245502208,24.062418831031977,-1911.0,0.0,-507.8571428571431,9.571428571428555,5.914035087719298,-0.3473684210526313,True
1503960366,2016-05-07,11992,7.71000003814697,7.71000003814697,0.0,2.46000003814697,2.11999988555908,3.13000011444092,0.0,37,46,175,833,1821,False,5.516666666666667,258,12821.857142857143,304.57142857142856,1901.2857142857142,12662.72,289.4,2241.3950365787823,41.708312520807326,-670.7199999999993,-31.399999999999977,-0.2992422079797812,-0.7528475104689917,1798.686690205887,31.43701185363704,-167.0,-61.0,-934.0,6.14285714285711,5.8966666666666665,-0.3799999999999999,True
1503960366,2016-05-08,10060,6.57999992370605,6.57999992370605,0.0,3.52999997138977,0.319999992847443,2.73000001907349,0.0,44,8,203,574,1740,False,9.9,255,12744.42857142857,296.14285714285717,1889.857142857143,12636.923076923076,288.1923076923077,2200.045489040205,41.32700737364779,-2576.923076923076,-33.19230769230768,-1.1713044519256663,-0.8031626047597675,1917.887975277567,36.05749377234719,-1932.0,-3.0,-1091.8571428571431,-6.857142857142833,5.878571428571429,4.021428571428571,True
1503960366,2016-05-09,12022,7.71999979019165,7.71999979019165,0.0,3.45000004768372,0.529999971389771,3.74000000953674,0.0,46,11,206,835,1819,False,5.633333333333334,263,12358.0,286.14285714285717,1863.4285714285713,12541.481481481482,286.962962962963,2213.5908066440966,41.02483439377954,-519.4814814814818,-23.96296296296299,-0.23467818879965485,-0.5841086925261963,1713.4657860605219,33.766001497702604,1962.0,8.0,-1388.5714285714294,-21.14285714285711,6.0613636363636365,-0.42803030303030276,True
1503960366,2016-05-10,12207,7.76999998092651,7.76999998092651,0.0,3.34999990463257,1.1599999666214,3.25999999046326,0.0,46,31,214,746,1859,False,6.383333333333334,291,11944.285714285714,280.85714285714283,1844.7142857142858,12522.92857142857,286.10714285714283,2174.428948935388,40.511854036322724,-315.92857142857065,4.892857142857167,-0.14529266244268793,0.12077593431528269,1218.2945339402033,28.626494554454037,185.0,28.0,-1994.8571428571431,-25.714285714285722,6.042753623188405,0.3405797101449286,True
1503960366,2016-05-11,12770,8.13000011444092,8.13000011444092,0.0,2.55999994277954,1.00999999046326,4.55000019073486,0.0,36,23,251,669,1783,False,4.75,310,12182.857142857143,287.85714285714283,1839.5714285714287,12512.034482758621,286.2758620689655,2136.052625802334,39.79222514846349,257.9655172413786,23.724137931034477,0.12076739777125829,0.5962003191910022,1188.5580098830462,28.950697006166443,563.0,19.0,-751.4285714285706,-8.571428571428612,6.0569444444444445,-1.3069444444444445,True
1503960366,2016-05-12,0,0.0,0.0,0.0,0.0,0.0,0.0,0.0,0,0,0,1440,0,True,,0,10172.857142857143,242.28571428571428,1559.7142857142858,12520.633333333333,287.06666666666666,2099.429404966212,39.339313786534234,-12520.633333333333,-287.06666666666666,-5.96382678919895,-7.29719539408269,4565.377327544478,109.83580819525457,-12770.0,-310.0,-2892.2857142857138,-61.85714285714289,6.004666666666667,,False
1624580081,2016-04-12,8163,5.30999994277954,5.30999994277954,0.0,0.0,0.0,5.30999994277954,0.0,0,0,146,1294,1432,False,,146,,,,,,,,,,,,,,,,,,,,True
1624580081,2016-04-13,7007,4.55000019073486,4.55000019073486,0.0,0.0,0.0,4.55000019073486,0.0,0,0,148,1292,1411,False,,148,,,,8163.0,146.0,,,-1156.0,2.0,,,,,-1156.0,2.0,,,,,True
1624580081,2016-04-14,9107,5.92000007629395,5.92000007629395,0.0,0.0,0.0,5.90999984741211,0.0099999997764825,0,0,236,1204,1572,False,,236,8092.333333333333,176.66666666666666,1471.6666666666667,7585.0,147.0,817.415439051649,1.4142135623730951,1522.0,89.0,1.8619662969711355,62.932459025634195,1051.7819799432455,51.39390365922143,2100.0,88.0,,,,,True
1624580081,2016-04-15,1510,0.980000019073486,0.980000019073486,0.0,0.0,0.0,0.970000028610229,0.0,0,0,96,1344,1344,False,,96,6446.75,156.5,1439.75,8092.333333333333,176.66666666666666,1051.7819799432455,51.39390365922143,-6582.333333333333,-80.66666666666666,-6.258267827929748,-1.5695765325002002,3401.3636848573933,58.20366540576862,-7597.0,-140.0,,,,,True
1624580081,2016-04-16,5370,3.49000000953674,3.49000000953674,0.0,0.0,0.0,3.49000000953674,0.0,0,0,176,1264,1463,False,,176,6231.4,160.4,1444.4,6446.75,156.5,3401.3636848573933,58.20366540576862,-1076.75,19.5,-0.3165642076079789,0.33503044059209536,2984.7670428360066,51.15466743123251,3860.0,80.0,,,,,True
1624580081,2016-04-17,6175,4.05999994277954,4.05999994277954,0.0,1.02999997138977,1.51999998092651,1.49000000953674,0.0099999997764825,15,22,127,1276,1554,False,,164,6222.0,161.0,1462.6666666666667,6231.4,160.4,2984.7670428360066,51.15466743123251,-56.399999999999636,3.5999999999999943,-0.018895947044334376,0.07037480860304067,2669.756093728414,45.77772384031342,805.0,-12.0,,,,,True
1624580081,2016-04-18,10536,7.40999984741211,7.40999984741211,0.0,2.15000009536743,0.620000004768372,4.61999988555908,0.0099999997764825,17,7,202,1214,1604,False,,226,6838.285714285715,170.28571428571428,1482.857142857143,6222.0,161.0,2669.756093728414,45.77772384031342,4314.0,65.0,1.6158779479961634,1.419904554600293,2932.2894192243775,48.47581625826183,4361.0,62.0,,,,,True
1624580081,2016-04-19,2916,1.89999997615814,1.89999997615814,0.0,0.0,0.0,1.89999997615814,0.0,0,0,141,1299,1435,False,,141,6088.714285714285,169.57142857142858,1483.2857142857142,6838.285714285715,170.28571428571428,2932.2894192243775,48.47581625826183,-3922.2857142857147,-29.285714285714278,-1.3376188882424789,-0.6041303879352969,3195.9970647820123,48.92803266995702,-7620.0,-85.0,,,,,True
1624580081,2016-04-20,4974,3.23000001907349,3.23000001907349,0.0,0.0,0.0,3.23000001907349,0.0,0,0,151,1289,1446,False,,151,5798.285714285715,170.0,1488.2857142857142,6348.0,166.625,3048.447192541522,46.0587745634392,-1374.0,-15.625,-0.45072127308321874,-0.3392404554584578,3191.0103266460774,48.72029009218507,2058.0,10.0,,,,,True
1624580081,2016-04-21,6349,4.13000011444092,4.13000011444092,0.0,0.0,0.0,4.1100001335144,0.0199999995529652,0,0,186,1254,1467,False,,186,5404.285714285715,162.85714285714286,1473.2857142857142,6195.333333333333,164.88888888888889,2888.1075984111117,43.397708592863644,153.66666666666697,21.111111111111114,0.05320669724978383,0.4864568040379404,2868.3423037407115,40.383282727008755,1375.0,35.0,-2688.0476190476184,-13.809523809523796,,,True
1624580081,2016-04-22,4026,2.61999988555908,2.61999988555908,0.0,0.0,0.0,2.59999990463257,0.0,0,0,199,1241,1470,False,,199,5763.714285714285,177.57142857142858,1491.2857142857142,6210.7,167.0,2723.367525285153,41.45680482944467,-2184.7,32.0,-0.8022053501460634,0.7718877361572324,2421.9211874244047,29.17108810024715,-2323.0,13.0,-683.0357142857147,21.071428571428584,,,True
1624580081,2016-04-23,8538,5.55000019073486,5.55000019073486,0.0,0.0,0.0,5.53999996185303,0.0099999997764825,0,0,227,1213,1562,False,,227,6216.285714285715,184.85714285714286,1505.4285714285713,6012.090909090909,169.9090909090909,2666.2630948406218,40.49556653623837,2525.909090909091,57.09090909090909,0.9473592815538409,1.4098063705322814,2623.677998172649,34.58047894129756,4512.0,28.0,-15.11428571428496,24.457142857142856,,,True
1624580081,2016-04-24,6076,3.95000004768372,3.95000004768372,0.0,1.14999997615814,0.910000026226044,1.88999998569489,0.0,16,18,185,1221,1617,False,,219,6202.142857142857,192.71428571428572,1514.4285714285713,6222.583333333333,174.66666666666666,2644.6880021635593,41.98123679007376,-146.58333333333303,44.33333333333334,-0.055425567461262336,1.0560273033163337,2624.204414584315,35.29265403127722,-2462.0,-8.0,-19.857142857143117,31.714285714285722,,,True
1624580081,2016-04-25,6497,4.21999979019165,4.21999979019165,0.0,0.0,0.0,4.19999980926514,0.0199999995529652,0,0,202,1238,1492,False,,202,5625.142857142857,189.28571428571428,1498.4285714285713,6211.307692307692,178.07692307692307,2532.4223378883503,42.0326490926231,285.6923076923076,23.923076923076934,0.11281384755819092,0.569154618382616,1839.0583123409858,32.581765277090625,421.0,-17.0,-1213.1428571428578,19.0,,,True
1624580081,2016-04-26,2826,1.8400000333786,1.8400000333786,0.0,0.0,0.0,1.83000004291534,0.0099999997764825,0,0,140,1300,1402,False,,140,5612.285714285715,189.14285714285714,1493.7142857142858,6231.714285714285,179.78571428571428,2434.270461826023,40.8866699575764,-3405.7142857142853,-39.78571428571428,-1.3990697984152844,-0.9730729686208871,1861.3347105670982,32.83000950060057,-3671.0,-62.0,-476.42857142857065,19.571428571428555,,,True
1624580081,2016-04-27,8367,5.44000005722046,5.44000005722046,0.0,1.11000001430511,1.87000000476837,2.46000003814697,0.0,17,36,154,1233,1670,False,,207,6097.0,197.14285714285714,1525.7142857142858,6004.666666666667,177.13333333333333,2505.1286726766484,40.716557998412576,2362.333333333333,29.866666666666674,0.9429988000840923,0.7335262949855633,2094.5885833101765,28.527346946562048,5541.0,67.0,298.7142857142853,27.14285714285714,,,True
1624580081,2016-04-28,2759,1.78999996185303,1.78999996185303,0.0,0.0,0.200000002980232,1.60000002384186,0.0,0,5,115,1320,1401,False,,120,5584.142857142857,187.71428571428572,1516.2857142857142,6152.3125,179.0,2491.200586564639,40.03831498285944,-3393.3125,-59.0,-1.3621193399433373,-1.473588450254954,2434.522227499777,41.00290349765606,-5608.0,-87.0,179.8571428571422,24.85714285714286,,,True
1624580081,2016-04-29,2390,1.54999995231628,1.54999995231628,0.0,0.0,0.0,1.54999995231628,0.0,0,0,150,1290,1404,False,,150,5350.428571428572,180.71428571428572,1506.857142857143,5952.705882352941,175.52941176470588,2548.63256876864,41.32359744603987,-3562.7058823529414,-25.529411764705884,-1.397889175792946,-0.617792562233951,2675.623719007268,42.894111039917384,-369.0,30.0,-413.28571428571377,3.142857142857139,,,True
1624580081,2016-04-30,6474,4.30000019073486,4.30000019073486,0.0,0.899999976158142,1.27999997138977,2.11999988555908,0.0099999997764825,11,23,224,1182,1655,False,,258,5055.571428571428,185.14285714285714,1520.142857142857,5754.777777777777,174.11111111111111,2611.2444758042666,40.53885411318945,719.2222222222226,83.88888888888889,0.27543274044659055,2.069345289960973,2361.0375443254356,49.55276168364575,4084.0,108.0,-1160.7142857142862,0.2857142857142776,,,True
1624580081,2016-05-01,36019,28.0300006866455,28.0300006866455,0.0,21.9200000762939,4.19000005722046,1.9099999666214,0.0199999995529652,186,63,171,1020,2690,False,,420,9333.142857142857,213.85714285714286,1673.4285714285713,5792.631578947368,178.52631578947367,2543.0320531585544,43.84615581914746,30226.368421052633,241.47368421052633,11.885956518567761,5.50729417874717,11993.444757152016,102.44743135128469,29545.0,162.0,3131.0,21.14285714285714,,,True
1624580081,2016-05-02,7155,4.92999982833862,4.92999982833862,0.0,0.860000014305115,0.589999973773956,3.47000002861023,0.0,7,6,166,1261,1497,False,,179,9427.142857142857,210.57142857142858,1674.142857142857,7303.95,190.6,7197.798994539196,68.82426132817133,-148.94999999999982,-11.599999999999994,-0.0206938260004636,-0.16854521367317077,11970.067187622235,103.25673043900034,-28864.0,-241.0,3802.0,21.285714285714306,,,True
1624580081,2016-05-03,2100,1.37000000476837,1.37000000476837,0.0,0.0,0.0,1.3400000333786,0.0199999995529652,0,0,96,1344,1334,False,,96,9323.42857142857,204.28571428571428,1664.4285714285713,7296.857142857143,190.04761904761904,7015.621948806209,67.12933501121263,-5196.857142857143,-94.04761904761904,-0.740755015027669,-1.4009913494736526,12039.73760590519,109.42381563705145,-5055.0,-83.0,3711.142857142856,15.142857142857139,,,True
1624580081,2016-05-04,2193,1.42999994754791,1.42999994754791,0.0,0.0,0.0,1.41999995708466,0.0,0,0,118,1322,1368,False,,118,8441.42857142857,191.57142857142858,1621.2857142857142,7060.636363636364,185.77272727272728,6935.618024753193,68.51133504977865,-4867.636363636364,-67.77272727272728,-0.7018316674248722,-0.989219174232499,12343.78708577913,114.12545311024638,93.0,22.0,2344.4285714285706,-5.571428571428555,,,True
1624580081,2016-05-05,2470,1.61000001430511,1.61000001430511,0.0,0.0,0.0,1.58000004291534,0.0199999995529652,0,0,117,1323,1370,False,,117,8400.142857142857,191.14285714285714,1616.857142857143,6849.0,182.82608695652175,6851.749809686971,68.41162326409494,-4379.0,-65.82608695652175,-0.6391068151919213,-0.9622061698521872,12366.423026736165,114.44420557842231,277.0,-1.0,2816.0,3.4285714285714164,,,True
1624580081,2016-05-06,1727,1.12000000476837,1.12000000476837,0.0,0.0,0.0,1.12000000476837,0.0099999997764825,0,0,102,1338,1341,False,,102,8305.42857142857,184.28571428571428,1607.857142857143,6666.541666666667,180.08333333333334,6760.49623840534,68.24375535481276,-4939.541666666667,-78.08333333333334,-0.7306477944437336,-1.1441828161885268,12422.538211615516,118.67984143023095,-743.0,-15.0,2954.999999999999,3.571428571428555,,,True
1624580081,2016-05-07,2104,1.37000000476837,1.37000000476837,0.0,0.0,0.0,1.37000000476837,0.0,0,0,182,1258,1474,False,,182,7681.142857142857,173.42857142857142,1582.0,6468.96,176.96,6691.481602754356,68.60787126853594,-4364.96,5.039999999999992,-0.6523159232106345,0.07346095766201705,12637.854451719926,114.20428646779878,377.0,80.0,2625.5714285714284,-11.714285714285722,,,True
1624580081,2016-05-08,3427,2.23000001907349,2.23000001907349,0.0,0.0,0.0,2.22000002861023,0.0,0,0,152,1288,1427,False,,152,3025.1428571428573,135.14285714285714,1401.5714285714287,6301.076923076923,177.15384615384616,6611.9355648589135,67.22897726884877,-2874.076923076923,-25.15384615384616,-0.4346801166540966,-0.37415184346928343,1897.6925838652346,35.72314175912949,1323.0,-30.0,-6308.0,-78.71428571428572,,,True
1624580081,2016-05-09,1732,1.12999999523163,1.12999999523163,0.0,0.0,0.0,1.12999999523163,0.0,0,0,91,1349,1328,False,,91,2250.4285714285716,122.57142857142857,1377.4285714285713,6194.62962962963,176.22222222222223,6507.086900793083,66.10093292332063,-4462.62962962963,-85.22222222222223,-0.6858106702708878,-1.289274101952674,580.6096959641521,33.105171513713465,-1695.0,-61.0,-7176.714285714285,-88.00000000000001,,,True
1624580081,2016-05-10,2969,1.92999994754791,1.92999994754791,0.0,0.0,0.0,1.91999995708466,0.0099999997764825,0,0,139,1301,1393,False,,139,2374.5714285714284,128.71428571428572,1385.857142857143,6035.25,173.17857142857142,6440.90081475841,66.83481770112682,-3066.25,-34.178571428571416,-0.47605918608435394,-0.5113887056597218,633.5721103770157,31.292780241424687,1237.0,48.0,-6948.857142857142,-75.57142857142856,,,True
1624580081,2016-05-11,3134,2.03999996185303,2.03999996185303,0.0,0.0,0.0,2.03999996185303,0.0,0,0,112,1328,1359,False,,112,2509.0,127.85714285714286,1384.5714285714287,5929.517241379311,172.0,6350.4166771091805,65.93665791608531,-2795.5172413793107,-60.0,-0.4402100496831758,-0.9099642139338507,686.2637976754759,31.714500213774897,165.0,-27.0,-5932.428571428571,-63.71428571428572,,,True
1624580081,2016-05-12,2971,1.92999994754791,1.92999994754791,0.0,0.0,0.0,1.91999995708466,0.0099999997764825,0,0,107,890,1002,False,,107,2580.5714285714284,126.42857142857143,1332.0,5836.333333333333,170.0,6260.804714903741,65.70939155045521,-2865.333333333333,-63.0,-0.45766214781540665,-0.9587670431076533,707.3204971681878,32.500549445905044,-163.0,-5.0,-5819.571428571428,-64.71428571428571,,,True
1644430081,2016-04-12,10694,7.76999998092651,7.76999998092651,0.0,0.140000000596046,2.29999995231628,5.32999992370605,0.0,2,51,256,1131,3199,False,,309,,,,,,,,,,,,,,,,,,,,True
1644430081,2016-04-13,8001,5.82000017166138,5.82000017166138,0.0,2.27999997138977,0.899999976158142,2.64000010490417,0.0,30,16,135,1259,2902,False,,181,,,,10694.0,309.0,,,-2693.0,-128.0,,,,,-2693.0,-128.0,,,,,True
1644430081,2016-04-14,11037,8.02000045776367,8.02000045776367,0.0,0.360000014305115,2.55999994277954,5.09999990463257,0.0,5,58,252,1125,3226,False,,315,9910.666666666666,268.3333333333333,3109.0,9347.5,245.0,1904.2385617353725,90.50966799187809,1689.5,70.0,0.8872312708409243,0.7733980333778645,1662.6882850773125,75.69235980819553,3036.0,134.0,,,,,True
1644430081,2016-04-15,5263,3.82999992370605,3.82999992370605,0.0,0.219999998807907,0.150000005960464,3.45000004768372,0.0,3,4,170,1263,2750,False,,177,8748.75,245.5,3019.25,9910.666666666666,268.3333333333333,1662.6882850773125,75.69235980819553,-4647.666666666666,-91.33333333333331,-2.7952723944616498,-1.2066387196558979,2691.323636552592,76.84399781375251,-5774.0,-138.0,,,,,True
1644430081,2016-04-16,15300,11.1199998855591,11.1199998855591,0.0,4.09999990463257,1.87999999523163,5.09000015258789,0.0,51,42,212,1135,3493,False,,305,10059.0,257.4,3114.0,8748.75,245.5,2691.323636552592,76.84399781375251,6551.25,59.5,2.434211147477421,0.7742959882164733,3743.8205752947083,71.67147270706805,10037.0,128.0,,,,,True
1644430081,2016-04-17,8757,6.36999988555908,6.36999988555908,0.0,2.25,0.569999992847443,3.54999995231628,0.0,29,13,186,1212,3011,False,,228,9842.0,252.5,3096.8333333333335,10059.0,257.4,3743.8205752947083,71.67147270706805,-1302.0,-29.399999999999977,-0.34777307658493634,-0.41020504364347443,3390.4996681905163,65.21886230225118,-6543.0,-77.0,,,,,True
1644430081,2016-04-18,7132,5.19000005722046,5.19000005722046,0.0,1.07000005245209,1.66999995708466,2.45000004768372,0.0,15,33,121,1271,2806,False,,169,9454.857142857143,240.57142857142858,3055.285714285714,9842.0,252.5,3390.4996681905163,65.21886230225118,-2710.0,-83.5,-0.7992922177889532,-1.2803044360498355,3260.1733813081896,67.38411569219446,-1625.0,-59.0,,,,,True
1644430081,2016-04-19,11256,8.18000030517578,8.18000030517578,0.0,0.360000014305115,2.52999997138977,5.30000019073486,0.0,5,58,278,1099,3300,False,,341,9535.142857142857,245.14285714285714,3069.714285714286,9454.857142857143,240.57142857142858,3260.1733813081896,67.38411569219446,1801.1428571428569,100.42857142857142,0.5524684260404749,1.4903893730227487,3302.4209013273594,73.59897773617188,4124.0,172.0,,,,,True
1644430081,2016-04-20,2436,1.76999998092651,1.76999998092651,0.0,0.0,0.0,1.75999999046326,0.0099999997764825,0,0,125,1315,2430,False,,125,8740.142857142857,237.14285714285714,3002.285714285714,9680.0,253.125,3084.777926714151,71.78228492163946,-7244.0,-128.125,-2.348305184278815,-1.7849111149771213,4263.331304217842,84.03655667114673,-8820.0,-216.0,,,,,True
1644430081,2016-04-21,1223,0.889999985694885,0.889999985694885,0.0,0.0,0.0,0.879999995231628,0.0099999997764825,0,0,38,1402,2140,False,,38,7338.142857142857,197.57142857142858,2847.1428571428573,8875.111111111111,238.88888888888889,3762.577322941166,79.57770486204733,-7652.111111111111,-200.88888888888889,-2.0337418881522935,-2.524436796873005,4941.804981602418,104.08947616170929,-1213.0,-87.0,-2572.523809523809,-70.76190476190473,,,True
1644430081,2016-04-22,3673,2.67000007629395,2.67000007629395,0.0,0.0,0.0,2.66000008583069,0.0099999997764825,0,0,86,1354,2344,False,,86,7111.0,184.57142857142858,2789.1428571428573,8109.9,218.8,4294.12038463965,98.30881050151213,-4436.9,-132.8,-1.0332500259745467,-1.3508453410400283,5087.4767157534325,112.43495474103703,2450.0,48.0,-1637.75,-60.928571428571416,,,True
1644430081,2016-04-23,6637,4.82999992370605,4.82999992370605,0.0,0.0,0.579999983310699,4.25,0.0,0,15,160,1265,2677,False,,175,5873.428571428572,166.0,2672.5714285714284,7706.545454545455,206.72727272727272,4287.79275067339,101.4959022907732,-1069.545454545455,-31.72727272727272,-0.24943963397672264,-0.3125965846757185,3599.4997271446323,99.18333193300843,2964.0,89.0,-4185.571428571428,-91.39999999999998,,,True
1644430081,2016-04-24,3321,2.41000008583069,2.41000008583069,0.0,0.0,0.0,2.41000008583069,0.0,0,0,89,1351,2413,False,,89,5096.857142857143,146.14285714285714,2587.1428571428573,7617.416666666667,204.08333333333334,4099.892092999818,97.20499270130422,-4296.416666666667,-115.08333333333334,-1.0479340841566203,-1.1839240861119387,3457.283491826659,98.61444885922914,-3316.0,-86.0,-4745.142857142857,-106.35714285714286,,,True
1644430081,2016-04-25,3580,2.59999990463257,2.59999990463257,0.0,0.589999973773956,0.0599999986588955,1.95000004768372,0.0,8,1,94,1337,2497,False,,103,4589.428571428572,136.71428571428572,2543.0,7286.923076923077,195.23076923076923,4102.230337705301,98.38796830757462,-3706.923076923077,-92.23076923076923,-0.9036360152543295,-0.9374191771601961,3368.3209891152414,99.21813390322401,259.0,14.0,-4865.428571428572,-103.85714285714286,,,True
1644430081,2016-04-26,9919,7.21000003814697,7.21000003814697,0.0,0.800000011920929,1.72000002861023,4.69000005722046,0.0,11,41,223,1165,3123,False,,275,4398.428571428572,127.28571428571429,2517.714285714286,7022.142857142857,188.64285714285714,4063.9056972921408,97.68915154545222,2896.857142857143,86.35714285714286,0.7128258768589413,0.8839993039858047,2937.666526181556,77.28025682694182,6339.0,172.0,-5136.714285714285,-117.85714285714285,,,True
1644430081,2016-04-27,3032,2.20000004768372,2.20000004768372,0.0,0.0,0.0,2.20000004768372,0.0,0,0,118,1322,2489,False,,118,4483.571428571428,126.28571428571429,2526.1428571428573,7215.266666666666,194.4,3986.8678445019737,96.74030036280493,-4183.266666666666,-76.4,-1.0492614324766927,-0.7897432499561611,2879.3680937052163,77.36001181858379,-6887.0,-157.0,-4256.571428571428,-110.85714285714285,,,True
1644430081,2016-04-28,9405,6.84000015258789,6.84000015258789,0.0,0.200000002980232,2.3199999332428,4.30999994277954,0.0,3,53,227,1157,3108,False,,283,5652.428571428572,161.28571428571428,2664.4285714285716,6953.8125,189.625,3991.136850885973,95.39173618995166,2451.1875,93.375,0.6141577177043466,0.9788583660455227,2993.6072920554584,85.72964148164523,6373.0,165.0,-1685.7142857142853,-36.285714285714306,,,True
1644430081,2016-04-29,3176,2.30999994277954,2.30999994277954,0.0,0.0,0.0,2.30999994277954,0.0,0,0,120,1193,2498,False,1.9833333333333332,120,5581.428571428572,166.14285714285714,2686.4285714285716,7098.0,195.11764705882354,3909.8632488873577,95.09855568891489,-3922.0,-75.11764705882354,-1.0031041367272864,-0.7898926090387194,3053.669424214243,81.61786685815913,-6229.0,-163.0,-1529.5714285714284,-18.428571428571445,,,True
1644430081,2016-04-30,18213,13.2399997711182,13.2399997711182,0.0,0.629999995231628,3.14000010490417,9.46000003814697,0.0,9,71,402,816,3846,False,2.066666666666667,482,7235.142857142857,210.0,2853.4285714285716,6880.111111111111,190.94444444444446,3904.1457134223347,93.9427060827172,11332.888888888889,291.05555555555554,2.9027832765114217,3.098224062239117,5704.506272196027,145.02413592226642,15037.0,362.0,1361.7142857142853,44.0,1.9833333333333332,0.0833333333333337,True
1644430081,2016-05-01,6132,4.46000003814697,4.46000003814697,0.0,0.239999994635582,0.990000009536743,3.23000001907349,0.0,3,24,146,908,2696,False,,173,7636.714285714285,222.0,2893.8571428571427,7476.578947368421,206.26315789473685,4599.484757566626,113.10852316114779,-1344.5789473684208,-33.26315789473685,-0.2923325150418462,-0.2940817957039756,5477.468141221384,136.57232516143233,-12081.0,-309.0,2539.857142857142,75.85714285714286,2.025,,True
1644430081,2016-05-02,3758,2.73000001907349,2.73000001907349,0.0,0.0700000002980232,0.310000002384186,2.34999990463257,0.0,1,7,148,682,2580,False,13.266666666666667,156,7662.142857142857,229.57142857142858,2905.714285714286,7409.35,204.6,4486.894240305226,110.34271969402279,-3651.3500000000004,-48.599999999999994,-0.8137811598915315,-0.44044590974665565,5455.867038597728,130.19582320855145,-2374.0,-17.0,3072.7142857142853,92.85714285714286,2.025,11.241666666666667,True
1644430081,2016-05-03,12850,9.34000015258789,9.34000015258789,0.0,0.720000028610229,4.09000015258789,4.53999996185303,0.0,10,94,221,1115,3324,False,,325,8080.857142857143,236.71428571428572,2934.4285714285716,7235.476190476191,202.28571428571428,4445.276488803004,108.07041355391533,5614.523809523809,122.71428571428572,1.263031404773794,1.1355030534565471,5761.830103609195,134.4069867798475,9092.0,169.0,3682.4285714285716,109.42857142857143,5.772222222222222,,True
1644430081,2016-05-04,2309,1.67999994754791,1.67999994754791,0.0,0.0,0.0,1.6599999666214,0.0199999995529652,0,0,52,1388,2222,False,,52,7977.571428571428,227.28571428571428,2896.285714285714,7490.681818181818,207.86363636363637,4500.262853554474,108.66256001057562,-5181.681818181818,-155.86363636363637,-1.1514175917386062,-1.4343821359821154,5872.8303470911105,145.9425849272175,-10541.0,-273.0,3494.0,100.99999999999999,5.772222222222222,,True
1644430081,2016-05-05,4363,3.19000005722046,3.19000005722046,0.0,0.519999980926514,0.540000021457672,2.13000011444092,0.0099999997764825,6,12,81,1341,2463,False,,99,7257.285714285715,201.0,2804.1428571428573,7265.391304347826,201.08695652173913,4527.6028349260105,111.0273975375113,-2902.391304347826,-102.08695652173913,-0.6410437066868327,-0.919475353529502,5976.854125549263,150.72712651233905,2054.0,47.0,1604.8571428571431,39.71428571428572,5.772222222222222,,True
1644430081,2016-05-06,9787,7.11999988555908,7.11999988555908,0.0,0.819999992847443,0.270000010728836,6.01000022888184,0.0199999995529652,11,6,369,1054,3328,False,,386,8201.714285714286,239.0,2922.714285714286,7144.458333333333,196.83333333333334,4467.5399512013,110.5683603877736,2642.541666666667,189.16666666666666,0.591498161166886,1.7108571049835988,5742.178091812831,160.13952250043295,5424.0,287.0,2620.2857142857147,72.85714285714286,5.772222222222222,,True
1644430081,2016-05-07,13372,9.72000026702881,9.72000026702881,0.0,3.25999999046326,0.790000021457672,5.67000007629395,0.0099999997764825,41,17,243,1139,3404,False,,301,7510.142857142857,213.14285714285714,2859.5714285714284,7250.16,204.4,4405.293734814967,114.66182160306602,6121.84,96.6,1.3896553481166396,0.8424774507065698,4490.615601027378,125.1551418193017,3585.0,-85.0,275.0,3.142857142857139,5.772222222222222,,True
1644430081,2016-05-08,6724,4.8899998664856,4.8899998664856,0.0,0.0,0.0,4.88000011444092,0.0,0,0,295,991,2987,False,2.283333333333333,295,7594.714285714285,230.57142857142858,2901.1428571428573,7485.615384615385,208.1153846153846,4480.1527391545305,113.93132209294404,-761.6153846153848,86.88461538461539,-0.1699976382030928,0.7626051644615395,4465.841604680493,127.11262347862642,-6648.0,-6.0,-42.0,8.571428571428584,5.772222222222222,-3.488888888888889,True
1644430081,2016-05-09,6643,4.82999992370605,4.82999992370605,0.0,2.39000010490417,0.349999994039536,2.08999991416931,0.0099999997764825,32,6,303,1099,3008,False,,341,8006.857142857143,257.0,2962.285714285714,7457.407407407408,211.33333333333334,4395.595647562011,112.9632343184822,-814.4074074074078,129.66666666666666,-0.18527805387964552,1.1478660849354372,4176.497712540635,128.2510558760954,-81.0,46.0,344.71428571428623,27.428571428571416,4.9,,True
1644430081,2016-05-10,9167,6.65999984741211,6.65999984741211,0.0,0.879999995231628,0.810000002384186,4.96999979019165,0.0099999997764825,12,19,155,1254,2799,False,,186,7480.714285714285,237.14285714285714,2887.285714285714,7428.321428571428,215.96428571428572,4316.172687768056,113.52776855379585,1738.6785714285716,-29.964285714285722,0.40282877836494396,-0.2639379407527861,3665.3993285991696,126.71941257680106,2524.0,-155.0,-600.1428571428578,0.4285714285714164,4.9,,True
1644430081,2016-05-11,1329,0.970000028610229,0.970000028610229,0.0,0.0,0.0,0.949999988079071,0.0099999997764825,0,0,49,713,1276,False,,49,7340.714285714285,236.71428571428572,2752.1428571428573,7488.275862068966,214.93103448275863,4250.676928414308,111.62082852051367,-6159.275862068966,-165.93103448275863,-1.449010584513568,-1.4865597684190641,3906.6326810645905,127.45288578623122,-7838.0,-137.0,-636.8571428571431,9.428571428571445,4.9,,True
1844505072,2016-04-12,6697,4.42999982833862,4.42999982833862,0.0,0.0,0.0,4.42999982833862,0.0,0,0,339,1101,2030,False,,339,,,,,,,,,,,,,,,,,,,,True
1844505072,2016-04-13,4929,3.25999999046326,3.25999999046326,0.0,0.0,0.0,3.25999999046326,0.0,0,0,248,1192,1860,False,,248,,,,6697.0,339.0,,,-1768.0,-91.0,,,,,-1768.0,-91.0,,,,,True
1844505072,2016-04-14,7937,5.25,5.25,0.0,0.0,0.0,5.23000001907349,0.0,0,0,373,843,2130,False,,373,6521.0,320.0,2006.6666666666667,5813.0,293.5,1250.1647891378161,64.34671708797582,2124.0,79.5,1.6989760204059607,1.2354942468286632,1511.7036746664342,64.6297145282261,3008.0,125.0,,,,,True
1844505072,2016-04-15,3844,2.53999996185303,2.53999996185303,0.0,0.0,0.0,2.53999996185303,0.0,0,0,176,527,1725,False,10.733333333333333,176,5851.75,284.0,1936.25,6521.0,320.0,1511.7036746664342,64.6297145282261,-2677.0,-144.0,-1.7708496996409333,-2.228077267911075,1820.736366601894,89.26738859553733,-4093.0,-197.0,,,,,True
1844505072,2016-04-16,3414,2.25999999046326,2.25999999046326,0.0,0.0,0.0,2.25999999046326,0.0,0,0,147,1293,1657,False,,147,5364.2,256.6,1880.4,5851.75,284.0,1820.736366601894,89.26738859553733,-2437.75,-137.0,-1.3388813687567407,-1.5347149795769197,1916.9860980194928,98.64228302305254,-430.0,-29.0,,,10.733333333333333,,True
1844505072,2016-04-17,4525,2.99000000953674,2.99000000953674,0.0,0.140000000596046,0.259999990463257,2.58999991416931,0.0,2,8,199,1231,1793,False,,209,5224.333333333333,248.66666666666666,1865.8333333333333,5364.2,256.6,1916.9860980194928,98.64228302305254,-839.1999999999998,-47.60000000000002,-0.4377705192694078,-0.4825516812736816,1748.4978314732527,90.34304990792965,1111.0,62.0,,,10.733333333333333,,True
1844505072,2016-04-18,4597,3.03999996185303,3.03999996185303,0.0,0.0,0.479999989271164,2.55999994277954,0.0,0,12,217,1211,1814,False,,229,5134.714285714285,245.85714285714286,1858.4285714285713,5224.333333333333,248.66666666666666,1748.4978314732527,90.34304990792965,-627.333333333333,-19.666666666666657,-0.3587841641450416,-0.21768875933478643,1613.6681519946735,82.80585440540739,72.0,20.0,,,10.733333333333333,,True
1844505072,2016-04-19,197,0.129999995231628,0.129999995231628,0.0,0.0,0.0,0.129999995231628,0.0,0,0,10,1430,1366,False,,10,4206.142857142857,198.85714285714286,1763.5714285714287,5134.714285714285,245.85714285714286,1613.6681519946735,82.80585440540739,-4937.714285714285,-235.85714285714286,-3.059931669687345,-2.8483147925036825,2292.3103650081525,110.02337413996564,-4400.0,-219.0,,,10.733333333333333,,True
1844505072,2016-04-20,8,0.0099999997764825,0.0099999997764825,0.0,0.0,0.0,0.0099999997764825,0.0,0,0,1,1439,1349,False,,1,3503.1428571428573,163.57142857142858,1690.5714285714287,4517.5,216.375,2297.730059987776,113.27329467140208,-4509.5,-215.375,-1.9625891119957766,-1.9013748891423432,2743.797212415149,129.51686781118147,-189.0,-9.0,,,10.733333333333333,,True
1844505072,2016-04-21,8054,5.32000017166138,5.32000017166138,0.0,0.119999997317791,0.519999980926514,4.67999982833862,0.0,2,13,308,1117,2062,False,,323,3519.8571428571427,156.42857142857142,1680.857142857143,4016.4444444444443,192.44444444444446,2622.809186307265,127.98838923034299,4037.5555555555557,130.55555555555554,1.5394011791230438,1.020057798372121,2775.481785718858,116.79591480135647,8046.0,322.0,-3001.1428571428573,-163.57142857142858,10.733333333333333,,True
1844505072,2016-04-22,5372,3.54999995231628,3.54999995231628,0.0,0.0,0.0,3.54999995231628,0.0,0,0,220,1220,1827,False,,220,3738.1428571428573,162.71428571428572,1695.4285714285713,4420.2,205.5,2782.9778934723063,127.53583374443784,951.8000000000002,14.5,0.3420077471296176,0.11369353585253718,2863.9023161048067,119.18433102511743,-2682.0,-103.0,-2113.6071428571427,-121.28571428571428,10.733333333333333,,True
1844505072,2016-04-23,3570,2.35999989509583,2.35999989509583,0.0,0.0,0.0,2.35999989509583,0.0,0,0,139,1301,1645,False,,139,3760.4285714285716,161.57142857142858,1693.7142857142858,4506.727272727273,206.8181818181818,2655.7157261615594,121.07007737820123,-936.727272727273,-67.81818181818181,-0.3527212130224688,-0.5601564211954168,2861.5655888075707,119.39829304036296,-1802.0,-81.0,-1603.7714285714283,-95.02857142857144,10.733333333333333,,True
1844505072,2016-04-24,0,0.0,0.0,0.0,0.0,0.0,0.0,0.0,0,0,0,1440,1347,True,,0,3114.0,131.71428571428572,1630.0,4428.666666666667,201.16666666666666,2546.523417357774,117.08414482626146,-4428.666666666667,-201.16666666666666,-1.739103058994316,-1.718137543277408,3156.0130439105174,131.11790404786362,-3570.0,-139.0,-2110.333333333333,-116.95238095238093,10.733333333333333,,False
1844505072,2016-04-25,0,0.0,0.0,0.0,0.0,0.0,0.0,0.0,0,0,0,1440,1347,True,,0,2457.285714285714,99.0,1563.2857142857142,4088.0,185.69230769230768,2730.0333636544933,125.21673518036943,-4088.0,-185.69230769230768,-1.4974175967689567,-1.482967160434734,3272.137462184095,131.36716992206743,0.0,0.0,-2677.428571428571,-146.85714285714286,10.733333333333333,,False
1844505072,2016-04-26,0,0.0,0.0,0.0,0.0,0.0,0.0,0.0,0,0,0,1440,1347,True,,0,2429.1428571428573,97.57142857142857,1560.5714285714287,3796.0,172.42857142857142,2841.384196803761,130.13881008411707,-3796.0,-172.42857142857142,-1.335968575785741,-1.3249588650162154,3295.580850602385,132.5454100083655,0.0,0.0,-1776.9999999999995,-101.28571428571429,10.733333333333333,,False
1844505072,2016-04-27,4,0.0,0.0,0.0,0.0,0.0,0.0,0.0,0,0,1,1439,1348,False,,1,2428.5714285714284,97.57142857142857,1560.4285714285713,3542.9333333333334,160.93333333333334,2908.1659528857376,133.07327018637227,-3538.9333333333334,-159.93333333333334,-1.216895249256597,-1.2018441562869746,3296.070936592175,132.5454100083655,4.0,1.0,-1074.571428571429,-66.00000000000001,10.733333333333333,,True
1844505072,2016-04-28,6907,4.57000017166138,4.57000017166138,0.0,0.0,0.0,4.55999994277954,0.0,0,0,302,1138,1992,False,,302,2264.714285714286,94.57142857142857,1550.4285714285713,3321.75,150.9375,2945.5650844390902,134.63504682412128,3585.25,151.0625,1.2171688270352896,1.1220146792485899,2983.49441171957,126.7015616094992,6903.0,301.0,-1255.1428571428569,-61.85714285714285,10.733333333333333,,True
1844505072,2016-04-29,4920,3.25,3.25,0.0,0.0,0.0,3.25,0.0,0,0,247,1082,1856,False,,247,2200.1428571428573,98.42857142857143,1554.5714285714287,3532.6470588235293,159.8235294117647,2981.643882600177,135.41059564068354,1387.3529411764707,87.1764705882353,0.46529800181949144,0.6437935638047658,2908.996529651386,131.47732015174984,-1987.0,-55.0,-1538.0,-64.28571428571429,10.733333333333333,,True
1844505072,2016-04-30,4014,2.67000007629395,2.67000007629395,0.0,0.0,0.0,2.65000009536743,0.0,0,0,184,218,1763,False,12.033333333333331,184,2263.5714285714284,104.85714285714286,1571.4285714285713,3609.722222222222,164.66666666666666,2911.044098228343,132.96483391793308,404.2777777777778,19.333333333333343,0.1388772426652497,0.14540185264221195,2948.4168552599463,134.84859234394278,-906.0,-63.0,-1496.8571428571431,-56.71428571428572,10.733333333333333,1.299999999999999,True
1844505072,2016-05-01,2573,1.70000004768372,1.70000004768372,0.0,0.0,0.259999990463257,1.45000004768372,0.0,0,7,75,585,1541,False,9.833333333333334,82,2631.1428571428573,116.57142857142857,1599.142857142857,3631.0,165.68421052631578,2830.5462762905363,129.29469037460248,-1058.0,-83.68421052631578,-0.37377943914513273,-0.6472362448653014,2774.4429127647363,127.58769159922541,-1441.0,-102.0,-482.85714285714266,-15.142857142857153,11.383333333333333,-1.549999999999999,True
1844505072,2016-05-02,0,0.0,0.0,0.0,0.0,0.0,0.0,0.0,0,0,0,1440,1348,True,,0,2631.1428571428573,116.57142857142857,1599.2857142857142,3578.1,161.5,2765.1901600166,127.22979624534332,-3578.1,-161.5,-1.2939797235082524,-1.269356734795166,2774.4429127647363,127.58769159922541,-2573.0,-82.0,173.85714285714312,17.57142857142857,10.866666666666665,,False
1844505072,2016-05-03,4059,2.6800000667572,2.6800000667572,0.0,0.0,0.0,2.6800000667572,0.0,0,0,184,1256,1742,False,,184,3211.0,142.85714285714286,1655.7142857142858,3407.714285714286,153.8095238095238,2805.997133691643,128.91881904811999,651.2857142857142,30.190476190476204,0.23210491066922828,0.2341820703851258,2547.7906769068236,118.17561588786494,4059.0,184.0,781.8571428571427,45.28571428571429,10.866666666666665,,True
1844505072,2016-05-04,2080,1.37000000476837,1.37000000476837,0.0,0.0,0.0,1.37000000476837,0.0,0,0,87,1353,1549,False,,87,3507.5714285714284,155.14285714285714,1684.4285714285713,3437.318181818182,155.1818181818182,2741.8909947831125,125.97642877165794,-1357.318181818182,-68.18181818181819,-0.49502995702807573,-0.541226785878938,2210.8088155803102,104.66841066184294,-1979.0,-97.0,1079.0,57.57142857142857,10.866666666666665,,True
1844505072,2016-05-05,2237,1.48000001907349,1.48000001907349,0.0,0.0,0.0,1.48000001907349,0.0,0,0,120,1320,1589,False,,120,2840.4285714285716,129.14285714285714,1626.857142857143,3378.304347826087,152.2173913043478,2693.7596476905082,123.89840285188913,-1141.304347826087,-32.217391304347814,-0.4236845512111292,-0.2600307211613573,1646.6498167636055,82.32947744971338,157.0,33.0,575.7142857142858,34.57142857142857,10.866666666666665,,True
1844505072,2016-05-06,44,0.0299999993294477,0.0299999993294477,0.0,0.0,0.0,0.0299999993294477,0.0,0,0,2,1438,1351,False,,2,2143.8571428571427,94.14285714285714,1554.7142857142858,3330.75,150.875,2644.8292827293426,121.35335129103446,-3286.75,-148.875,-1.2427078073506193,-1.2267893485378305,1651.6480081594686,75.68449548713967,-2193.0,-118.0,-56.285714285714675,-4.285714285714292,10.866666666666665,,True
1844505072,2016-05-07,0,0.0,0.0,0.0,0.0,0.0,0.0,0.0,0,0,0,1440,1347,True,,0,1570.4285714285713,67.85714285714286,1495.2857142857142,3199.28,144.92,2671.2857472261057,122.47275887586866,-3199.28,-144.92,-1.1976554743813965,-1.1832835329822122,1589.7900130879812,71.08780620103704,-44.0,-2.0,-693.1428571428571,-37.0,10.866666666666665,,False
1844505072,2016-05-08,0,0.0,0.0,0.0,0.0,0.0,0.0,0.0,0,0,0,1440,1347,True,,0,1202.857142857143,56.142857142857146,1467.5714285714287,3076.230769230769,139.34615384615384,2691.469075545061,123.31810647514574,-3076.230769230769,-139.34615384615384,-1.1429560146310922,-1.1299731783042364,1616.5770863743164,75.01650612016132,0.0,0.0,-1428.2857142857144,-60.42857142857142,10.866666666666665,,False
1844505072,2016-05-09,0,0.0,0.0,0.0,0.0,0.0,0.0,0.0,0,0,0,1440,1347,True,,0,1202.857142857143,56.142857142857146,1467.4285714285713,2962.296296296296,134.1851851851852,2704.7881449074544,123.8612862585329,-2962.296296296296,-134.1851851851852,-1.0952045544781284,-1.0833504814551413,1616.5770863743164,75.01650612016132,0.0,0.0,-1428.2857142857144,-60.42857142857142,10.866666666666665,,False
1844505072,2016-05-10,0,0.0,0.0,0.0,0.0,0.0,0.0,0.0,0,0,0,1440,1347,True,,0,623.0,29.857142857142858,1411.0,2856.5,129.39285714285714,2712.622422565921,124.1630765433894,-2856.5,-129.39285714285714,-1.0530400306301908,-1.0421202478461455,1050.047776690819,51.206863379266565,0.0,0.0,-2588.0,-113.0,10.866666666666665,,False
1844505072,2016-05-11,0,0.0,0.0,0.0,0.0,0.0,0.0,0.0,0,0,0,1440,1347,True,,0,325.85714285714283,17.428571428571427,1382.142857142857,2758.0,124.93103448275862,2716.042801577324,124.27070998270634,-2758.0,-124.93103448275862,-1.0154479146583633,-1.0053135891380245,842.8943050725926,45.2358896705451,0.0,0.0,-3181.714285714286,-137.71428571428572,10.866666666666665,,False
1844505072,2016-05-12,0,0.0,0.0,0.0,0.0,0.0,0.0,0.0,0,0,0,711,665,True,,0,6.285714285714286,0.2857142857142857,1250.142857142857,2666.0666666666666,120.76666666666667,2715.8912290104868,124.22134952640354,-2666.0666666666666,-120.76666666666667,-0.9816544334348664,-0.9721892907692823,16.630436812399815,0.755928946029152,0.0,0.0,-2834.1428571428573,-128.85714285714286,10.866666666666665,,False
1927972279,2016-04-12,678,0.469999998807907,0.469999998807907,0.0,0.0,0.0,0.469999998807907,0.0,0,0,55,734,2220,False,12.5,55,,,,,,,,,,,,,,,,,,,,True
1927972279,2016-04-13,356,0.25,0.25,0.0,0.0,0.0,0.25,0.0,0,0,32,986,2151,False,6.633333333333334,32,,,,678.0,55.0,,,-322.0,-23.0,,,,,-322.0,-23.0,,,12.5,-5.866666666666666,True
1927972279,2016-04-14,2163,1.5,1.5,0.0,0.0,0.400000005960464,1.10000002384186,0.0,0,9,88,1292,2383,False,,97,1065.6666666666667,61.333333333333336,2251.3333333333335,517.0,43.5,227.6883835420683,16.263455967290593,1646.0,53.5,7.229178613175503,3.2895835189037808,963.8601212485831,32.95957119462165,1807.0,65.0,,,9.566666666666666,,True
1927972279,2016-04-15,980,0.680000007152557,0.680000007152557,0.0,0.0,0.0,0.680000007152557,0.0,0,0,51,941,2221,False,7.916666666666667,51,1044.25,58.75,2243.75,1065.6666666666667,61.333333333333336,963.8601212485831,32.95957119462165,-85.66666666666674,-10.333333333333336,-0.08887873321993603,-0.31351539614399276,788.1532740104132,27.40285873164818,-1183.0,-46.0,,,9.566666666666666,-1.6499999999999995,True
1927972279,2016-04-16,0,0.0,0.0,0.0,0.0,0.0,0.0,0.0,0,0,0,1440,2064,True,,0,835.4,47.0,2207.8,1044.25,58.75,788.1532740104132,27.40285873164818,-1044.25,-58.75,-1.3249326407813293,-2.143936821752523,827.0313174239534,35.40480193420096,-980.0,-51.0,,,9.016666666666667,,False
1927972279,2016-04-17,0,0.0,0.0,0.0,0.0,0.0,0.0,0.0,0,0,0,1440,2063,True,,0,696.1666666666666,39.166666666666664,2183.6666666666665,835.4,47.0,827.0313174239534,35.40480193420096,-835.4,-47.0,-1.0101189415559189,-1.3275035053110862,814.5551955924575,37.02656703863682,0.0,0.0,,,9.016666666666667,,False
1927972279,2016-04-18,244,0.170000001788139,0.170000001788139,0.0,0.0,0.0,0.170000001788139,0.0,0,0,17,1423,2111,False,,17,631.5714285714286,36.0,2173.285714285714,696.1666666666666,39.166666666666664,814.5551955924575,37.02656703863682,-452.16666666666663,-22.166666666666664,-0.5551086882242272,-0.5986692216123296,762.9709162527881,34.82336380458767,244.0,17.0,,,9.016666666666667,,True
1927972279,2016-04-19,0,0.0,0.0,0.0,0.0,0.0,0.0,0.0,0,0,0,1440,2063,True,,0,534.7142857142857,28.142857142857142,2150.8571428571427,631.5714285714286,36.0,762.9709162527881,34.82336380458767,-631.5714285714286,-36.0,-0.8277791646967532,-1.0337886703945771,798.3112831232594,36.00661314920067,-244.0,-17.0,,,9.016666666666667,,False
1927972279,2016-04-20,0,0.0,0.0,0.0,0.0,0.0,0.0,0.0,0,0,0,1440,2063,True,,0,483.85714285714283,23.571428571428573,2138.285714285714,552.625,31.5,740.8267461810102,34.661629670697415,-552.625,-31.5,-0.7459571378906682,-0.908785864671675,822.5651805118401,37.438203050080375,0.0,0.0,,,9.016666666666667,,False
1927972279,2016-04-21,0,0.0,0.0,0.0,0.0,0.0,0.0,0.0,0,0,0,1440,2064,True,,0,174.85714285714286,9.714285714285714,2092.714285714286,491.22222222222223,28.0,717.0452875826215,34.08078637590395,-491.22222222222223,-28.0,-0.6850644304395581,-0.8215772626132685,366.4948515197399,19.276188123470586,0.0,0.0,-890.8095238095239,-51.61904761904762,9.016666666666667,,False
1927972279,2016-04-22,149,0.100000001490116,0.100000001490116,0.0,0.0,0.0,0.100000001490116,0.0,0,0,10,1430,2093,False,,10,56.142857142857146,3.857142857142857,2074.4285714285716,442.1,25.2,693.65384418711,33.32933309330453,-293.1,-15.2,-0.4225450518780554,-0.4560547161682868,99.72700833012196,6.890296835129127,149.0,10.0,-988.1071428571429,-54.892857142857146,9.016666666666667,,True
1927972279,2016-04-23,2945,2.03999996185303,2.03999996185303,0.0,0.0,0.0,2.03999996185303,0.0,0,0,145,1295,2499,False,,145,476.85714285714283,24.571428571428573,2136.5714285714284,415.45454545454544,23.818181818181817,663.9652646993461,31.949391799588867,2529.5454545454545,121.18181818181819,3.809755698411598,3.792930242585943,1092.627784833644,53.52213605246942,2796.0,135.0,-358.54285714285714,-22.428571428571427,9.016666666666667,,True
1927972279,2016-04-24,2090,1.45000004768372,1.45000004768372,0.0,0.0700000002980232,0.239999994635582,1.13999998569489,0.0,1,6,75,1358,2324,False,,82,775.4285714285714,36.285714285714285,2173.8571428571427,626.25,33.916666666666664,966.4312161010454,46.38663274015152,1463.75,48.083333333333336,1.5145930451116185,1.036577338262707,1218.8680345772816,56.15666860285987,-855.0,-63.0,79.26190476190482,-2.8809523809523796,9.016666666666667,,True
1927972279,2016-04-25,152,0.109999999403954,0.109999999403954,0.0,0.0,0.0,0.109999999403954,0.0,0,0,12,1303,2100,False,,12,762.2857142857143,35.57142857142857,2172.285714285714,738.8461538461538,37.61538461538461,1010.4303411710152,46.37085733794891,-586.8461538461538,-25.615384615384613,-0.5807883328060532,-0.5524026410876578,1226.028373011233,56.47376129040559,-1938.0,-70.0,130.71428571428578,-0.4285714285714306,9.016666666666667,,True
1927972279,2016-04-26,3761,2.59999990463257,2.59999990463257,0.0,0.0,0.0,2.59999990463257,0.0,0,0,192,1058,2638,False,4.933333333333334,192,1299.5714285714287,63.0,2254.4285714285716,696.9285714285714,35.785714285714285,983.3781230874688,45.07460238559826,3064.0714285714284,156.21428571428572,3.115862915310172,3.4656829784596086,1602.5682364195766,78.60661549767933,3609.0,180.0,764.857142857143,34.85714285714286,9.016666666666667,-4.083333333333334,True
1927972279,2016-04-27,0,0.0,0.0,0.0,0.0,0.0,0.0,0.0,0,0,0,1440,2063,True,,0,1299.5714285714287,63.0,2254.4285714285716,901.2,46.2,1234.447661333371,59.274422332546976,-901.2,-46.2,-0.7300431014600802,-0.7794255498835374,1602.5682364195766,78.60661549767933,-3761.0,-192.0,815.7142857142858,39.42857142857143,7.995833333333334,,False
1927972279,2016-04-28,1675,1.1599999666214,1.1599999666214,0.0,0.0,0.0,1.1599999666214,0.0,0,0,95,1167,2351,False,2.7666666666666666,95,1538.857142857143,76.57142857142857,2295.4285714285716,844.875,43.3125,1213.6846309207897,58.41771278188378,830.125,51.6875,0.6839709247090289,0.8847915581391527,1497.8098932075713,73.98165795848125,1675.0,95.0,1364.0,66.85714285714286,7.995833333333334,-5.229166666666667,True
1927972279,2016-04-29,0,0.0,0.0,0.0,0.0,0.0,0.0,0.0,0,0,0,1440,2063,True,,0,1517.5714285714287,75.14285714285714,2291.1428571428573,893.7058823529412,46.35294117647059,1192.267470238216,57.93524529212614,-893.7058823529412,-46.35294117647059,-0.7495850586486209,-0.8000818869871676,1521.7212685139216,75.56107589543831,-1675.0,-95.0,1461.4285714285716,71.28571428571428,6.95,,False
1927972279,2016-04-30,0,0.0,0.0,0.0,0.0,0.0,0.0,0.0,0,0,0,1440,2064,True,,0,1096.857142857143,54.42857142857143,2229.0,844.0555555555555,43.77777777777778,1175.694161522421,57.257473753682106,-844.0555555555555,-43.77777777777778,-0.7179210227127916,-0.7645775152695242,1467.4399963395924,73.05216661823964,0.0,0.0,620.0,29.857142857142858,6.95,,False
1927972279,2016-05-01,2704,1.87000000476837,1.87000000476837,0.0,1.00999999046326,0.0299999993294477,0.829999983310699,0.0,14,1,70,1355,2411,False,,85,1184.5714285714287,54.857142857142854,2241.4285714285716,799.6315789473684,41.473684210526315,1158.8619518267967,56.54336430372379,1904.3684210526317,43.526315789473685,1.6433091244451772,0.7697864383499502,1552.5784850953437,73.24941085412352,2704.0,85.0,409.1428571428572,18.57142857142857,6.95,,True
1927972279,2016-05-02,3790,2.61999988555908,2.61999988555908,0.0,1.1599999666214,0.300000011920929,1.1599999666214,0.0,16,8,94,1322,2505,False,,118,1704.2857142857142,70.0,2299.285714285714,894.85,43.65,1205.6574216671388,55.889246682495575,2895.15,74.35,2.401304006900558,1.3303095511748373,1746.1545096092073,73.86699759251984,1086.0,33.0,941.9999999999999,34.42857142857143,6.95,,True
1927972279,2016-05-03,1326,0.920000016689301,0.920000016689301,0.0,0.730000019073486,0.0,0.180000007152557,0.0,10,0,17,1413,2195,False,,27,1356.4285714285713,46.42857142857143,2236.0,1032.7142857142858,47.19047619047619,1334.1915583175132,56.8389118893202,293.2857142857142,-20.19047619047619,0.21982279248996325,-0.35522277193781265,1492.2202537542123,51.338280528461866,-2464.0,-91.0,56.85714285714266,-16.57142857142857,6.95,,True
1927972279,2016-05-04,1786,1.24000000953674,1.24000000953674,0.0,0.0,0.0,1.24000000953674,0.0,0,0,87,1353,2338,False,,87,1611.5714285714287,58.857142857142854,2275.285714285714,1046.0454545454545,46.27272727272727,1303.5382061828318,55.6358755602053,739.9545454545455,40.72727272727273,0.5676508301614828,0.7320325524699964,1369.2623144285706,48.68753629499227,460.0,60.0,312.0,-4.142857142857146,6.95,,True
1927972279,2016-05-05,0,0.0,0.0,0.0,0.0,0.0,0.0,0.0,0,0,0,1440,2063,True,,0,1372.2857142857142,45.285714285714285,2234.1428571428573,1078.2173913043478,48.04347826086956,1282.8798553723407,55.016095381153164,-1078.2173913043478,-48.04347826086956,-0.8404663819052186,-0.8732622163525181,1496.7526754372518,50.15214945780584,-1786.0,-87.0,-166.57142857142867,-31.285714285714285,6.95,,False
1927972279,2016-05-06,2091,1.45000004768372,1.45000004768372,0.0,0.0,0.0,1.45000004768372,0.0,0,0,108,1332,2383,False,,108,1671.0,60.714285714285715,2279.8571428571427,1033.2916666666667,46.041666666666664,1273.838583698437,54.693198978417364,1057.7083333333333,61.958333333333336,0.8303315239769804,1.132834307697902,1381.4474293291078,50.509782173734365,2091.0,108.0,153.42857142857133,-14.428571428571423,6.95,,True
1927972279,2016-05-07,1510,1.03999996185303,1.03999996185303,0.0,0.0,0.0,1.03999996185303,0.0,0,0,48,1392,2229,False,,48,1886.7142857142858,67.57142857142857,2303.4285714285716,1075.6,48.52,1264.8334211797746,54.95689219743053,434.4000000000001,-0.5200000000000031,0.3434444349607465,-0.009461961361824497,1180.277751814619,43.691559607690586,-581.0,-60.0,789.8571428571429,13.142857142857139,6.95,,True
1927972279,2016-05-08,0,0.0,0.0,0.0,0.0,0.0,0.0,0.0,0,0,0,1440,2063,True,,0,1500.4285714285713,55.42857142857143,2253.714285714286,1092.3076923076924,48.5,1242.2033897629087,53.8466340637927,-1092.3076923076924,-48.5,-0.8793307927108805,-0.9007062361936177,1304.1952636450899,49.47004865861478,-1510.0,-48.0,315.85714285714266,0.5714285714285765,6.95,,False
1927972279,2016-05-09,0,0.0,0.0,0.0,0.0,0.0,0.0,0.0,0,0,0,1440,2063,True,,0,959.0,38.57142857142857,2190.5714285714284,1051.851851851852,46.7037037037037,1236.0868373685034,53.619610946580714,-1051.851851851852,-46.7037037037037,-0.8509530392218874,-0.8710190545622173,927.6031838381467,44.444186507188036,0.0,0.0,-745.2857142857142,-31.42857142857143,6.95,,False
1927972279,2016-05-10,0,0.0,0.0,0.0,0.0,0.0,0.0,0.0,0,0,0,1440,2063,True,,0,769.5714285714286,34.714285714285715,2171.714285714286,1014.2857142857143,45.035714285714285,1229.1604438906243,53.35241474132318,-1014.2857142857143,-45.035714285714285,-0.8251857749750233,-0.8441176216662418,974.3797783107736,46.72870026623285,0.0,0.0,-586.8571428571428,-11.714285714285715,6.95,,False
1927972279,2016-05-11,0,0.0,0.0,0.0,0.0,0.0,0.0,0.0,0,0,0,1440,2063,True,,0,514.4285714285714,22.285714285714285,2132.4285714285716,979.3103448275862,43.48275862068966,1221.618601442022,53.05429879557033,-979.3103448275862,-43.48275862068966,-0.8016498298813881,-0.8195897182365636,894.4200834698904,41.815923146230205,0.0,0.0,-1097.1428571428573,-36.57142857142857,6.95,,False
1927972279,2016-05-12,0,0.0,0.0,0.0,0.0,0.0,0.0,0.0,0,0,0,966,1383,True,,0,514.4285714285714,22.285714285714285,2035.2857142857142,946.6666666666666,42.03333333333333,1213.6143889462876,52.732560989446995,-946.6666666666666,-42.03333333333333,-0.7800390919133419,-0.7971039476850219,894.4200834698904,41.815923146230205,0.0,0.0,-857.8571428571428,-23.0,6.95,,False
2022484408,2016-04-12,11875,8.34000015258789,8.34000015258789,0.0,3.30999994277954,0.769999980926514,4.26000022888184,0.0,42,14,227,1157,2390,False,,283,,,,,,,,,,,,,,,,,,,,True
2022484408,2016-04-13,12024,8.5,8.5,0.0,2.99000000953674,0.100000001490116,5.40999984741211,0.0,43,5,292,1100,2601,False,,340,,,,11875.0,283.0,,,149.0,57.0,,,,,149.0,57.0,,,,,True
2022484408,2016-04-14,10690,7.5,7.5,0.0,2.48000001907349,0.209999993443489,4.82000017166138,0.0,32,3,257,1148,2312,False,,292,11529.666666666666,305.0,2434.3333333333335,11949.5,311.5,105.35891039679558,40.30508652763321,-1259.5,-19.5,-11.954375603374988,-0.48380989091341836,730.9790238668501,30.643106892089126,-1334.0,-48.0,,,,,True
2022484408,2016-04-15,11034,8.02999973297119,8.02999973297119,0.0,1.94000005722046,0.310000002384186,5.78000020980835,0.0,27,9,282,1122,2525,False,,318,11405.75,308.25,2457.0,11529.666666666666,305.0,730.9790238668501,30.643106892089126,-495.66666666666606,13.0,-0.6780860323002471,0.4242389527126294,646.2519503516667,25.85053190942113,344.0,26.0,,,,,True
2022484408,2016-04-16,10100,7.09000015258789,7.09000015258789,0.0,3.15000009536743,0.550000011920929,3.39000010490417,0.0,41,11,151,1237,2177,False,,203,11144.6,287.2,2401.0,11405.75,308.25,646.2519503516667,25.85053190942113,-1305.75,-105.25,-2.0204968004645276,-4.071482795685115,808.8434953685415,52.12197233413179,-934.0,-115.0,,,,,True
2022484408,2016-04-17,15112,11.3999996185303,11.3999996185303,0.0,3.86999988555908,0.660000026226044,6.88000011444092,0.0,28,29,331,1052,2782,False,,388,11805.833333333334,304.0,2464.5,11144.6,287.2,808.8434953685415,52.12197233413179,3967.3999999999996,100.80000000000001,4.905028003331182,1.933925244038903,1773.910754989288,62.18359912388475,5012.0,185.0,,,,,True
2022484408,2016-04-18,14131,10.0699996948242,10.0699996948242,0.0,3.64000010490417,0.119999997317791,6.30000019073486,0.0,48,3,311,1078,2770,False,,362,12138.0,312.2857142857143,2508.1428571428573,11805.833333333334,304.0,1773.910754989288,62.18359912388475,2325.166666666666,58.0,1.3107574091966927,0.9327218090372702,1842.455517328256,60.851497614313175,-981.0,-26.0,,,,,True
2022484408,2016-04-19,11548,8.52999973297119,8.52999973297119,0.0,3.28999996185303,0.239999994635582,5.0,0.0,31,7,250,1152,2489,False,,288,12091.285714285714,313.0,2522.285714285714,12138.0,312.2857142857143,1842.455517328256,60.851497614313175,-590.0,-24.285714285714278,-0.32022482721066386,-0.3990980475212474,1854.3421757490994,60.4786463693316,-2583.0,-74.0,,,,,True
2022484408,2016-04-20,15112,10.6700000762939,10.6700000762939,0.0,3.33999991416931,1.92999994754791,5.40000009536743,0.0,48,63,276,1053,2897,False,,387,12532.42857142857,319.7142857142857,2564.5714285714284,12064.25,309.25,1718.48943219661,56.98809399464819,3047.75,77.75,1.77350523146994,1.3643200392520856,2175.2182922749653,66.30413331941001,3564.0,99.0,,,,,True
2022484408,2016-04-21,12453,8.73999977111816,8.73999977111816,0.0,3.32999992370605,1.11000001430511,4.30999994277954,0.0,104,53,255,1028,3158,False,,412,12784.285714285714,336.85714285714283,2685.4285714285716,12402.888888888889,317.8888888888889,1901.6155923611666,59.273612266430256,50.11111111111131,94.11111111111109,0.026351861693844396,1.5877404113713973,2023.0830197403914,73.10820421682868,-2659.0,25.0,1254.6190476190477,31.857142857142833,,,True
2022484408,2016-04-22,12954,9.32999992370605,9.32999992370605,0.0,4.42999982833862,0.419999986886978,4.46999979019165,0.0,52,10,273,1105,2638,False,,335,13058.57142857143,339.2857142857143,2701.5714285714284,12407.9,327.3,1792.9304039290907,63.31411989262566,546.1000000000004,7.699999999999989,0.3045851632047024,0.12161584005973027,1870.644439504102,72.65836562460031,501.0,-77.0,1652.8214285714294,31.035714285714278,,,True
2022484408,2016-04-23,6001,4.21000003814697,4.21000003814697,0.0,0.0,0.0,4.21000003814697,0.0,0,0,249,1191,2069,False,,249,12473.0,345.85714285714283,2686.1428571428573,12457.545454545454,328.0,1708.8741535663976,60.10989935110522,-6456.545454545454,-79.0,-3.778245131329586,-1.314259373889437,3153.087798756429,59.09153512821892,-6953.0,-86.0,1328.3999999999996,58.657142857142844,,,True
2022484408,2016-04-24,13481,10.2799997329712,10.2799997329712,0.0,4.55000019073486,1.14999997615814,4.57999992370605,0.0,37,26,216,1161,2529,False,,279,12240.0,330.2857142857143,2650.0,11919.5,321.4166666666667,2475.6188023493146,61.683146856014126,1561.5,-42.416666666666686,0.6307513894657025,-0.6876540536757164,2981.1489954937397,60.48061476129989,7480.0,30.0,434.16666666666606,26.285714285714278,,,True
2022484408,2016-04-25,11369,8.01000022888184,8.01000022888184,0.0,3.32999992370605,0.219999998807907,4.46000003814697,0.0,44,8,217,1171,2470,False,,269,11845.42857142857,317.0,2607.1428571428573,12039.615384615385,318.15384615384613,2409.465623274918,60.217447850610746,-670.6153846153848,-49.15384615384613,-0.27832535889246957,-0.8162724773643013,2869.856259881486,62.53265813423683,-2112.0,-10.0,-292.57142857142935,4.714285714285722,,,True
2022484408,2016-04-26,10119,7.19000005722046,7.19000005722046,0.0,1.42999994754791,0.660000026226044,5.1100001335144,0.0,55,24,275,1086,2793,False,,354,11641.285714285714,326.42857142857144,2650.5714285714284,11991.714285714286,314.64285714285717,2321.867564916438,59.327781976791556,-1872.7142857142862,39.35714285714283,-0.8065551684362018,0.6633846889667016,2944.396413205131,62.4068830147689,-1250.0,85.0,-450.0,13.428571428571445,,,True
2022484408,2016-04-27,10159,7.13000011444092,7.13000011444092,0.0,1.03999996185303,0.970000028610229,5.11999988555908,0.0,19,20,282,1119,2463,False,,321,10933.714285714286,317.0,2588.5714285714284,11866.866666666667,317.26666666666665,2289.0601897680526,58.065808314688034,-1707.8666666666668,3.7333333333333485,-0.7460995012514823,0.06429486435124884,2538.488179624882,56.42989751305008,40.0,-33.0,-1598.7142857142844,-2.7142857142857224,,,True
2022484408,2016-04-28,10140,7.11999988555908,7.11999988555908,0.0,0.409999996423721,1.33000004291534,5.3899998664856,0.0,6,20,291,1123,2296,False,,317,10603.285714285714,303.42857142857144,2465.4285714285716,11760.125,317.5,2252.2826902204497,56.10466409607433,-1620.125,-0.5,-0.7193257783826856,-0.008911914885220218,2456.996995947543,38.27905059279442,-19.0,-4.0,-2181.0,-33.42857142857139,,,True
2022484408,2016-04-29,10245,7.19000005722046,7.19000005722046,0.0,0.479999989271164,1.21000003814697,5.5,0.0,21,40,281,1098,2611,False,,342,10216.285714285714,304.42857142857144,2461.5714285714284,11664.823529411764,317.47058823529414,2215.8810955039453,54.32324277767623,-1419.823529411764,24.529411764705856,-0.6407489696319254,0.45154541700593465,2227.6719323309826,39.31860095365019,105.0,25.0,-2842.2857142857156,-34.85714285714283,,,True
2022484408,2016-04-30,18387,12.9099998474121,12.9099998474121,0.0,0.939999997615814,1.39999997615814,10.5699996948242,0.0,13,23,361,1043,2732,False,,397,11985.714285714286,325.57142857142856,2556.285714285714,11585.944444444445,318.8333333333333,2175.613083902943,53.01747769534561,6801.055555555555,78.16666666666669,3.126040931978932,1.4743565441094602,3078.1739562217563,44.05245790667133,8142.0,55.0,-487.28571428571377,-20.285714285714278,,,True
2022484408,2016-05-01,10538,7.40000009536743,7.40000009536743,0.0,1.94000005722046,0.959999978542328,4.5,0.0,25,28,245,1142,2380,False,,298,11565.285714285714,328.2857142857143,2535.0,11943.894736842105,322.94736842105266,2627.6931770563583,54.555245887092916,-1405.894736842105,-24.94736842105266,-0.5350300212302609,-0.45728632614720865,3040.6579723411683,41.19754962662339,-7849.0,-99.0,-674.7142857142862,-2.0,,,True
2022484408,2016-05-02,10379,7.28999996185303,7.28999996185303,0.0,2.60999989509583,0.340000003576279,4.32999992370605,0.0,36,8,277,1119,2473,False,,321,11423.857142857143,335.7142857142857,2535.4285714285716,11873.6,321.7,2576.856497852823,53.39239054791471,-1494.6000000000004,-0.6999999999999886,-0.5800090151179833,-0.013110482218647272,3074.148577442294,32.49468821061012,-159.0,23.0,-421.57142857142753,18.714285714285722,,,True
2022484408,2016-05-03,12183,8.73999977111816,8.73999977111816,0.0,3.99000000953674,0.46000000834465,4.28000020980835,0.0,72,14,250,1104,2752,False,,336,11718.714285714286,333.14285714285717,2529.5714285714284,11802.42857142857,321.6666666666667,2532.6967361180173,52.04068920886168,380.57142857142935,14.333333333333314,0.15026332327670847,0.27542550407781835,3026.7528648308744,31.50359012043219,1804.0,15.0,77.42857142857247,6.714285714285722,,,True
2022484408,2016-05-04,11768,8.28999996185303,8.28999996185303,0.0,2.50999999046326,0.930000007152557,4.84999990463257,0.0,36,27,272,1105,2649,False,,335,11948.57142857143,335.14285714285717,2556.1428571428573,11819.727272727272,322.3181818181818,2472.9903468091534,50.87836696581588,-51.727272727272066,12.681818181818187,-0.020916892285122654,0.24925756640501595,2948.6516046685274,31.045281828476387,-415.0,-1.0,1014.8571428571431,18.142857142857167,,,True
2022484408,2016-05-05,11895,8.35000038146973,8.35000038146973,0.0,2.78999996185303,0.860000014305115,4.69999980926514,0.0,55,20,253,1112,2609,False,,328,12199.285714285714,336.7142857142857,2600.8571428571427,11817.478260869566,322.8695652173913,2416.1564682469107,49.77887864238487,77.52173913043407,5.130434782608688,0.03208473462589811,0.10306448878452286,2841.9246245156755,30.241882027602564,127.0,-7.0,1596.0,33.28571428571428,,,True
2022484408,2016-05-06,10227,7.17999982833862,7.17999982833862,0.0,1.87000000476837,0.670000016689301,4.6399998664856,0.0,24,17,295,1104,2498,False,,336,12196.714285714286,335.85714285714283,2584.714285714286,11820.708333333334,323.0833333333333,2363.100624900641,48.695965966897866,-1593.708333333334,12.916666666666686,-0.6744140794791289,0.2652512614740163,2843.9950020048495,30.151995906454676,-1668.0,8.0,1980.4285714285725,31.428571428571388,,,True
2022484408,2016-05-07,6708,4.71000003814697,4.71000003814697,0.0,1.61000001430511,0.0799999982118607,3.01999998092651,0.0,20,2,149,1269,1995,False,,171,10528.285714285714,303.57142857142856,2479.4285714285716,11756.96,323.6,2335.201052729008,47.74061862467501,-5048.959999999999,-152.60000000000002,-2.1621093361265302,-3.196439451345702,1864.1626998276163,59.99682531283671,-3519.0,-165.0,-1457.4285714285725,-22.0,,,True
2022484408,2016-05-08,3292,2.30999994277954,2.30999994277954,0.0,0.0,0.0,2.30999994277954,0.0,0,0,135,1305,1848,False,,135,9493.142857142857,280.2857142857143,2403.4285714285716,11562.76923076923,317.7307692307692,2493.090215899815,55.530573699401074,-8270.76923076923,-182.73076923076923,-3.3174769106647184,-3.2906334973108082,3309.4235866976155,87.73770433459467,-3416.0,-36.0,-2072.142857142857,-48.0,,,True
2022484408,2016-05-09,13379,9.39000034332275,9.39000034332275,0.0,2.11999988555908,1.62999999523163,5.6399998664856,0.0,35,47,297,1061,2709,False,,379,9921.714285714286,288.57142857142856,2437.1428571428573,11256.444444444445,310.962962962963,2917.1874802404795,64.82074779520322,2122.5555555555547,68.03703703703701,0.7276034088330098,1.049618190187766,3622.6862829621246,94.68695289013708,10087.0,244.0,-1502.1428571428569,-47.14285714285717,,,True
2022484408,2016-05-10,12798,8.97999954223633,8.97999954223633,0.0,2.22000002861023,1.21000003814697,5.55999994277954,0.0,57,28,271,1084,2797,False,,356,10009.57142857143,291.42857142857144,2443.5714285714284,11332.25,313.39285714285717,2890.622727026134,64.89555100068523,1465.75,42.60714285714283,0.5070706688177498,0.6565495098445722,3693.4335812422087,96.63825526649565,-581.0,-23.0,-1709.1428571428569,-41.71428571428572,,,True
2022484408,2016-05-11,13272,9.31999969482422,9.31999969482422,0.0,4.17999982833862,1.14999997615814,3.99000000953674,0.0,58,25,224,1133,2544,False,,307,10224.42857142857,287.42857142857144,2428.5714285714284,11382.793103448275,314.86206896551727,2851.554918928448,64.21544325712748,1889.2068965517246,-7.862068965517267,0.66251815223644,-0.12243268043177372,3853.070933560352,95.10144959087482,474.0,-49.0,-1724.1428571428587,-47.71428571428572,,,True
2022484408,2016-05-12,9117,6.40999984741211,6.40999984741211,0.0,1.27999997138977,0.670000016689301,4.44000005722046,0.0,16,16,236,728,1853,False,,268,9827.57142857143,278.85714285714283,2320.5714285714284,11445.766666666666,314.6,2823.108859632114,63.114892499095745,-2328.7666666666664,-46.60000000000002,-0.8248943918320029,-0.7383360315844891,3794.953967974796,93.52616135147879,-4155.0,-39.0,-2371.7142857142844,-57.85714285714289,,,True
2026352035,2016-04-12,4414,2.74000000953674,2.74000000953674,0.0,0.189999997615814,0.349999994039536,2.20000004768372,0.0,3,8,181,706,1459,False,8.383333333333333,192,,,,,,,,,,,,,,,,,,,,True
2026352035,2016-04-13,4993,3.09999990463257,3.09999990463257,0.0,0.0,0.0,3.09999990463257,0.0,0,0,238,663,1521,False,8.85,238,,,,4414.0,192.0,,,579.0,46.0,,,,,579.0,46.0,,,8.383333333333333,0.4666666666666668,True
2026352035,2016-04-14,3335,2.0699999332428,2.0699999332428,0.0,0.0,0.0,2.04999995231628,0.0,0,0,197,653,1431,False,9.083333333333334,197,4247.333333333333,209.0,1470.3333333333333,4703.5,215.0,409.414826307011,32.526911934581186,-1368.5,-18.0,-3.3425755706052933,-0.5533878986979791,841.4715285339921,25.238858928247925,-1658.0,-41.0,,,8.616666666666667,0.4666666666666668,True
2026352035,2016-04-15,3821,2.36999988555908,2.36999988555908,0.0,0.0,0.0,2.36999988555908,0.0,0,0,188,687,1444,False,8.716666666666667,188,4140.75,203.75,1463.75,4247.333333333333,209.0,841.4715285339921,25.238858928247925,-426.33333333333303,-21.0,-0.5066521187822444,-0.832050261370812,719.3674883766524,23.128265535198842,486.0,-9.0,,,8.772222222222222,-0.05555555555555536,True
2026352035,2016-04-16,2547,1.58000004291534,1.58000004291534,0.0,0.0,0.0,1.58000004291534,0.0,0,0,150,728,1373,False,8.733333333333333,150,3822.0,193.0,1445.6,4140.75,203.75,719.3674883766524,23.128265535198842,-1593.75,-53.75,-2.215487943972863,-2.323996046923708,946.6387906693872,31.28897569432403,-1274.0,-38.0,,,8.758333333333333,-0.025000000000000355,True
2026352035,2016-04-17,838,0.519999980926514,0.519999980926514,0.0,0.0,0.0,0.519999980926514,0.0,0,0,60,1053,1214,False,7.283333333333333,60,3324.6666666666665,170.83333333333334,1407.0,3822.0,193.0,946.6387906693872,31.28897569432403,-2984.0,-133.0,-3.15220549406997,-4.2506982986160375,1483.5574362547163,61.084913576648916,-1709.0,-90.0,,,8.753333333333334,-1.4700000000000006,True
2026352035,2016-04-18,3325,2.05999994277954,2.05999994277954,0.0,0.0,0.0,2.05999994277954,0.0,0,0,182,1062,1419,False,,182,3324.714285714286,172.42857142857142,1408.7142857142858,3324.6666666666665,170.83333333333334,1483.5574362547163,61.084913576648916,0.3333333333334849,11.166666666666657,0.00022468515539938202,0.18280563612239817,1354.2964611789785,55.92213975060069,2487.0,122.0,,,8.508333333333333,,True
2026352035,2016-04-19,2424,1.5,1.5,0.0,0.0,0.0,1.5,0.0,0,0,141,785,1356,False,8.3,141,3040.4285714285716,165.14285714285714,1394.0,3324.714285714286,172.42857142857142,1354.2964611789785,55.92213975060069,-900.7142857142858,-31.428571428571416,-0.66507910997943,-0.562005871140293,1295.1015220363815,56.26848902487837,-901.0,-41.0,,,8.508333333333333,-0.20833333333333215,True
2026352035,2016-04-20,7222,4.48000001907349,4.48000001907349,0.0,0.0,0.0,4.48000001907349,0.0,0,0,327,623,1667,False,7.683333333333334,327,3358.8571428571427,177.85714285714286,1414.857142857143,3212.125,168.5,1293.6431874472075,52.952809179494906,4009.875,158.5,3.0996761980505254,2.9932311328280834,1959.0369597135755,80.36879280630546,4798.0,186.0,,,8.47857142857143,-0.795238095238096,True
2026352035,2016-04-21,2467,1.52999997138977,1.52999997138977,0.0,0.0,0.0,1.52999997138977,0.0,0,0,153,749,1370,False,7.95,153,3234.8571428571427,171.57142857142858,1406.142857142857,3657.6666666666665,186.11111111111111,1803.0224624224736,72.4214133465449,-1190.6666666666665,-33.111111111111114,-0.6603726192110544,-0.4572005588384479,1988.0544449764136,80.34271828207197,-4755.0,-174.0,-1012.4761904761904,-37.428571428571416,8.379166666666666,-0.42916666666666625,True
2026352035,2016-04-22,2915,1.80999994277954,1.80999994277954,0.0,0.0,0.0,1.80999994277954,0.0,0,0,162,712,1399,False,8.666666666666666,162,3105.4285714285716,167.85714285714286,1399.7142857142858,3538.6,182.8,1741.1056002181806,69.07773399101431,-623.5999999999999,-20.80000000000001,-0.3581632266093983,-0.30111004656863305,1972.9692392552954,80.05712246354385,448.0,9.0,-1035.3214285714284,-35.89285714285714,8.331481481481482,0.3351851851851837,True
2026352035,2016-04-23,12357,7.71000003814697,7.71000003814697,0.0,0.0,0.0,7.71000003814697,0.0,0,0,432,458,1916,False,8.7,432,4506.857142857143,208.14285714285714,1477.2857142857142,3481.909090909091,180.9090909090909,1662.424822633821,65.83229381611208,8875.090909090908,251.0909090909091,5.338641954161415,3.8140992926386033,3976.752503763652,126.85086857070729,9442.0,270.0,684.8571428571431,15.142857142857139,8.365,0.3349999999999991,True
2026352035,2016-04-24,3490,2.16000008583069,2.16000008583069,0.0,0.0,0.0,2.16000008583069,0.0,0,0,164,704,1401,False,9.25,164,4885.714285714285,223.0,1504.0,4221.5,201.83333333333334,3012.6983525796873,95.8842420775587,-731.5,-37.83333333333334,-0.24280558959075074,-0.394572998847483,3684.565090314175,111.80638025920821,-8867.0,-268.0,1561.0476190476188,52.16666666666666,8.395454545454545,0.8545454545454554,True
2026352035,2016-04-25,6017,3.73000001907349,3.73000001907349,0.0,0.0,0.0,3.73000001907349,0.0,0,0,260,821,1576,False,8.433333333333334,260,5270.285714285715,234.14285714285714,1526.4285714285713,4165.2307692307695,198.92307692307693,2891.56526682482,92.39991119986853,1851.7692307692305,61.076923076923066,0.6404037465017084,0.6610062891056511,3634.6671426824273,110.92253839418534,2527.0,96.0,1945.571428571429,61.71428571428572,8.466666666666667,-0.033333333333333215,True
2026352035,2016-04-26,5933,3.6800000667572,3.6800000667572,0.0,0.0,0.0,3.6800000667572,0.0,0,0,288,1018,1595,False,,288,5771.571428571428,255.14285714285714,1560.5714285714287,4297.5,203.28571428571428,2821.863997976678,90.26322922126457,1635.5,84.71428571428572,0.57958143999608,0.9385248623013317,3411.8340061782446,104.05195588651623,-84.0,28.0,2731.142857142857,90.0,8.464102564102564,,True
2026352035,2016-04-27,6088,3.76999998092651,3.76999998092651,0.0,0.0,0.0,3.76999998092651,0.0,0,0,286,586,1593,False,8.466666666666667,286,5609.571428571428,249.28571428571428,1550.0,4406.533333333334,208.93333333333334,2751.810439553948,89.6879245468631,1681.4666666666662,77.06666666666666,0.6110401508354557,0.8592758300156952,3357.9841104022944,100.42362651241368,155.0,-2.0,2250.714285714286,71.42857142857142,8.464102564102564,0.002564102564102555,True
2026352035,2016-04-28,6375,3.95000004768372,3.95000004768372,0.0,0.0,0.0,3.95000004768372,0.0,0,0,331,626,1649,False,8.55,331,6167.857142857143,274.7142857142857,1589.857142857143,4511.625,213.75,2691.5308128770635,88.76298027143223,1863.375,117.25,0.6923104838305263,1.3209335504567616,3060.0841180470534,94.33047278180094,287.0,45.0,2933.0000000000005,103.14285714285714,8.464285714285714,0.08571428571428719,True
2026352035,2016-04-29,7604,4.71000003814697,4.71000003814697,0.0,0.0,0.0,4.71000003814697,0.0,0,0,352,492,1692,False,8.166666666666666,352,6837.714285714285,301.85714285714283,1631.7142857142858,4621.235294117647,220.64705882352942,2644.9597475531586,90.526889083072,2982.764705882353,131.35294117647058,1.1277164832145292,1.4509825871178668,2724.125407923659,83.16735852369916,1229.0,21.0,3732.2857142857138,133.99999999999997,8.47,-0.30333333333333456,True
2026352035,2016-04-30,4729,2.9300000667572,2.9300000667572,0.0,0.0,0.0,2.9300000667572,0.0,0,0,233,594,1506,False,9.55,233,5748.0,273.42857142857144,1573.142857142857,4786.944444444444,227.94444444444446,2660.557293947846,93.12134539041121,-57.94444444444434,5.055555555555543,-0.02177906281307135,0.054289974871713394,1303.6471915361165,62.779660036397985,-2875.0,-119.0,1241.1428571428569,65.2857142857143,8.451041666666667,1.098958333333334,True
2026352035,2016-05-01,3609,2.27999997138977,2.27999997138977,0.0,0.0,0.0,2.27999997138977,0.0,0,0,191,716,1447,False,8.783333333333333,191,5765.0,277.2857142857143,1579.7142857142858,4783.894736842105,228.21052631578948,2585.631104880647,90.50511277600006,-1174.894736842105,-37.21052631578948,-0.45439379738663244,-0.4111428046804675,1269.6265855229524,55.32243151354992,-1120.0,-42.0,879.2857142857147,54.28571428571428,8.515686274509804,0.26764705882352935,True
2026352035,2016-05-02,7018,4.34999990463257,4.34999990463257,0.0,0.0,0.0,4.34999990463257,0.0,0,0,355,716,1690,False,8.516666666666667,355,5908.0,290.85714285714283,1596.0,4725.15,226.35,2530.343710270457,88.48328715222529,2292.8500000000004,128.65,0.9061417189243379,1.4539468716247586,1356.1632153493438,61.664221315736924,3409.0,164.0,637.7142857142853,56.714285714285694,8.530555555555557,-0.013888888888889284,True
2026352035,2016-05-03,5992,3.72000002861023,3.72000002861023,0.0,0.0,0.0,3.72000002861023,0.0,0,0,304,981,1604,False,,304,5916.428571428572,293.14285714285717,1597.2857142857142,4834.333333333333,232.47619047619048,2516.5151168497546,90.6970887336628,1157.666666666667,71.52380952380952,0.4600277019817149,0.7886009323324848,1356.5277804186774,61.83695920571707,-1026.0,-51.0,144.85714285714312,38.00000000000003,8.529824561403508,,True
2026352035,2016-05-04,6564,4.07000017166138,4.07000017166138,0.0,0.0,0.0,4.07000017166138,0.0,0,0,345,530,1658,False,8.966666666666667,345,5984.428571428572,301.57142857142856,1606.5714285714287,4886.954545454545,235.72727272727272,2468.2386331585626,89.815250491101,1677.045454545455,109.27272727272728,0.6794502895045924,1.216638883247509,1378.31719343346,64.65770679214536,572.0,41.0,374.8571428571431,52.28571428571428,8.529824561403508,0.4368421052631586,True
2026352035,2016-05-05,12167,7.53999996185303,7.53999996185303,0.0,0.0,0.0,7.53999996185303,0.0,0,0,475,479,1926,False,7.8,475,6811.857142857143,322.14285714285717,1646.142857142857,4959.869565217391,240.47826086956522,2436.7120228318813,90.6601393643602,7207.130434782609,234.52173913043478,2.957727611754855,2.586823031465641,2728.788707379854,92.49581715124303,5603.0,130.0,644.0,47.428571428571445,8.551666666666666,-0.751666666666666,True
2026352035,2016-05-06,8198,5.07999992370605,5.07999992370605,0.0,0.0,0.0,5.07999992370605,0.0,0,0,383,511,1736,False,8.733333333333333,383,6896.714285714285,326.57142857142856,1652.4285714285713,5260.166666666667,250.25,2800.659001124505,100.76500859188043,2937.833333333333,132.75,1.0489793049081562,1.3174215984066844,2766.502708853769,94.87510587232939,-3969.0,-92.0,59.0,24.714285714285722,8.515873015873016,0.2174603174603167,True
2026352035,2016-05-07,4193,2.59999990463257,2.59999990463257,0.0,0.0,0.0,2.59999990463257,0.0,0,0,229,665,1491,False,8.516666666666667,229,6820.142857142857,326.0,1650.2857142857142,5377.68,255.56,2803.944538800057,102.1539198138443,-1184.6800000000003,-26.560000000000002,-0.4225047903709526,-0.2599998099769509,2842.864367064284,95.54231174371556,-4005.0,-154.0,1072.1428571428569,52.571428571428555,8.525757575757575,-0.009090909090907928,True
2026352035,2016-05-08,5528,3.45000004768372,3.45000004768372,0.0,0.0,0.0,3.45000004768372,0.0,0,0,258,610,1555,False,9.016666666666667,258,7094.285714285715,335.57142857142856,1665.7142857142858,5332.115384615385,254.53846153846155,2757.099973913504,100.22543819579168,195.88461538461524,3.461538461538453,0.07104733856840303,0.03453752350015941,2560.057988554538,82.18648944698297,1335.0,29.0,1329.2857142857147,58.28571428571428,8.52536231884058,0.49130434782608745,True
2026352035,2016-05-09,10685,6.61999988555908,6.61999988555908,0.0,0.0,0.0,6.59999990463257,0.0,0,0,401,543,1869,False,8.85,401,7618.142857142857,342.14285714285717,1691.2857142857142,5339.37037037037,254.66666666666666,2703.821770243402,98.28138567007879,5345.62962962963,146.33333333333334,1.9770643488721313,1.4889221478382304,2895.105261677109,85.76018612275466,5157.0,143.0,1710.1428571428569,51.285714285714334,8.545833333333333,0.30416666666666714,True
2026352035,2016-05-10,254,0.159999996423721,0.159999996423721,0.0,0.0,0.0,0.159999996423721,0.0,0,0,17,1002,1141,False,5.95,17,6798.428571428572,301.14285714285717,1625.142857142857,5530.285714285715,259.89285714285717,2839.0931632156753,100.33068999312898,-5276.285714285715,-242.89285714285717,-1.8584404981100138,-2.420922797785688,4024.3538966788556,150.89999842216537,-10431.0,-384.0,882.0,8.0,8.558,-2.6079999999999997,True
2026352035,2016-05-11,8580,5.32000017166138,5.32000017166138,0.0,0.0,0.0,5.32000017166138,0.0,0,0,330,569,1698,False,8.716666666666667,330,7086.428571428572,299.0,1630.857142857143,5348.3448275862065,251.51724137931035,2955.088641115067,108.35642926724191,3231.6551724137935,78.48275862068965,1.093589927001573,0.7243018104890117,4076.5789929442417,150.2786301064348,8326.0,313.0,1102.0,-2.571428571428555,8.457692307692309,0.25897435897435805,True
2026352035,2016-05-12,8891,5.51000022888184,5.51000022888184,0.0,0.0,0.0,5.51000022888184,0.0,0,0,343,330,1364,False,7.6,343,6618.428571428572,280.14285714285717,1550.5714285714287,5456.066666666667,254.13333333333333,2963.0299256385997,107.43168906841198,3434.9333333333334,88.86666666666667,1.1592638003592772,0.8271922987535317,3550.166233532493,131.6389361997791,311.0,13.0,-193.42857142857156,-42.0,8.467283950617285,-0.8672839506172849,True
2320127002,2016-04-12,10725,7.48999977111816,7.48999977111816,0.0,1.16999995708466,0.310000002384186,6.01000022888184,0.0,13,9,306,1112,2124,False,,328,,,,,,,,,,,,,,,,,,,,True
2320127002,2016-04-13,7275,4.90000009536743,4.90000009536743,0.0,0.0,0.0,4.90000009536743,0.0,0,0,335,1105,2003,False,,335,,,,10725.0,328.0,,,-3450.0,7.0,,,,,-3450.0,7.0,,,,,True
2320127002,2016-04-14,3973,2.6800000667572,2.6800000667572,0.0,0.0,0.0,2.6800000667572,0.0,0,0,191,1249,1696,False,,191,7324.333333333333,284.6666666666667,1941.0,9000.0,331.5,2439.518395093589,4.949747468305833,-5027.0,-140.5,-2.0606526304740136,-28.3852807672244,3376.270328829333,81.19318526411767,-3302.0,-144.0,,,,,True
2320127002,2016-04-15,5205,3.50999999046326,3.50999999046326,0.0,0.0,0.0,3.50999999046326,0.0,0,0,245,1195,1801,False,,245,6794.5,274.75,1906.0,7324.333333333333,284.6666666666667,3376.270328829333,81.19318526411767,-2119.333333333333,-39.666666666666686,-0.6277143493543846,-0.4885467425509433,2953.364352734013,69.19718202354775,1232.0,54.0,,,,,True
2320127002,2016-04-16,5057,3.41000008583069,3.41000008583069,0.0,0.0,0.0,3.40000009536743,0.0,0,0,195,1245,1724,False,,195,6447.0,258.8,1869.6,6794.5,274.75,2953.364352734013,69.19718202354775,-1737.5,-79.75,-0.588312105075432,-1.1525035632283056,2673.1165331874327,69.7366474674543,-148.0,-50.0,,,,,True
2320127002,2016-04-17,6198,4.17999982833862,4.17999982833862,0.0,0.0,0.0,4.17999982833862,0.0,0,0,249,1191,1852,False,,249,6405.5,257.1666666666667,1866.6666666666667,6447.0,258.8,2673.1165331874327,69.7366474674543,-249.0,-9.800000000000011,-0.09314969879369304,-0.14052869209184343,2393.068135260674,62.502533281993195,1141.0,54.0,,,,,True
2320127002,2016-04-18,6559,4.42000007629395,4.42000007629395,0.0,0.0,0.259999990463257,4.1399998664856,0.0,0,7,260,1173,1905,False,,267,6427.428571428572,258.57142857142856,1872.142857142857,6405.5,257.1666666666667,2393.068135260674,62.502533281993195,153.5,9.833333333333314,0.06414359778315959,0.1573269539594696,2185.3326106219206,57.17766796823489,361.0,18.0,,,,,True
2320127002,2016-04-19,5997,4.03999996185303,4.03999996185303,0.0,0.0,0.379999995231628,3.66000008583069,0.0,0,11,228,1201,1811,False,,239,5752.0,245.85714285714286,1827.4285714285713,6427.428571428572,258.57142857142856,2185.3326106219206,57.17766796823489,-430.42857142857156,-19.571428571428555,-0.1969624985869378,-0.3422914736573378,1093.6783500341096,48.38535787966085,-562.0,-28.0,,,,,True
2320127002,2016-04-20,7192,4.84999990463257,4.84999990463257,0.0,0.0,0.490000009536743,4.34000015258789,0.0,0,11,283,1146,1922,False,,294,5740.142857142857,240.0,1815.857142857143,6373.625,256.125,2028.9399721811103,53.38656197958434,818.375,37.875,0.40335101620423786,0.7094481810803939,1074.7000245915797,36.91882988394949,1195.0,55.0,,,,,True
2320127002,2016-04-21,3404,2.28999996185303,2.28999996185303,0.0,0.0599999986588955,0.419999986886978,1.80999994277954,0.0,1,10,127,1302,1610,False,,138,5658.857142857143,232.42857142857142,1803.5714285714287,6464.555555555556,260.3333333333333,1917.4039813711083,51.509707822894896,-3060.5555555555557,-122.33333333333331,-1.596197558623404,-2.3749568019099137,1239.515957752787,51.28306134536416,-3788.0,-156.0,-1665.47619047619,-52.23809523809527,,,True
2320127002,2016-04-22,5583,3.75999999046326,3.75999999046326,0.0,0.0,0.0,3.75999999046326,0.0,0,0,266,1174,1851,False,,266,5712.857142857143,235.42857142857142,1810.7142857142858,6158.5,248.1,2050.523090444105,62.088556827235806,-575.5,17.900000000000006,-0.2806600922473384,0.28829788654147126,1224.5920992411347,52.734735999646226,2179.0,128.0,-1081.6428571428569,-39.321428571428584,,,True
2320127002,2016-04-23,5079,3.42000007629395,3.42000007629395,0.0,0.0,0.0,3.42000007629395,0.0,0,0,242,1129,1804,False,1.0166666666666666,242,5716.0,242.14285714285714,1822.142857142857,6106.181818181818,249.72727272727272,1953.020625502036,59.149118182929676,-1027.181818181818,-7.7272727272727195,-0.5259451970159452,-0.13064053757714783,1222.6550344775637,49.63006001550732,-504.0,-24.0,-731.0,-16.657142857142873,,,True
2320127002,2016-04-24,4165,2.80999994277954,2.80999994277954,0.0,0.0,0.0,2.79999995231628,0.0,0,0,204,1236,1725,False,,204,5425.571428571428,235.71428571428572,1804.0,6020.583333333333,249.08333333333334,1885.5930563730933,56.440569440676974,-1855.583333333333,-45.08333333333334,-0.9840847292461035,-0.7987752955246814,1326.1565841612692,51.473987882924234,-914.0,-38.0,-979.9285714285716,-21.452380952380963,1.0166666666666666,,True
2320127002,2016-04-25,3588,2.42000007629395,2.42000007629395,0.0,0.230000004172325,0.200000002980232,1.99000000953674,0.0,3,5,152,1280,1654,False,,160,5001.142857142857,220.42857142857142,1768.142857142857,5877.846153846154,245.6153846153846,1877.2409207022347,55.465512500319306,-2289.8461538461543,-85.61538461538461,-1.2197934358738458,-1.543578689033353,1377.3875548263375,56.29640942623,-577.0,-44.0,-1426.2857142857147,-38.14285714285714,1.0166666666666666,,True
2320127002,2016-04-26,3409,2.29999995231628,2.29999995231628,0.0,0.0,0.0,2.29999995231628,0.0,0,0,147,1293,1632,False,,147,4631.428571428572,207.28571428571428,1742.5714285714287,5714.285714285715,239.5,1904.5950277631775,57.99436312130821,-2305.2857142857147,-92.5,-1.2103810413611868,-1.5949825711773564,1412.4178863616416,61.716324922217844,-179.0,-13.0,-1120.5714285714284,-38.571428571428584,1.0166666666666666,,True
2320127002,2016-04-27,1715,1.1599999666214,1.1599999666214,0.0,0.0,0.0,1.1599999666214,0.0,0,0,82,1358,1481,False,,82,3849.0,177.0,1679.5714285714287,5560.6,233.33333333333334,1929.4211122954543,60.77436803064109,-3845.6000000000004,-151.33333333333334,-1.9931366841071356,-2.490084812843296,1267.0973390654208,64.04425553214492,-1694.0,-65.0,-1891.1428571428569,-63.0,1.0166666666666666,,True
2320127002,2016-04-28,1532,1.02999997138977,1.02999997138977,0.0,0.0,0.0,1.02999997138977,0.0,0,0,76,1364,1473,False,,76,3581.5714285714284,168.14285714285714,1660.0,5320.25,223.875,2097.326409185434,69.84733352104432,-3788.25,-147.875,-1.8062281491344327,-2.1171172960858904,1543.9695438644367,73.87022081874083,-183.0,-6.0,-2077.2857142857147,-64.28571428571428,1.0166666666666666,,True
2320127002,2016-04-29,924,0.620000004768372,0.620000004768372,0.0,0.0,0.0,0.620000004768372,0.0,0,0,45,1395,1410,False,,45,2916.0,136.57142857142858,1597.0,5097.411764705882,215.1764705882353,2228.905871128913,76.55082894237466,-4173.411764705882,-170.1764705882353,-1.872403773031338,-2.223051934464191,1541.5967912092553,72.28613777402776,-608.0,-31.0,-2796.857142857143,-98.85714285714283,1.0166666666666666,,True
2320127002,2016-04-30,4571,3.07999992370605,3.07999992370605,0.0,0.0,0.0,3.0699999332428,0.0,0,0,234,1206,1779,False,,234,2843.4285714285716,135.42857142857142,1593.4285714285713,4865.555555555556,205.72222222222223,2375.5875613072876,84.40504972038495,-294.55555555555566,28.27777777777777,-0.12399271667741382,0.3350247116307734,1430.775647116262,70.37958307837384,3647.0,189.0,-2872.5714285714284,-106.71428571428572,1.0166666666666666,,True
2320127002,2016-05-01,772,0.519999980926514,0.519999980926514,0.0,0.0,0.0,0.519999980926514,0.0,0,0,40,1400,1403,False,,40,2358.714285714286,112.0,1547.4285714285713,4850.0526315789475,207.21052631578948,2309.6449095450007,82.28310137525096,-4078.0526315789475,-167.21052631578948,-1.765662164326663,-2.0321368724434836,1482.2473606302174,71.04224095564562,-3799.0,-194.0,-3066.8571428571427,-123.71428571428572,1.0166666666666666,,True
2320127002,2016-05-02,3634,2.45000004768372,2.45000004768372,0.0,0.360000014305115,0.209999993443489,1.87999999523163,0.0,5,6,123,1306,1613,False,,134,2365.285714285714,108.28571428571429,1541.5714285714287,4646.15,198.85,2425.94811145533,88.38627840635851,-1012.1499999999996,-64.85,-0.41721832169592077,-0.7337111646237559,1488.693578755742,68.75733727080653,2862.0,94.0,-2635.8571428571427,-112.14285714285712,1.0166666666666666,,True
2320127002,2016-05-03,7443,5.01999998092651,5.01999998092651,0.0,1.49000000953674,0.370000004768372,3.16000008583069,0.0,20,10,206,1204,1878,False,,236,2941.5714285714284,121.0,1576.7142857142858,4597.952380952381,195.76190476190476,2374.814992292883,87.30286636869648,2845.0476190476193,40.23809523809524,1.1980081088770285,0.46090233288858856,2438.1125799234455,83.71180721180662,3809.0,102.0,-1689.8571428571431,-86.28571428571428,1.0166666666666666,,True
2320127002,2016-05-04,1201,0.810000002384186,0.810000002384186,0.0,0.0,0.0,0.810000002384186,0.0,0,0,52,1388,1426,False,,52,2868.1428571428573,116.71428571428571,1568.857142857143,4727.272727272727,197.5909090909091,2395.6438478804494,85.62968949461234,-3526.272727272727,-145.5909090909091,-1.471951988573198,-1.700238646781859,2488.430792592757,86.75389383329204,-6242.0,-184.0,-980.8571428571427,-60.28571428571429,1.0166666666666666,,True
2320127002,2016-05-05,5202,3.50999999046326,3.50999999046326,0.0,0.0,0.389999985694885,3.10999989509583,0.0,0,11,223,1206,1780,False,,234,3392.4285714285716,139.28571428571428,1612.7142857142858,4573.95652173913,191.2608695652174,2453.339680707261,88.99857884018779,628.04347826087,42.739130434782595,0.2559953205598579,0.4802226115464767,2545.9513517964733,94.5951272277706,4001.0,182.0,-189.14285714285688,-28.85714285714286,1.0166666666666666,,True
2320127002,2016-05-06,4878,3.28999996185303,3.28999996185303,0.0,0.0,0.0,3.28999996185303,0.0,0,0,204,1236,1742,False,,204,3957.285714285714,162.0,1660.142857142857,4600.125,193.04166666666666,2402.8358845421544,87.47843419537962,277.875,10.958333333333343,0.11564460214364694,0.12526896839041918,2337.076073094022,86.96359391530846,-324.0,-30.0,1041.2857142857142,25.428571428571416,1.0166666666666666,,True
2320127002,2016-05-07,7379,4.96999979019165,4.96999979019165,0.0,0.0,0.0,4.96999979019165,0.0,0,0,319,1121,1972,False,,319,4358.428571428572,174.14285714285714,1687.7142857142858,4611.24,193.48,2352.900626177541,85.66461735551421,2767.76,125.52000000000001,1.17631827202159,1.4652490422484947,2676.3352341801815,103.12521284249324,2501.0,115.0,1515.0,38.71428571428572,1.0166666666666666,,True
2320127002,2016-05-08,5161,3.48000001907349,3.48000001907349,0.0,0.0,0.0,3.47000002861023,0.0,0,0,247,1193,1821,False,,247,4985.428571428572,203.71428571428572,1747.4285714285713,4717.692307692308,198.30769230769232,2368.4024450119246,87.46920337159553,443.3076923076924,48.69230769230768,0.18717582945168956,0.5566794398340253,2160.492602559492,86.60391501103226,-2218.0,-72.0,2626.714285714286,91.71428571428572,1.0166666666666666,,True
2320127002,2016-05-09,3090,2.07999992370605,2.07999992370605,0.0,0.0,0.0,2.07999992370605,0.0,0,0,145,1295,1630,False,,145,4907.714285714285,205.28571428571428,1749.857142857143,4734.111111111111,200.11111111111111,2323.976173804339,86.28099591688924,-1644.1111111111113,-55.111111111111114,-0.7074560956932069,-0.6387398509569525,2225.997283188348,85.2168103246347,-2071.0,-102.0,2542.428571428571,96.99999999999999,1.0166666666666666,,True
2320127002,2016-05-10,6227,4.19999980926514,4.19999980926514,0.0,0.0,0.0,4.19999980926514,0.0,0,0,290,1150,1899,False,,290,4734.0,213.0,1752.857142857143,4675.392857142857,198.14285714285714,2301.602168849081,85.306295319654,1551.6071428571431,91.85714285714286,0.674142196763259,1.0767920636589587,2034.3708282087284,90.72669581403997,3137.0,145.0,1792.4285714285716,92.0,1.0166666666666666,,True
2320127002,2016-05-11,6424,4.32999992370605,4.32999992370605,0.0,0.0,0.0,4.32999992370605,0.0,0,0,300,1140,1903,False,,300,5480.142857142857,248.42857142857142,1821.0,4728.896551724138,201.31034482758622,2278.4199309550904,85.4881376266722,1695.1034482758623,98.68965517241378,0.743982013368936,1.1544251256117855,1372.8859419208172,60.89569536745364,197.0,10.0,2611.9999999999995,131.71428571428572,1.0166666666666666,,True
2320127002,2016-05-12,2661,1.78999996185303,1.78999996185303,0.0,0.0,0.0,1.78999996185303,0.0,0,0,128,830,1125,False,,128,5117.142857142857,233.28571428571428,1727.4285714285713,4785.4,204.6,2260.081805049818,85.91198382948238,-2124.3999999999996,-76.6,-0.9399659757064442,-0.8916101769972518,1744.3582801488374,76.31014411752933,-3763.0,-172.0,1724.7142857142853,94.0,1.0166666666666666,,True
2347167796,2016-04-12,10113,6.82999992370605,6.82999992370605,0.0,2.0,0.620000004768372,4.19999980926514,0.0,28,13,320,964,2344,False,,361,,,,,,,,,,,,,,,,,,,,True
2347167796,2016-04-13,10352,7.01000022888184,7.01000022888184,0.0,1.6599999666214,1.94000005722046,3.41000008583069,0.0,19,32,195,676,2038,False,7.783333333333333,246,,,,10113.0,361.0,,,239.0,-115.0,,,,,239.0,-115.0,,,,,True
2347167796,2016-04-14,10129,6.69999980926514,6.69999980926514,0.0,0.0199999995529652,2.74000000953674,3.94000005722046,0.0,1,48,206,705,2010,False,7.416666666666667,255,10198.0,287.3333333333333,2130.6666666666665,10232.5,303.5,168.99852070358486,81.31727983645297,-103.5,-48.5,-0.6124313926339187,-0.5964291907097118,133.6076345124035,63.95571384429489,-223.0,9.0,,,7.783333333333333,-0.36666666666666625,True
2347167796,2016-04-15,10465,6.92000007629395,6.92000007629395,0.0,0.0700000002980232,1.41999995708466,5.42999982833862,0.0,1,24,284,720,2133,False,7.533333333333333,309,10264.75,292.75,2131.25,10198.0,287.3333333333333,133.6076345124035,63.95571384429489,267.0,21.666666666666686,1.998388782018472,0.33877608466132936,172.4033545690648,53.33151038551224,336.0,54.0,,,7.6,-0.06666666666666643,True
2347167796,2016-04-16,22244,15.0799999237061,15.0799999237061,0.0,5.44999980926514,4.09999990463257,5.53000020980835,0.0,66,72,268,968,2670,False,,406,12660.6,315.4,2239.0,10264.75,292.75,172.4033545690648,53.33151038551224,11979.25,113.25,69.48385639281315,2.1235100423342756,5359.363609608888,68.54414635838717,11779.0,97.0,,,7.577777777777778,,True
2347167796,2016-04-17,5472,3.61999988555908,3.61999988555908,0.0,0.0799999982118607,0.280000001192093,3.25999999046326,0.0,1,7,249,508,1882,False,9.266666666666667,257,11462.5,305.6666666666667,2179.5,12660.6,315.4,5359.363609608888,68.54414635838717,-7188.6,-58.39999999999998,-1.3413159700099708,-0.8520056379817826,5620.576865411593,65.78044288895194,-16772.0,-149.0,,,7.577777777777778,1.688888888888889,True
2347167796,2016-04-18,8247,5.44999980926514,5.44999980926514,0.0,0.790000021457672,0.860000014305115,3.78999996185303,0.0,11,16,206,678,1944,False,8.333333333333334,233,11003.142857142857,295.2857142857143,2145.8571428571427,11462.5,305.6666666666667,5620.576865411593,65.78044288895194,-3215.5,-72.66666666666669,-0.5720943021375148,-1.1046849545335968,5272.836030972688,66.03209897646822,2775.0,-24.0,,,8.0,0.3333333333333339,True
2347167796,2016-04-19,6711,4.44000005722046,4.44000005722046,0.0,0.0,0.0,4.44000005722046,0.0,0,7,382,648,2346,False,7.75,389,10517.142857142857,299.2857142857143,2146.1428571428573,11003.142857142857,295.2857142857143,5272.836030972688,66.03209897646822,-4292.142857142857,93.71428571428572,-0.8140103032062366,1.4192231618816087,5519.564639491398,71.31319252825124,-1536.0,156.0,,,8.066666666666666,-0.31666666666666643,True
2347167796,2016-04-20,10999,7.26999998092651,7.26999998092651,0.0,0.680000007152557,1.80999994277954,4.78000020980835,0.0,11,43,269,1011,2198,False,,323,10609.57142857143,310.2857142857143,2169.0,10466.625,307.0,5112.1211403458965,69.53519150144663,532.375,16.0,0.10413974655143611,0.2300993126562083,5521.75509106609,67.56407893181674,4288.0,-66.0,,,8.01388888888889,,True
2347167796,2016-04-21,10080,6.75,6.75,0.0,1.85000002384186,1.52999997138977,3.38000011444092,0.0,23,26,208,761,2048,False,7.666666666666667,257,10602.57142857143,310.57142857142856,2174.4285714285716,10525.777777777777,308.77777777777777,4785.243065346257,65.26250412330532,-445.7777777777774,-51.77777777777777,-0.09315676792112218,-0.7933771110984807,5522.496864557518,67.29501502800225,-919.0,-66.0,404.57142857142935,23.23809523809524,8.01388888888889,-0.3472222222222223,True
2347167796,2016-04-22,7804,5.15999984741211,5.15999984741211,0.0,0.560000002384186,1.67999994754791,2.92000007629395,0.0,9,27,206,781,1946,False,6.75,242,10222.42857142857,301.0,2147.714285714286,10481.2,303.6,4513.772204167055,63.67137853419262,-2677.2000000000007,-61.60000000000002,-0.5931181012934872,-0.9674676510962005,5624.19395282983,72.14568594171102,-2276.0,-15.0,-42.32142857142935,8.25,7.964285714285714,-1.2142857142857144,True
2347167796,2016-04-23,16901,11.3699998855591,11.3699998855591,0.0,2.77999997138977,1.45000004768372,7.15000009536743,0.0,32,35,360,591,2629,False,6.233333333333333,427,9459.142857142857,304.0,2141.8571428571427,10237.818181818182,298.0,4357.55749975102,63.194936506020795,6663.181818181818,129.0,1.5291093271938294,2.0413027544763334,3781.451371654867,77.47902942086975,9097.0,185.0,-3201.4571428571435,-11.399999999999977,7.8125,-1.5791666666666666,True
2347167796,2016-04-24,9471,6.26000022888184,6.26000022888184,0.0,0.0,0.0,6.26000022888184,0.0,0,0,360,584,2187,False,7.366666666666666,360,10030.42857142857,318.7142857142857,2185.4285714285716,10793.083333333334,308.75,4578.420062112204,70.83286987370663,-1322.083333333334,51.25,-0.28876409658982694,0.7235341356046061,3356.945727748308,76.84337812658136,-7430.0,-67.0,-1432.0714285714294,13.047619047619037,7.637037037037037,-0.2703703703703706,True
2347167796,2016-04-25,9482,6.38000011444092,6.38000011444092,0.0,1.26999998092651,0.519999980926514,4.59999990463257,0.0,15,11,277,653,2095,False,7.216666666666667,303,10206.857142857143,328.7142857142857,2207.0,10691.384615384615,312.6923076923077,4398.813126637335,69.2909140452828,-1209.3846153846152,-9.69230769230768,-0.2749343016610921,-0.13987847737287912,3279.145591388679,67.85944858238065,11.0,-57.0,-796.2857142857138,33.428571428571445,7.609999999999999,-0.39333333333333265,True
2347167796,2016-04-26,5980,3.95000004768372,3.95000004768372,0.0,0.0,0.0,3.95000004768372,0.0,0,0,227,732,1861,False,7.266666666666667,227,10102.42857142857,305.57142857142856,2137.714285714286,10605.0,312.0,4238.5848690698285,66.62293437409812,-4625.0,-85.0,-1.0911660711712503,-1.2758369099576867,3417.7414987650764,71.40461503025591,-3502.0,-76.0,-414.71428571428623,6.285714285714278,7.574242424242424,-0.3075757575757576,True
2347167796,2016-04-27,11423,7.57999992370605,7.57999992370605,0.0,1.86000001430511,0.400000005960464,5.32000017166138,0.0,26,9,295,623,2194,False,7.466666666666667,330,10163.0,306.57142857142856,2137.1428571428573,10296.666666666666,306.3333333333333,4255.394939983608,67.84716718653841,1126.333333333334,23.666666666666686,0.2646836190186824,0.34882320514244247,3439.9643409004493,71.73761714948243,5443.0,103.0,-446.57142857142935,-3.7142857142857224,7.548611111111111,-0.08194444444444393,True
2347167796,2016-04-28,5439,3.59999990463257,3.59999990463257,0.0,0.0,0.0,3.59999990463257,0.0,0,0,229,764,1854,False,6.8,229,9500.0,302.57142857142856,2109.4285714285716,10367.0625,307.8125,4120.734100760041,65.8130876042144,-4928.0625,-78.8125,-1.195918585937184,-1.197520153991879,3877.9812617735356,75.63697760323572,-5984.0,-101.0,-1102.5714285714294,-8.0,7.542307692307692,-0.7423076923076923,True
2347167796,2016-04-29,42,0.0299999993294477,0.0299999993294477,0.0,0.0,0.0,0.0299999993294477,0.0,0,0,4,2,403,False,6.85,4,8391.142857142857,268.57142857142856,1889.0,10077.176470588236,303.1764705882353,4165.062773165821,66.52841056093784,-10035.176470588236,-299.1764705882353,-2.409369801778817,-4.496973000989201,5294.695944325523,136.44883918262448,-5397.0,-225.0,-1831.2857142857138,-32.428571428571445,7.489285714285714,-0.6392857142857142,True
2873212765,2016-04-12,8796,5.90999984741211,5.90999984741211,0.0,0.109999999403954,0.930000007152557,4.88000011444092,0.0,2,21,356,1061,1982,False,,379,,,,,,,,,,,,,,,,,,,,True
2873212765,2016-04-13,7618,5.11999988555908,5.11999988555908,0.0,0.0,0.219999998807907,4.88000011444092,0.0199999995529652,0,8,404,1028,2004,False,,412,,,,8796.0,379.0,,,-1178.0,33.0,,,,,-1178.0,33.0,,,,,True
2873212765,2016-04-14,7910,5.32000017166138,5.32000017166138,0.0,0.0,0.0,5.32000017166138,0.0,0,0,331,1109,1893,False,,331,8108.0,374.0,1959.6666666666667,8207.0,395.5,832.971788237753,23.33452377915607,-297.0,-64.5,-0.35655469229249975,-2.764144571635572,613.4525246504411,40.7308237088326,292.0,-81.0,,,,,True
2873212765,2016-04-15,8482,5.69999980926514,5.69999980926514,0.0,0.0,0.0,5.69000005722046,0.0099999997764825,0,0,448,992,2063,False,,448,8201.5,392.5,1985.5,8108.0,374.0,613.4525246504411,40.7308237088326,374.0,74.0,0.6096641294343835,1.8168058351136918,534.650976494635,49.749371855331,572.0,117.0,,,,,True
2873212765,2016-04-16,9685,6.65000009536743,6.65000009536743,0.0,3.10999989509583,0.0199999995529652,3.50999999046326,0.0099999997764825,47,1,305,1087,2148,False,,353,8498.2,384.6,2018.0,8201.5,392.5,534.650976494635,49.749371855331,1483.5,-39.5,2.7747073557251403,-0.7939798580951819,809.0384416083081,46.565008321700105,1203.0,-95.0,,,,,True
2873212765,2016-04-17,2524,1.70000004768372,1.70000004768372,0.0,0.0,0.349999994039536,1.3400000333786,0.0,0,8,160,1272,1529,False,,168,7502.5,348.5,1936.5,8498.2,384.6,809.0384416083081,46.565008321700105,-5974.200000000001,-216.60000000000002,-7.384321541927495,-4.651561401042406,2544.0411749812547,97.7440535275676,-7161.0,-185.0,,,,,True
2873212765,2016-04-18,7762,5.23999977111816,5.23999977111816,0.0,0.0700000002980232,0.280000001192093,4.8899998664856,0.0,1,6,311,1122,1890,False,,318,7539.571428571428,344.14285714285717,1929.857142857143,7502.5,348.5,2544.0411749812547,97.7440535275676,259.5,-30.5,0.1020030660077304,-0.3120394396100872,2324.451466270617,89.96930693562217,5238.0,150.0,,,,,True
2873212765,2016-04-19,7948,5.36999988555908,5.36999988555908,0.0,0.0,0.0,5.3600001335144,0.0,0,0,389,1051,1956,False,,389,7418.428571428572,345.57142857142856,1926.142857142857,7539.571428571428,344.14285714285717,2324.451466270617,89.96930693562217,408.42857142857156,44.85714285714283,0.17570965760285395,0.49858272655871166,2269.5050750580594,90.69152320339747,186.0,71.0,,,,,True
2873212765,2016-04-20,9202,6.30000019073486,6.30000019073486,0.0,1.50999999046326,0.119999997317791,4.65999984741211,0.0099999997764825,22,5,378,1035,2094,False,,405,7644.714285714285,344.57142857142856,1939.0,7590.625,349.75,2156.863128149635,84.79176172920845,1611.375,55.25,0.7470919124271463,0.6515963133877377,2369.485929780671,89.87186645971241,1254.0,16.0,,,,,True
2873212765,2016-04-21,8859,5.98000001907349,5.98000001907349,0.0,0.129999995231628,0.370000004768372,5.46999979019165,0.0099999997764825,2,10,371,1057,1970,False,,383,7780.285714285715,352.0,1950.0,7769.666666666667,355.8888888888889,2087.834883318123,81.42549423313997,1089.333333333333,27.111111111111086,0.5217526258974757,0.3329560481454331,2413.9261735663276,90.70832376358852,-343.0,-22.0,-327.7142857142853,-22.0,,,True
2873212765,2016-04-22,7286,4.90000009536743,4.90000009536743,0.0,0.46000000834465,0.0,4.42000007629395,0.0199999995529652,46,0,366,1028,2241,False,,412,7609.428571428572,346.85714285714283,1975.4285714285713,7878.6,358.6,1998.344270195259,77.24592761649855,-592.6000000000004,53.39999999999998,-0.2965454994626885,0.6912985701177079,2398.2565790689746,85.21233981732256,-1573.0,29.0,-592.0714285714284,-45.64285714285717,,,True
2873212765,2016-04-23,9317,6.34999990463257,6.34999990463257,0.0,2.08999991416931,0.230000004172325,4.01999998092651,0.0099999997764825,28,5,330,1077,2021,False,,363,7556.857142857143,348.2857142857143,1957.2857142857142,7824.727272727273,363.45454545454544,1904.197158432345,75.02981225668053,1492.272727272727,-0.45454545454543904,0.7836755347947185,-0.0060581978658325805,2348.696974109363,85.41606852287666,2031.0,-49.0,-941.3428571428576,-36.314285714285745,,,True
2873212765,2016-04-24,6873,4.67999982833862,4.67999982833862,0.0,3.0,0.0599999986588955,1.62000000476837,0.0,46,1,190,1203,1898,False,,237,8178.142857142857,358.14285714285717,2010.0,7949.083333333333,363.4166666666667,1865.986770796588,71.53823940362034,-1076.083333333333,-126.41666666666669,-0.5766832592801667,-1.7671201577425033,960.4081473643431,61.88276165844724,-2444.0,-126.0,675.6428571428569,9.642857142857167,,,True
2873212765,2016-04-25,7373,4.94999980926514,4.94999980926514,0.0,0.0,0.0,4.94999980926514,0.0,0,0,359,1081,1907,False,,359,8122.571428571428,364.0,2012.4285714285713,7866.307692307692,353.6923076923077,1811.3037378554793,76.94520194634687,-493.3076923076924,5.307692307692321,-0.272349513626799,0.06898015866425516,998.9799559455397,59.33801479658716,500.0,122.0,583.0,19.857142857142833,,,True
2873212765,2016-04-26,8242,5.53999996185303,5.53999996185303,0.0,0.119999997317791,0.180000007152557,5.23999977111816,0.0,2,5,309,1124,1882,False,,316,8164.571428571428,353.57142857142856,2001.857142857143,7831.071428571428,354.07142857142856,1745.2314135418221,73.94016737638854,410.92857142857156,-38.071428571428555,0.23545792724367912,-0.5148950754024246,996.594678081793,60.61313703276195,869.0,-43.0,746.1428571428569,8.0,,,True
2873212765,2016-04-27,3516,2.35999989509583,2.35999989509583,0.0,0.0,0.0,2.35999989509583,0.0,46,0,197,1197,1966,False,,243,7352.285714285715,330.42857142857144,1983.5714285714287,7858.466666666666,351.53333333333336,1685.0907083116015,71.92542434123463,-4342.466666666666,-108.53333333333336,-2.5769928245825198,-1.5089703372405576,1909.3413972960861,68.16122344084195,-4726.0,-73.0,-292.42857142857065,-14.14285714285711,,,True
2873212765,2016-04-28,7913,5.40999984741211,5.40999984741211,0.0,2.16000008583069,0.340000003576279,2.91000008583069,0.0,28,7,213,1192,1835,False,,248,7217.142857142857,311.14285714285717,1964.2857142857142,7587.0625,344.75,1956.7299751967141,74.5962465543676,325.9375,-96.75,0.16657254908187333,-1.296982129422612,1816.125677421713,69.8842580543682,4397.0,5.0,-563.1428571428578,-40.85714285714283,,,True
2873212765,2016-04-29,7365,4.94999980926514,4.94999980926514,0.0,1.36000001430511,1.4099999666214,2.1800000667572,0.0,20,23,206,1191,1780,False,,249,7228.428571428572,287.85714285714283,1898.4285714285713,7606.235294117647,339.05882352941177,1896.2441341178805,75.94362266529963,-241.23529411764684,-90.05882352941177,-0.12721742398567806,-1.1858641869174027,1816.8701895606866,56.563912439612935,-548.0,1.0,-381.0,-59.0,,,True
2873212765,2016-04-30,8452,5.67999982833862,5.67999982833862,0.0,0.330000013113022,1.08000004291534,4.26000022888184,0.0099999997764825,5,20,248,1167,1830,False,,273,7104.857142857143,275.0,1871.142857142857,7592.833333333333,334.05555555555554,1840.505533174801,76.67308157305598,859.166666666667,-61.05555555555554,0.46681015118592306,-0.7963101717917801,1675.0229280591384,45.851208635469405,1087.0,24.0,-452.0,-73.28571428571428,,,True
2873212765,2016-05-01,7399,4.96999979019165,4.96999979019165,0.0,0.490000009536743,1.03999996185303,3.44000005722046,0.0,7,18,196,1219,1739,False,,221,7180.0,272.7142857142857,1848.4285714285713,7638.0526315789475,330.8421052631579,1799.4775005133577,75.81795679850133,-239.0526315789475,-109.84210526315792,-0.13284557955178913,-1.4487610646950073,1674.6864383121595,48.38978640758232,-1053.0,-52.0,-998.1428571428569,-85.42857142857144,,,True
2873212765,2016-05-02,7525,5.05999994277954,5.05999994277954,0.0,0.0,0.209999993443489,4.82999992370605,0.0199999995529652,0,7,334,1099,1878,False,,341,7201.714285714285,270.14285714285717,1844.2857142857142,7626.1,325.35,1752.2982773008648,77.77584187231514,-101.10000000000036,15.649999999999977,-0.057695656756584314,0.20121929151822418,1678.5868773351901,43.24514836537004,126.0,120.0,-920.8571428571431,-93.85714285714283,,,True
2873212765,2016-05-03,7412,4.98000001907349,4.98000001907349,0.0,0.0599999986588955,0.25,4.65999984741211,0.0099999997764825,1,6,363,1070,1906,False,,370,7083.142857142857,277.85714285714283,1847.7142857142858,7621.285714285715,326.0952380952381,1708.0715776236411,75.88340053127875,-209.28571428571468,43.904761904761926,-0.12252748474063156,0.5785818903579936,1621.1896278732509,55.78658312840882,-113.0,29.0,-1081.4285714285716,-75.71428571428572,,,True
2873212765,2016-05-04,8278,5.55999994277954,5.55999994277954,0.0,0.0,0.0,5.55999994277954,0.0,0,0,420,1020,2015,False,,420,7763.428571428572,303.14285714285717,1854.7142857142858,7611.772727272727,328.09090909090907,1667.504263771751,74.64385860675765,666.227272727273,91.90909090909093,0.39953557349280094,1.2313014277837562,453.35595181669413,74.37165358618073,866.0,50.0,411.1428571428569,-27.285714285714278,,,True
2873212765,2016-05-05,8314,5.6100001335144,5.6100001335144,0.0,0.779999971389771,0.800000011920929,4.03000020980835,0.0,13,23,311,1093,1971,False,,347,7820.714285714285,317.2857142857143,1874.142857142857,7640.739130434783,332.0869565217391,1635.077707838969,75.40370924290748,673.260869565217,14.913043478260875,0.4117607780509001,0.19777599046810307,498.49363562828626,71.49525458777975,36.0,-73.0,603.5714285714284,6.14285714285711,,,True
2873212765,2016-05-06,7063,4.75,4.75,0.0,0.0,0.119999997317791,4.6100001335144,0.0099999997764825,0,5,370,1065,1910,False,,375,7777.571428571428,335.2857142857143,1892.7142857142858,7668.791666666667,332.7083333333333,1605.0319508987343,73.80908343219993,-605.791666666667,42.291666666666686,-0.37743277693009314,0.5729872818774127,554.4369086869013,67.16823228708229,-1251.0,28.0,549.1428571428569,47.428571428571445,,,True
2873212765,2016-05-07,4940,3.38000011444092,3.38000011444092,0.0,2.27999997138977,0.550000011920929,0.550000011920929,0.0,75,11,52,1302,1897,False,,138,7275.857142857143,316.0,1902.2857142857142,7644.56,334.4,1575.9023626692951,72.74842495431315,-2704.5600000000004,-196.39999999999998,-1.7161976924146267,-2.699714769407402,1131.3221510797928,99.58915603618705,-2123.0,-237.0,171.0,41.0,,,True
2873212765,2016-05-08,8168,5.53999996185303,5.53999996185303,0.0,2.90000009536743,0.0,2.64000010490417,0.0,46,0,326,1068,2096,False,,372,7385.714285714285,337.57142857142856,1953.2857142857142,7540.538461538462,326.84615384615387,1632.6242735122917,81.01984562201649,627.4615384615381,45.15384615384613,0.38432696870746796,0.557318336635507,1181.4971736862394,91.61669633652515,3228.0,234.0,205.71428571428532,64.85714285714283,,,True
2873212765,2016-05-09,7726,5.19000005722046,5.19000005722046,0.0,0.0,0.0,5.19000005722046,0.0,0,0,345,1095,1906,False,,345,7414.428571428572,338.14285714285717,1957.2857142857142,7563.777777777777,328.51851851851853,1605.4675411359228,79.92033070038724,162.22222222222263,16.481481481481467,0.10104360129660503,0.20622388734907626,1187.8717463237715,91.6541116943272,-442.0,-27.0,212.71428571428623,68.0,,,True
2873212765,2016-05-10,8275,5.55999994277954,5.55999994277954,0.0,0.0,0.0,5.55000019073486,0.0099999997764825,0,0,373,1067,1962,False,,373,7537.714285714285,338.57142857142856,1965.2857142857142,7569.571428571428,329.10714285714283,1575.754409059977,78.48818702610923,705.4285714285716,43.89285714285717,0.4476767235585406,0.5592288247023378,1231.558459065277,91.83473769559677,549.0,28.0,454.57142857142844,60.71428571428572,,,True
2873212765,2016-05-11,6440,4.32999992370605,4.32999992370605,0.0,0.0,0.0,4.32000017166138,0.0099999997764825,0,0,319,1121,1826,False,,319,7275.142857142857,324.14285714285717,1938.2857142857142,7593.896551724138,330.62068965517244,1552.8950232394882,77.50364682346218,-1153.8965517241377,-11.620689655172441,-0.7430615294097196,-0.14993732529392748,1243.2996995323142,84.55457521906311,-1835.0,-54.0,-488.2857142857147,21.0,,,True
2873212765,2016-05-12,7566,5.1100001335144,5.1100001335144,0.0,0.0,0.0,5.1100001335144,0.0,0,0,268,720,1431,False,,268,7168.285714285715,312.85714285714283,1861.142857142857,7555.433333333333,330.23333333333335,1540.360653768513,76.18520235236804,10.566666666666606,-62.23333333333335,0.006859865339948309,-0.8168690322383838,1169.0601231025591,86.25046583725138,1126.0,-51.0,-652.4285714285706,-4.428571428571445,,,True
3372868164,2016-04-12,4747,3.24000000953674,3.24000000953674,0.0,0.0,0.0,3.23000001907349,0.0099999997764825,0,0,280,1160,1788,False,,280,,,,,,,,,,,,,,,,,,,,True
3372868164,2016-04-13,9715,6.63000011444092,6.63000011444092,0.0,0.990000009536743,0.340000003576279,5.26999998092651,0.0199999995529652,16,8,371,1045,2093,False,,395,,,,4747.0,280.0,,,4968.0,115.0,,,,,4968.0,115.0,,,,,True
3372868164,2016-04-14,8844,6.03000020980835,6.03000020980835,0.0,0.340000003576279,1.02999997138977,4.65000009536743,0.0099999997764825,6,25,370,1039,2065,False,,401,7768.666666666667,358.6666666666667,1982.0,7231.0,337.5,3512.9064889347683,81.31727983645297,1613.0,63.5,0.45916394433543606,0.7808918270116846,2652.8310035381696,68.19335255971313,-871.0,6.0,,,,,True
3372868164,2016-04-15,7451,5.07999992370605,5.07999992370605,0.0,0.0,0.0,5.05999994277954,0.0199999995529652,0,0,335,1105,1908,False,,335,7689.25,352.75,1963.5,7768.666666666667,358.6666666666667,2652.8310035381696,68.19335255971313,-317.66666666666697,-23.666666666666686,-0.11974628844552782,-0.34705239486342465,2171.8432072013547,56.923193866823745,-1393.0,-66.0,,,,,True
3372868164,2016-04-16,6905,4.73000001907349,4.73000001907349,0.0,0.0,0.0,4.69999980926514,0.0299999993294477,0,0,356,1084,1908,False,,356,7532.4,353.4,1952.4,7689.25,352.75,2171.8432072013547,56.923193866823745,-784.25,3.25,-0.36109881092636,0.05709447629571089,1913.2921366064304,49.318353581602864,-546.0,21.0,,,,,True
3372868164,2016-04-17,8199,5.88000011444092,5.88000011444092,0.0,1.4099999666214,0.100000001490116,4.3600001335144,0.0099999997764825,11,2,322,1105,1964,False,,335,7643.5,350.3333333333333,1954.3333333333333,7532.4,353.4,1913.2921366064304,49.318353581602864,666.6000000000004,-18.399999999999977,0.34840471399936407,-0.3730862506687053,1732.803710753183,44.746694477544004,1294.0,-21.0,,,,,True
3372868164,2016-04-18,6798,4.6399998664856,4.6399998664856,0.0,1.08000004291534,0.200000002980232,3.34999990463257,0.0,20,7,343,1070,2014,False,,370,7522.714285714285,353.14285714285717,1962.857142857143,7643.5,350.3333333333333,1732.803710753183,44.746694477544004,-845.5,19.666666666666686,-0.48793755130207805,0.43951104001716385,1613.7838263209972,41.5187851918806,-1401.0,35.0,,,,,True
3372868164,2016-04-19,7711,5.26000022888184,5.26000022888184,0.0,0.0,0.0,5.23999977111816,0.0199999995529652,0,0,376,1064,1985,False,,376,7946.142857142857,366.85714285714283,1991.0,7522.714285714285,353.14285714285717,1613.7838263209972,41.5187851918806,188.28571428571468,22.857142857142833,0.11667344231493704,0.5505253152514552,1056.8513658617326,26.453913204089954,913.0,6.0,,,,,True
3372868164,2016-04-20,4880,3.32999992370605,3.32999992370605,0.0,0.839999973773956,0.0900000035762787,2.38000011444092,0.0199999995529652,15,3,274,1148,1867,False,,292,7255.428571428572,352.14285714285717,1958.7142857142858,7546.25,356.0,1495.555773426244,39.27922024247864,-2666.25,-64.0,-1.7827820570736532,-1.6293602056139291,1267.1741339351454,35.34321515005188,-2831.0,-84.0,,,,,True
3372868164,2016-04-21,8857,6.07000017166138,6.07000017166138,0.0,1.14999997615814,0.259999990463257,4.6399998664856,0.0099999997764825,18,9,376,1037,2124,False,,403,7257.285714285715,352.42857142857144,1967.142857142857,7250.0,348.8888888888889,1657.400902014959,42.48659919446497,1607.0,54.111111111111086,0.9695903972760752,1.2736041684540464,1269.8969399503403,35.80901722032754,3977.0,111.0,-511.3809523809523,-6.238095238095241,,,True
3372868164,2016-04-22,3843,2.61999988555908,2.61999988555908,0.0,0.0,0.0,2.60999989509583,0.0099999997764825,0,0,206,1234,1669,False,,206,6741.857142857143,334.0,1933.0,7410.7,354.3,1643.1685549571598,43.5585174729862,-3567.7,-148.3,-2.1712319086594154,-3.4046153358492117,1799.8141041573738,66.4003012041361,-5014.0,-197.0,-947.3928571428569,-18.75,,,True
3372868164,2016-04-23,7396,5.07000017166138,5.07000017166138,0.0,1.39999997615814,0.0799999982118607,3.57999992370605,0.0,20,2,303,1115,1995,False,,325,6812.0,329.57142857142856,1945.4285714285713,7086.363636363636,340.8181818181818,1893.9739846538164,60.88483913392263,309.63636363636397,-15.818181818181813,0.16348501404018745,-0.25980493310630454,1816.7201215377124,65.71873690928925,3553.0,119.0,-720.3999999999996,-23.828571428571422,,,True
3372868164,2016-04-24,6731,4.59000015258789,4.59000015258789,0.0,0.889999985694885,0.189999997615814,3.49000000953674,0.0199999995529652,14,7,292,1127,1921,False,,313,6602.285714285715,326.42857142857144,1939.2857142857142,7112.166666666667,339.5,1808.044138305425,58.23073227959771,-381.16666666666697,-26.5,-0.21081712463783947,-0.45508614622383264,1711.6153884840014,65.94153254426007,-665.0,-12.0,-1041.2142857142853,-23.90476190476187,,,True
3372868164,2016-04-25,5995,4.09000015258789,4.09000015258789,0.0,0.0,0.0,4.09000015258789,0.0,0,0,416,1024,2010,False,,416,6487.571428571428,333.0,1938.7142857142858,7082.846153846154,337.46153846153845,1734.295526823204,56.234057569850236,-1087.8461538461543,78.53846153846155,-0.6272553531932133,1.3966351271072897,1723.182120104436,72.92918940086105,-736.0,103.0,-1035.1428571428569,-20.142857142857167,,,True
3372868164,2016-04-26,8283,5.78999996185303,5.78999996185303,0.0,1.85000002384186,0.0500000007450581,3.86999988555908,0.0099999997764825,22,2,333,1083,2057,False,,357,6569.285714285715,330.2857142857143,1949.0,7005.142857142857,343.07142857142856,1691.4320676753293,57.96214186958493,1277.8571428571431,13.928571428571445,0.7554883027953444,0.24030463228232934,1802.5993004811799,71.39961317755692,2288.0,-59.0,-1376.8571428571422,-36.571428571428555,,,True
3372868164,2016-04-27,7904,5.42000007629395,5.42000007629395,0.0,1.58000004291534,0.629999995231628,3.19000005722046,0.0099999997764825,24,13,346,1057,2095,False,,383,7001.285714285715,343.2857142857143,1981.5714285714287,7090.333333333333,344.0,1662.9644213472118,55.96937938347565,813.666666666667,39.0,0.4892868757337616,0.6968095721766169,1689.0625323223646,71.55118048342338,-379.0,26.0,-254.14285714285688,-8.85714285714289,,,True
3372868164,2016-04-28,5512,3.75999999046326,3.75999999046326,0.0,0.0,0.0,3.75999999046326,0.0,0,0,385,1055,1972,False,,385,6523.428571428572,340.7142857142857,1959.857142857143,7141.1875,346.4375,1619.4028619113487,54.9435695357822,-1629.1875,38.5625,-1.0060421265842772,0.7018564615287612,1543.4516359060146,69.33665285093755,-2392.0,2.0,-733.8571428571431,-11.714285714285722,,,True
3372868164,2016-04-29,9135,6.23000001907349,6.23000001907349,0.0,0.0,0.0,6.21999979019165,0.0099999997764825,0,0,402,1038,2044,False,,402,7279.428571428572,368.7142857142857,2013.4285714285713,7045.35294117647,348.70588235294116,1617.001543798601,54.01477194467542,2089.6470588235297,53.29411764705884,1.2922975030823467,0.9866581814875959,1286.3587961299734,38.655376019877174,3623.0,17.0,537.5714285714284,34.71428571428572,,,True
3372868164,2016-04-30,5250,3.57999992370605,3.57999992370605,0.0,1.05999994277954,0.0900000035762787,2.42000007629395,0.0099999997764825,17,4,300,1119,1946,False,,321,6972.857142857143,368.14285714285717,2006.4285714285713,7161.444444444444,351.6666666666667,1644.2258762183935,53.88659115106793,-1911.4444444444443,-30.666666666666686,-1.1625193782244296,-0.5690964197679168,1493.0618907211485,39.4310730745376,-3885.0,-81.0,160.85714285714312,38.57142857142861,,,True
3372868164,2016-05-01,3077,2.09999990463257,2.09999990463257,0.0,0.0,0.0,2.08999991416931,0.0,0,0,172,842,1237,False,,172,6450.857142857143,348.0,1908.7142857142858,7060.8421052631575,350.05263157894734,1656.979556742324,52.838825880859964,-3983.8421052631575,-178.05263157894734,-2.404279574028808,-3.369730974164457,2105.0424721425006,83.58628276617323,-2173.0,-149.0,-151.42857142857156,21.571428571428555,,,True
3977333714,2016-04-12,8856,5.98000001907349,5.98000001907349,0.0,3.05999994277954,0.910000026226044,2.00999999046326,0.0,44,19,131,777,1450,False,4.566666666666666,194,,,,,,,,,,,,,,,,,,,,True
3977333714,2016-04-13,10035,6.71000003814697,6.71000003814697,0.0,2.02999997138977,2.13000011444092,2.54999995231628,0.0,31,46,153,754,1495,False,4.916666666666667,230,,,,8856.0,194.0,,,1179.0,36.0,,,,,1179.0,36.0,,,4.566666666666666,0.35000000000000053,True
3977333714,2016-04-14,7641,5.1100001335144,5.1100001335144,0.0,0.319999992847443,0.970000028610229,3.8199999332428,0.0,5,23,214,801,1433,False,4.85,242,8844.0,222.0,1459.3333333333333,9445.5,212.0,833.6788950189396,25.45584412271571,-1804.5,30.0,-2.164502434470892,1.1785112556812847,1197.045111931877,24.979991993593593,-2394.0,12.0,,,4.741666666666667,0.1083333333333325,True
3977333714,2016-04-15,9010,6.05999994277954,6.05999994277954,0.0,1.04999995231628,1.75,3.25999999046326,0.0,15,42,183,644,1468,False,7.066666666666666,240,8885.5,226.5,1461.5,8844.0,222.0,1197.045111931877,24.979991993593593,166.0,18.0,0.13867480699488635,0.7205766632767394,980.9011163211101,22.293496809607955,1369.0,-2.0,,,4.777777777777778,2.2888888888888888,True
3977333714,2016-04-16,13459,9.0,9.0,0.0,2.02999997138977,4.0,2.97000002861023,0.0,31,83,153,663,1625,False,4.716666666666667,267,9800.2,234.6,1494.2,8885.5,226.5,980.9011163211101,22.293496809607955,4573.5,40.5,4.662549485610188,1.816673199776909,2214.724745877013,26.472627372438875,4449.0,27.0,,,5.35,-0.6333333333333329,True
3977333714,2016-04-17,10415,6.96999979019165,6.96999979019165,0.0,0.699999988079071,2.34999990463257,3.92000007629395,0.0,11,58,205,600,1529,False,6.35,274,9902.666666666666,241.16666666666666,1500.0,9800.2,234.6,2214.724745877013,26.472627372438875,614.7999999999993,39.400000000000006,0.2775965730580876,1.4883297361217085,1996.7476221762893,28.624581510769143,-3044.0,7.0,,,5.223333333333334,1.126666666666666,True
3977333714,2016-04-18,11663,7.80000019073486,7.80000019073486,0.0,0.25,3.73000001907349,3.8199999332428,0.0,4,95,214,605,1584,False,6.866666666666666,313,10154.142857142857,251.42857142857142,1512.0,9902.666666666666,241.16666666666666,1996.7476221762893,28.624581510769143,1760.333333333334,71.83333333333334,0.881600314882617,2.5094980269601557,1940.4078977173351,37.68225551837869,1248.0,39.0,,,5.411111111111111,1.4555555555555548,True
3977333714,2016-04-19,12414,8.77999973297119,8.77999973297119,0.0,2.24000000953674,2.45000004768372,3.96000003814697,0.0,19,67,221,738,1638,False,3.65,307,10662.42857142857,267.57142857142856,1538.857142857143,10154.142857142857,251.42857142857142,1940.4078977173351,37.68225551837869,2259.857142857143,55.571428571428584,1.1646299442251151,1.4747372823685558,2008.4984322575283,32.87784027201881,751.0,-6.0,,,5.619047619047619,-1.9690476190476187,True
3977333714,2016-04-20,11658,7.82999992370605,7.82999992370605,0.0,0.200000002980232,4.34999990463257,3.27999997138977,0.0,2,98,164,845,1554,False,2.533333333333333,264,10894.285714285714,272.42857142857144,1547.2857142857142,10436.625,258.375,1966.1304227557519,40.03904344511742,1221.375,5.625,0.6212075176919843,0.14048786822848225,2017.6548857758687,28.64063047989194,-756.0,-43.0,,,5.372916666666667,-2.8395833333333336,True
3977333714,2016-04-21,6093,4.07999992370605,4.07999992370605,0.0,0.0,0.0,4.05999994277954,0.0,0,0,242,712,1397,False,5.533333333333333,242,10673.142857142857,272.42857142857144,1542.142857142857,10572.333333333334,259.0,1883.6695570083405,37.50000000000001,-4479.333333333334,-17.0,-2.377982547039442,-0.4533333212444447,2468.1887710472647,28.64063047989194,-5565.0,-22.0,1829.1428571428569,50.428571428571445,5.057407407407407,0.4759259259259263,True
3977333714,2016-04-22,8911,5.96000003814697,5.96000003814697,0.0,2.32999992370605,0.579999983310699,3.05999994277954,0.0,33,12,188,731,1481,False,5.916666666666667,233,10659.0,271.42857142857144,1544.0,10124.4,257.3,2271.653152319791,35.76171136844545,-1213.3999999999996,-24.30000000000001,-0.5341484452530698,-0.6794976635805968,2479.564410671089,30.049166060847373,2818.0,-9.0,1773.5,44.928571428571445,5.1049999999999995,0.8116666666666674,True
3977333714,2016-04-23,12058,8.06999969482422,8.06999969482422,0.0,0.0,4.21999979019165,3.84999990463257,0.0,0,92,252,724,1638,False,3.9166666666666665,344,10458.857142857143,282.42857142857144,1545.857142857143,10014.09090909091,255.0909090909091,2185.9131480708675,34.70865755241636,2043.90909090909,88.9090909090909,0.935036733631372,2.561582458590904,2262.9714557465827,40.45102859366762,3147.0,111.0,658.6571428571424,47.82857142857145,5.178787878787879,-1.2621212121212122,True
3977333714,2016-04-24,14112,10.0,10.0,0.0,3.26999998092651,4.55999994277954,2.17000007629395,0.0,30,95,129,660,1655,False,5.166666666666667,254,10987.0,279.57142857142856,1563.857142857143,10184.416666666666,262.5,2166.094032137249,41.879697836888596,3927.583333333334,-8.5,1.8132099868466203,-0.20296230001809387,2649.440947319515,41.82844782703572,2054.0,-90.0,1084.333333333334,38.4047619047619,5.073611111111111,0.09305555555555589,True
3977333714,2016-04-25,11177,8.47999954223633,8.47999954223633,0.0,5.61999988555908,0.430000007152557,2.41000008583069,0.0,50,9,133,781,1570,False,4.366666666666666,192,10917.57142857143,262.2857142857143,1561.857142857143,10486.538461538461,261.84615384615387,2342.5573495428953,40.166001696804386,690.461538461539,-69.84615384615387,0.2947469090998017,-1.738937139784409,2635.1029617545523,49.92899720507872,-2935.0,-62.0,763.4285714285725,10.857142857142861,5.0807692307692305,-0.7141025641025642,True
3977333714,2016-04-26,11388,7.61999988555908,7.61999988555908,0.0,0.449999988079071,4.21999979019165,2.95000004768372,0.0,7,95,170,797,1551,False,4.166666666666667,272,10771.0,257.2857142857143,1549.4285714285713,10535.857142857143,256.85714285714283,2258.208679365226,42.86805721828703,852.1428571428569,15.142857142857167,0.3773534592051243,0.35324336515894245,2565.6132470295147,46.32750905496745,211.0,80.0,108.57142857142935,-10.285714285714278,5.029761904761905,-0.8630952380952381,True
3977333714,2016-04-27,7193,5.03999996185303,5.03999996185303,0.0,0.0,0.419999986886978,4.61999988555908,0.0,0,10,176,714,1377,False,5.816666666666666,186,10133.142857142857,246.14285714285714,1524.142857142857,10592.666666666666,257.8666666666667,2187.159301359599,41.49331558329894,-3399.666666666666,-71.86666666666667,-1.5543754234083287,-1.7320058405645264,2847.850383978029,53.29924505853264,-4195.0,-86.0,-761.1428571428569,-26.285714285714306,4.972222222222222,0.8444444444444441,True
3977333714,2016-04-28,7114,4.88000011444092,4.88000011444092,0.0,1.37000000476837,0.28999999165535,3.22000002861023,0.0,15,8,190,804,1407,False,4.35,213,10279.0,242.0,1525.5714285714287,10380.1875,253.375,2277.5234567032085,43.928540456822226,-3266.1875,-40.375,-1.4340960963334357,-0.91910631814819,2623.7714585433437,54.78138369920927,-79.0,27.0,-394.1428571428569,-30.428571428571445,5.025,-0.6750000000000007,True
3977333714,2016-04-29,10645,7.75,7.75,0.0,3.74000000953674,1.29999995231628,2.71000003814697,0.0,36,32,150,744,1545,False,5.55,218,10526.714285714286,239.85714285714286,1534.7142857142858,10188.058823529413,251.0,2343.170247511591,43.6463056855904,456.9411764705874,-33.0,0.1950098063769979,-0.7560777189629834,2554.0182532815297,55.48101348337869,3531.0,5.0,-132.28571428571377,-31.571428571428584,4.985294117647059,0.564705882352941,True
3977333714,2016-04-30,13238,9.19999980926514,9.19999980926514,0.0,3.69000005722046,2.09999990463257,3.41000008583069,0.0,43,52,194,687,1650,False,3.95,289,10695.285714285714,232.0,1536.4285714285713,10213.444444444445,249.16666666666666,2275.7590129377318,43.051610614129046,3024.5555555555547,39.83333333333334,1.3290315613524408,0.9252460439892221,2706.331324523151,40.012498047484975,2593.0,71.0,236.42857142857065,-50.428571428571445,5.016666666666667,-1.0666666666666664,True
3977333714,2016-05-01,10414,7.07000017166138,7.07000017166138,0.0,2.67000007629395,1.98000001907349,2.41000008583069,0.0,41,40,124,691,1501,False,6.383333333333334,205,10167.0,225.0,1514.4285714285713,10372.631578947368,251.26315789473685,2317.9350295402132,42.82502137933327,41.368421052631675,-46.26315789473685,0.01784710119463117,-1.0802833326028283,2250.813186383979,39.80787191833613,-2824.0,-84.0,-820.0,-54.571428571428555,4.9605263157894735,1.4228070175438603,True
3977333714,2016-05-02,16520,11.0500001907349,11.0500001907349,0.0,1.53999996185303,6.48000001907349,3.01999998092651,0.0,24,143,176,713,1760,False,3.8333333333333335,343,10930.285714285714,246.57142857142858,1541.5714285714287,10374.7,248.95,2256.131250847927,42.94730553400969,6145.299999999999,94.05000000000001,2.7238220271832927,2.189892861512105,3308.051627684877,56.399932455211086,6106.0,138.0,12.714285714284415,-15.714285714285694,5.031666666666666,-1.1983333333333328,True
3977333714,2016-05-03,14335,9.59000015258789,9.59000015258789,0.0,3.3199999332428,1.74000000953674,4.53000020980835,0.0,47,41,258,594,1710,False,4.866666666666666,346,11351.285714285714,257.14285714285717,1564.2857142857142,10667.333333333334,253.42857142857142,2575.643887134503,46.620351166171446,3667.666666666666,92.57142857142858,1.4239804980660962,1.9856441290162552,3554.366409281485,67.75305299745676,-2185.0,3.0,580.2857142857138,-0.14285714285711038,4.974603174603175,-0.10793650793650844,True
3977333714,2016-05-04,13559,9.4399995803833,9.4399995803833,0.0,1.80999994277954,4.57999992370605,2.89000010490417,0.0,14,96,142,852,1628,False,3.55,252,12260.714285714286,266.57142857142856,1600.142857142857,10834.045454545454,257.6363636363636,2632.391298841502,49.59314992496968,2724.954545454546,-5.636363636363626,1.0351631786727975,-0.11365205741597215,3098.2350736231338,60.39552175136038,-776.0,-94.0,2127.5714285714294,20.428571428571416,4.96969696969697,-1.41969696969697,True
3977333714,2016-05-05,12312,8.57999992370605,8.57999992370605,0.0,1.75999999046326,4.1100001335144,2.71000003814697,0.0,14,88,178,680,1618,False,5.3,280,13003.285714285714,276.14285714285717,1630.2857142857142,10952.521739130434,257.39130434782606,2633.884943810796,48.467176456607106,1359.478260869566,22.608695652173935,0.5161494481936164,0.4664743613843742,2131.0576180452126,55.610036778230864,-1247.0,28.0,2724.2857142857138,34.14285714285717,4.9079710144927535,0.3920289855072463,True
3977333714,2016-05-06,11677,8.27999973297119,8.27999973297119,0.0,3.10999989509583,2.50999999046326,2.67000007629395,0.0,29,55,168,676,1590,False,5.383333333333334,252,13150.714285714286,281.0,1636.7142857142858,11009.166666666666,258.3333333333333,2590.894350650347,47.62595809070902,667.8333333333339,-6.333333333333314,0.25776170028235146,-0.13298069906100507,1970.3559504385323,50.97711905028242,-635.0,-28.0,2624.0,41.14285714285714,4.924305555555556,0.45902777777777803,True
3977333714,2016-05-07,11550,7.73000001907349,7.73000001907349,0.0,0.0,4.13000011444092,3.58999991416931,0.0,0,86,208,703,1574,False,3.95,294,12909.57142857143,281.7142857142857,1625.857142857143,11035.88,258.08,2539.8575471864556,46.64039736823291,514.1200000000008,35.920000000000016,0.20242080126387402,0.7701477958315505,2059.18405014727,51.14265762131871,-127.0,42.0,2214.2857142857156,49.71428571428572,4.942666666666667,-0.9926666666666666,True
3977333714,2016-05-08,13585,9.09000015258789,9.09000015258789,0.0,0.680000007152557,5.23999977111816,3.17000007629395,0.0,9,116,171,688,1633,False,4.316666666666666,296,13362.57142857143,294.7142857142857,1644.7142857142858,11055.653846153846,259.46153846153845,2490.5837539389463,46.23784663604548,2529.3461538461543,36.53846153846155,1.0155635797552844,0.7902284255545101,1743.2392126099362,38.36106657239121,2035.0,2.0,3195.5714285714294,69.71428571428572,4.904487179487179,-0.587820512820513,True
3977333714,2016-05-09,14687,10.0799999237061,10.0799999237061,0.0,0.769999980926514,5.59999990463257,3.54999995231628,0.0,8,122,151,1159,1667,False,,281,13100.714285714286,285.85714285714283,1631.4285714285713,11149.333333333334,260.81481481481484,2490.256628727866,45.881986608653904,3537.666666666666,20.185185185185162,1.4206032520645315,0.43993702621065156,1260.8244279419714,31.981393400061936,1102.0,-15.0,2170.4285714285725,39.28571428571425,4.882716049382716,,True
3977333714,2016-05-10,13072,8.77999973297119,8.77999973297119,0.0,0.0700000002980232,5.40000009536743,3.30999994277954,0.0,1,115,196,676,1630,False,5.2,312,12920.285714285714,281.0,1620.0,11275.67857142857,261.5357142857143,2533.5083865479887,45.18561074047156,1796.3214285714294,50.46428571428572,0.7090252542285709,1.1168220097170045,1139.265218504981,22.501851775650245,-1615.0,31.0,1569.0,23.857142857142833,4.882716049382716,0.3172839506172842,True
3977333714,2016-05-11,746,0.5,0.5,0.0,0.370000004768372,0.0,0.129999995231628,0.0,4,0,9,13,52,False,,13,11089.857142857143,246.85714285714286,1394.857142857143,11337.620689655172,263.2758620689655,2510.118457844926,45.35014297640412,-10591.620689655172,-250.27586206896552,-4.219570057474136,-5.518744597573607,4692.894395735302,104.77027022877017,-12326.0,-299.0,-1170.8571428571431,-19.714285714285694,4.894047619047619,,True
4020332650,2016-04-12,8539,6.11999988555908,6.11999988555908,0.0,0.150000005960464,0.239999994635582,5.67999982833862,0.0,4,15,331,712,3654,False,8.35,350,,,,,,,,,,,,,,,,,,,,True
4020332650,2016-04-13,0,0.0,0.0,0.0,0.0,0.0,0.0,0.0,0,0,0,1440,1981,True,,0,,,,8539.0,350.0,,,-8539.0,-350.0,,,,,-8539.0,-350.0,,,8.35,,False
4020332650,2016-04-14,108,0.0799999982118607,0.0799999982118607,0.0,0.0,0.0,0.0299999993294477,0.0,0,0,3,1437,2011,False,,3,2882.3333333333335,117.66666666666667,2548.6666666666665,4269.5,175.0,6037.984804551929,247.48737341529164,-4161.5,-172.0,-0.6892200186018188,-0.6949849478437577,4899.114647906633,201.21216000364723,108.0,3.0,,,8.35,,True
4020332650,2016-04-15,1882,1.35000002384186,1.35000002384186,0.0,0.209999993443489,0.360000014305115,0.769999980926514,0.0,36,18,87,1299,2951,False,,141,2632.25,123.5,2649.25,2882.3333333333335,117.66666666666667,4899.114647906633,201.21216000364723,-1000.3333333333335,23.33333333333333,-0.20418655308599162,0.11596383248878472,4031.2590568373716,164.70276257549537,1774.0,138.0,,,8.35,,True
4020332650,2016-04-16,1982,1.41999995708466,1.41999995708466,0.0,0.449999988079071,0.370000004768372,0.589999973773956,0.0,65,21,55,1222,3051,False,1.2833333333333334,141,2502.2,127.0,2729.6,2632.25,123.5,4031.2590568373716,164.70276257549537,-650.25,17.5,-0.1613019631511442,0.10625201192801155,3503.2630789022965,142.85132130995498,100.0,0.0,,,8.35,-7.066666666666666,True
4020332650,2016-04-17,16,0.0099999997764825,0.0099999997764825,0.0,0.0,0.0,0.0099999997764825,0.0,0,0,2,1438,1990,False,,2,2087.8333333333335,106.16666666666667,2606.3333333333335,2502.2,127.0,3503.2630789022965,142.85132130995498,-2486.2,-125.0,-0.7096812152826782,-0.8750356523041372,3293.7031084581176,137.58403492653738,-1966.0,-139.0,,,4.816666666666666,,True
4020332650,2016-04-18,62,0.0399999991059303,0.0399999991059303,0.0,0.0,0.0,0.0399999991059303,0.0,0,0,2,1438,1995,False,,2,1798.4285714285713,91.28571428571429,2519.0,2087.8333333333335,106.16666666666667,3293.7031084581176,137.58403492653738,-2025.8333333333335,-104.16666666666667,-0.6150625196047573,-0.7571130325198934,3102.690115429021,131.62283779257848,46.0,0.0,,,4.816666666666666,,True
4020332650,2016-04-19,0,0.0,0.0,0.0,0.0,0.0,0.0,0.0,0,0,0,1440,1980,True,,0,578.5714285714286,41.285714285714285,2279.8571428571427,1798.4285714285713,91.28571428571429,3102.690115429021,131.62283779257848,-1798.4285714285713,-91.28571428571429,-0.5796352532615913,-0.6935400810612316,925.814750574298,68.12663278951993,-62.0,-2.0,,,4.816666666666666,,False
4020332650,2016-04-20,0,0.0,0.0,0.0,0.0,0.0,0.0,0.0,0,0,0,1440,1980,True,,0,578.5714285714286,41.285714285714285,2279.714285714286,1573.625,79.875,2942.0636070379483,126.06057217521605,-1573.625,-79.875,-0.5348711685569045,-0.6336239633702039,925.814750574298,68.12663278951993,0.0,0.0,,,4.816666666666666,,False
4020332650,2016-04-21,0,0.0,0.0,0.0,0.0,0.0,0.0,0.0,0,0,0,1440,1980,True,,0,563.1428571428571,40.857142857142854,2275.285714285714,1398.7777777777778,71.0,2801.591502065289,120.88734425075273,-1398.7777777777778,-71.0,-0.4992797044991539,-0.5873236760450565,935.8097079662119,68.41644191135286,0.0,0.0,-2319.190476190476,-76.80952380952382,4.816666666666666,,False
4020332650,2016-04-22,0,0.0,0.0,0.0,0.0,0.0,0.0,0.0,0,0,0,1440,1980,True,,0,294.2857142857143,20.714285714285715,2136.5714285714284,1258.9,63.9,2678.146973396178,116.1641080540801,-1258.9,-63.9,-0.4700638210058785,-0.550083847070625,744.5575228025716,53.04939297709345,0.0,0.0,-2337.964285714286,-102.78571428571428,4.816666666666666,,False
4020332650,2016-04-23,0,0.0,0.0,0.0,0.0,0.0,0.0,0.0,0,0,0,1440,1980,True,,0,11.142857142857142,0.5714285714285714,1983.5714285714287,1144.4545454545455,58.09090909090909,2568.9101721794927,111.87444260907363,-1144.4545454545455,-58.09090909090909,-0.44550197099265454,-0.5192509318204789,23.205089753611432,0.9759000729471875,0.0,0.0,-2491.0571428571425,-126.42857142857143,4.816666666666666,,False
4020332650,2016-04-24,0,0.0,0.0,0.0,0.0,0.0,0.0,0.0,0,0,0,1440,1980,True,,0,8.857142857142858,0.2857142857142857,1982.142857142857,1049.0833333333333,53.25,2471.540243298179,107.97821750031557,-1049.0833333333333,-53.25,-0.4244654060372106,-0.4931550153315817,23.433797326507435,0.755928946016719,0.0,0.0,-2078.976190476191,-105.88095238095238,4.816666666666666,,False
4020332650,2016-04-25,0,0.0,0.0,0.0,0.0,0.0,0.0,0.0,0,0,0,1440,1980,True,,0,0.0,0.0,1980.0,968.3846153846154,49.15384615384615,2384.1409892056,104.43087518692779,-968.3846153846154,-49.15384615384615,-0.4061775789950683,-0.470683077156821,0.0,0.0,0.0,0.0,-1798.4285714285713,-91.28571428571429,4.816666666666666,,False
4020332650,2016-04-26,0,0.0,0.0,0.0,0.0,0.0,0.0,0.0,0,0,0,1440,1980,True,,0,0.0,0.0,1980.0,899.2142857142857,45.642857142857146,2305.1835294387306,101.19030596839808,-899.2142857142857,-45.642857142857146,-0.39008359804789344,-0.4510595778418925,0.0,0.0,0.0,0.0,-578.5714285714286,-41.285714285714285,4.816666666666666,,False
4020332650,2016-04-27,0,0.0,0.0,0.0,0.0,0.0,0.0,0.0,0,0,0,1440,1980,True,,0,0.0,0.0,1980.0,839.2666666666667,42.6,2233.431135740531,98.2189972895846,-839.2666666666667,-42.6,-0.3757745886409967,-0.4337246433159502,0.0,0.0,0.0,0.0,-578.5714285714286,-41.285714285714285,4.816666666666666,,False
4020332650,2016-04-28,0,0.0,0.0,0.0,0.0,0.0,0.0,0.0,0,0,0,1440,1980,True,,0,0.0,0.0,1980.0,786.8125,39.9375,2167.876848247304,95.48435735763213,-786.8125,-39.9375,-0.3629415113101026,-0.4182622231215713,0.0,0.0,0.0,0.0,-563.1428571428571,-40.857142857142854,4.816666666666666,,False
4020332650,2016-04-29,0,0.0,0.0,0.0,0.0,0.0,0.0,0.0,0,0,0,1440,1980,True,,0,0.0,0.0,1980.0,740.5294117647059,37.588235294117645,2107.694359888521,92.95836354487516,-740.5294117647059,-37.588235294117645,-0.35134572901382527,-0.40435560025340295,0.0,0.0,0.0,0.0,-294.2857142857143,-20.714285714285715,4.816666666666666,,False
4020332650,2016-04-30,0,0.0,0.0,0.0,0.0,0.0,0.0,0.0,0,0,0,1440,1980,True,,0,0.0,0.0,1980.0,699.3888888888889,35.5,2052.2000572954375,90.6170026897303,-699.3888888888889,-35.5,-0.3407995658424272,-0.3917587048182575,0.0,0.0,0.0,0.0,-11.142857142857142,-0.5714285714285714,4.816666666666666,,False
4020332650,2016-05-01,0,0.0,0.0,0.0,0.0,0.0,0.0,0.0,0,0,0,1440,1980,True,,0,0.0,0.0,1980.0,662.578947368421,33.63157894736842,2000.823811327876,88.4396910180515,-662.578947368421,-33.63157894736842,-0.3311530696935967,-0.3802769794868106,0.0,0.0,0.0,0.0,-8.857142857142858,-0.2857142857142857,4.816666666666666,,False
4020332650,2016-05-02,475,0.340000003576279,0.340000003576279,0.0,0.0,0.0399999991059303,0.28999999165535,0.0,0,11,31,1350,2207,False,,42,67.85714285714286,6.0,2012.4285714285713,629.45,31.95,1953.0864501037702,86.40874407507366,-154.45000000000005,10.05,-0.0790799608039439,0.11630767223003133,179.53312467938292,15.874507866387544,475.0,42.0,67.85714285714286,6.0,4.816666666666666,,True
4020332650,2016-05-03,4496,3.22000002861023,3.22000002861023,0.0,0.0,0.0,3.15000009536743,0.0500000007450581,0,0,174,950,2828,False,5.366666666666666,174,710.1428571428571,30.857142857142858,2133.5714285714284,622.0952380952381,32.42857142857143,1903.9315351336006,84.24937473273698,3873.904761904762,141.57142857142856,2.0346870086367046,1.6803854905766122,1678.7654619363827,65.03186032355876,4021.0,132.0,710.1428571428571,30.857142857142858,4.816666666666666,0.5499999999999998,True
4020332650,2016-05-04,10252,7.34999990463257,7.34999990463257,0.0,0.670000016689301,1.03999996185303,5.57999992370605,0.0,13,46,346,531,3879,False,7.966666666666667,405,2174.714285714286,88.71428571428571,2404.8571428571427,798.1818181818181,38.86363636363637,2033.3423255780153,87.58413394833859,9453.818181818182,366.1363636363636,4.649398214086435,4.180395957011265,3925.0789679650907,153.2826520796513,5756.0,231.0,2174.714285714286,88.71428571428571,5.0,2.966666666666667,True
4020332650,2016-05-05,11728,8.43000030517578,8.43000030517578,0.0,2.61999988555908,1.67999994754791,4.03999996185303,0.0700000002980232,38,42,196,916,3429,False,3.7666666666666666,276,3850.1428571428573,128.14285714285714,2611.8571428571427,1209.2173913043478,54.78260869565217,2798.643534359291,114.67699956507848,10518.782608695652,221.2173913043478,3.7585289000891806,1.9290475876966136,5153.056194420661,161.91399833597728,1476.0,-129.0,3850.1428571428573,128.14285714285714,5.741666666666666,-1.9749999999999996,True
4020332650,2016-05-06,4369,3.13000011444092,3.13000011444092,0.0,0.0,0.0,3.09999990463257,0.0099999997764825,0,0,177,855,2704,False,6.416666666666667,177,4474.285714285715,153.42857142857142,2715.285714285714,1647.5,64.0,3478.802342636102,120.90528092900549,2721.5,113.0,0.7823094649164354,0.9346159092234912,4865.5705631263745,152.08972915448862,-7359.0,-99.0,4474.285714285715,153.42857142857142,5.346666666666667,1.0700000000000003,True
4020332650,2016-05-07,6132,4.40000009536743,4.40000009536743,0.0,0.0,0.0,3.57999992370605,0.0,0,0,184,1256,2975,False,,184,5350.285714285715,179.71428571428572,2857.4285714285716,1756.36,68.52,3448.7788404013377,120.49796678782592,4375.64,115.48,1.2687505349638635,0.9583564114818799,4460.938119360311,136.22617747177458,1763.0,7.0,5350.285714285715,179.71428571428572,5.5249999999999995,,True
4020332650,2016-05-08,5862,4.19999980926514,4.19999980926514,0.0,0.0,0.0,4.15000009536743,0.0,0,0,263,775,3089,False,6.066666666666666,263,6187.714285714285,217.28571428571428,3015.8571428571427,1924.6538461538462,72.96153846153847,3486.3599578047892,120.21596591775344,3937.346153846154,190.03846153846155,1.1293573240773376,1.58080882607281,3788.735528479377,112.62284298447076,-270.0,79.0,6187.714285714285,217.28571428571428,5.5249999999999995,0.541666666666667,True
4020332650,2016-05-09,4556,3.26999998092651,3.26999998092651,0.0,0.200000002980232,0.119999997317791,2.94000005722046,0.0,3,5,173,1225,2785,False,,181,6770.714285714285,237.14285714285714,3098.4285714285716,2070.4814814814813,80.0,3501.626900680161,123.42453315534712,2485.5185185185187,101.0,0.7098182040256517,0.8183138035820116,2993.750864399915,85.57146832020695,-1306.0,-82.0,6702.857142857142,231.14285714285714,5.602380952380953,,True
4020332650,2016-05-10,5546,3.98000001907349,3.98000001907349,0.0,0.0,0.0,3.86999988555908,0.0399999991059303,0,0,206,774,2926,False,7.366666666666666,206,6920.714285714285,241.71428571428572,3112.4285714285716,2159.25,83.60714285714286,3468.126462141686,122.61210721612622,3386.75,122.39285714285714,0.9765359008656308,0.9982118317965579,2885.1159834736695,82.4332341670402,990.0,25.0,6210.571428571428,210.85714285714286,5.602380952380953,1.7642857142857133,True
4020332650,2016-05-11,3689,2.65000009536743,2.65000009536743,0.0,0.109999999403954,0.170000001788139,2.32999992370605,0.0,2,8,134,1296,2645,False,,144,5983.142857142857,204.42857142857142,2936.1428571428573,2276.0344827586205,87.82758620689656,3463.2142737508066,122.52902541424832,1412.9655172413795,56.172413793103445,0.40799251941840897,0.45844168877335845,2681.311770295243,48.176263667415895,-1857.0,-62.0,3808.428571428571,115.71428571428571,5.822916666666666,,True
4020332650,2016-05-12,590,0.419999986886978,0.419999986886978,0.0,0.0,0.0,0.409999996423721,0.0,0,0,21,721,1120,False,,21,4392.0,168.0,2606.285714285714,2323.133333333333,89.7,3412.7439130547064,120.83392706948855,-1733.1333333333332,-68.7,-0.5078416010635222,-0.5685489257660511,1892.839753738634,74.34155410446212,-3099.0,-123.0,541.8571428571427,39.85714285714286,5.822916666666666,,True
4057192912,2016-04-12,5394,4.03000020980835,4.03000020980835,0.0,0.0,0.0,3.94000005722046,0.0,0,0,164,1276,2286,False,,164,,,,,,,,,,,,,,,,,,,,True
4057192912,2016-04-13,5974,4.46999979019165,4.46999979019165,0.0,0.0,0.0,4.36999988555908,0.0,0,0,160,1280,2306,False,,160,,,,5394.0,164.0,,,580.0,-4.0,,,,,580.0,-4.0,,,,,True
4057192912,2016-04-14,0,0.0,0.0,0.0,0.0,0.0,0.0,0.0,0,0,0,1440,1776,True,,0,3789.3333333333335,108.0,2122.6666666666665,5684.0,162.0,410.1219330881976,2.8284271247461903,-5684.0,-162.0,-13.859292877463227,-57.2756290261175,3294.447652237524,93.552124508212,-5974.0,-160.0,,,,,False
4057192912,2016-04-15,3984,2.95000004768372,2.95000004768372,0.0,0.209999993443489,0.259999990463257,2.44000005722046,0.0,3,6,88,873,1527,False,,97,3838.0,105.25,1973.75,3789.3333333333335,108.0,3294.447652237524,93.552124508212,194.66666666666652,-11.0,0.059089318500891476,-0.11758150806562295,2691.665655314567,76.58274392228752,3984.0,97.0,,,,,True
4319703577,2016-04-12,7753,5.19999980926514,5.19999980926514,0.0,0.0,0.0,0.0,0.0,0,0,0,1440,2115,False,,0,,,,,,,,,,,,,,,,,,,,True
4319703577,2016-04-13,8204,5.5,5.5,0.0,0.529999971389771,0.589999973773956,1.30999994277954,0.0,8,15,96,1234,2135,False,,119,,,,7753.0,0.0,,,451.0,119.0,,,,,451.0,119.0,,,,,True
4319703577,2016-04-14,10210,6.88000011444092,6.88000011444092,0.0,0.109999999403954,0.330000013113022,6.44000005722046,0.0,1,9,339,589,2302,False,8.916666666666666,349,8722.333333333334,156.0,2184.0,7978.5,59.5,318.90515831513295,84.14570696119915,2231.5,289.5,6.997378169711252,3.440460684382058,1307.9427867201732,177.41758650145144,2006.0,230.0,,,,,True
4319703577,2016-04-15,5664,3.79999995231628,3.79999995231628,0.0,0.0,0.0,3.79999995231628,0.0,0,0,228,752,1985,False,7.75,228,7957.75,174.0,2134.25,8722.333333333334,156.0,1307.9427867201732,177.41758650145144,-3058.333333333334,72.0,-2.3382776082004333,0.4058222243576104,1865.1613647796446,149.26709840640257,-4546.0,-121.0,,,8.916666666666666,-1.166666666666666,True
4319703577,2016-04-16,4744,3.1800000667572,3.1800000667572,0.0,0.0,0.0,3.1800000667572,0.0,0,0,194,724,1884,False,8.433333333333334,194,7315.0,178.0,2084.2,7957.75,174.0,1865.1613647796446,149.26709840640257,-3213.75,20.0,-1.7230412654706901,0.13398799922779323,2162.118868147633,129.57816174031797,-920.0,-34.0,,,8.333333333333332,0.10000000000000142,True
4319703577,2016-04-17,29,0.0199999995529652,0.0199999995529652,0.0,0.0,0.0,0.0199999995529652,0.0,0,0,3,1363,1464,False,,3,6100.666666666667,148.83333333333334,1980.8333333333333,7315.0,178.0,2162.118868147633,129.57816174031797,-7286.0,-175.0,-3.3698424744206332,-1.3505362037792585,3547.878107639363,136.14906046927635,-4715.0,-191.0,,,8.366666666666667,,True
4319703577,2016-04-18,2276,1.54999995231628,1.54999995231628,0.0,0.0700000002980232,0.330000013113022,1.12000000476837,0.0,1,9,58,824,1632,False,8.583333333333334,68,5554.285714285715,137.28571428571428,1931.0,6100.666666666667,148.83333333333334,3547.878107639363,136.14906046927635,-3824.666666666667,-80.83333333333334,-1.0780152388418593,-0.5937120128556622,3546.7249077745755,127.98660644212515,2247.0,65.0,,,8.366666666666667,0.21666666666666679,True
4319703577,2016-04-19,8925,5.98999977111816,5.98999977111816,0.0,0.0,0.0,5.98999977111816,0.0,0,0,311,604,2200,False,7.683333333333334,311,5721.714285714285,181.71428571428572,1943.142857142857,5554.285714285715,137.28571428571428,3546.7249077745755,127.98660644212515,3370.7142857142853,173.71428571428572,0.9503737595704587,1.3572848689878618,3692.4853741206935,126.35626126909882,6649.0,243.0,,,8.420833333333334,-0.7375000000000007,True
4319703577,2016-04-20,8954,6.01000022888184,6.01000022888184,0.0,0.0,0.680000007152557,5.30999994277954,0.0,0,18,306,671,2220,False,8.716666666666667,324,5828.857142857143,211.0,1955.2857142857142,5975.625,159.0,3493.1984090515098,133.4637457460693,2978.375,165.0,0.8526211942126934,1.236290783248669,3786.2087646514965,132.9812016790343,29.0,13.0,,,8.273333333333333,0.44333333333333336,True
4319703577,2016-04-21,3702,2.48000001907349,2.48000001907349,0.0,0.0,0.0,0.349999994039536,0.0,0,0,34,1265,1792,False,0.9833333333333332,34,4899.142857142857,166.0,1882.4285714285713,6306.555555555556,177.33333333333334,3415.0792125187636,136.42213896578517,-2604.5555555555557,-143.33333333333334,-0.7626632920388174,-1.0506603500669431,3298.757060296673,131.7915020022156,-5252.0,-290.0,-3823.190476190477,10.0,8.347222222222223,-7.36388888888889,True
4319703577,2016-04-22,4500,3.01999998092651,3.01999998092651,0.0,0.0599999986588955,0.810000002384186,2.15000009536743,0.0,1,19,176,709,1886,False,8.883333333333333,196,4732.857142857143,161.42857142857142,1868.2857142857142,6046.1,163.0,3323.443109186616,136.37285490725623,-1546.1000000000004,33.0,-0.46521031013321146,0.24198363948938986,3283.0763230325833,129.8227729674281,798.0,162.0,-3224.892857142857,-12.571428571428584,7.295238095238096,1.588095238095237,True
4319703577,2016-04-23,4935,3.30999994277954,3.30999994277954,0.0,0.0,0.0,3.30999994277954,0.0,0,0,233,546,1945,False,11.533333333333331,233,4760.142857142857,167.0,1877.0,5905.545454545455,166.0,3187.170857159571,129.75669539565195,-970.545454545455,67.0,-0.30451629289365917,0.5163510004578471,3283.977944940731,132.26740591191265,435.0,37.0,-2554.857142857143,-11.0,7.49375,4.039583333333331,True
4319703577,2016-04-24,4081,2.74000000953674,2.74000000953674,0.0,0.0599999986588955,0.200000002980232,2.47000002861023,0.0,1,5,191,692,1880,False,7.783333333333333,197,5339.0,194.71428571428572,1936.4285714285713,5824.666666666667,171.58333333333334,3051.7363562206333,125.22086547981989,-1743.666666666667,25.416666666666657,-0.5713687103215922,0.20297469088957876,2596.120824101478,110.75154518969366,-854.0,-36.0,-761.666666666667,45.88095238095238,7.942592592592593,-0.15925925925925988,True
4319703577,2016-04-25,9259,6.21000003814697,6.21000003814697,0.0,0.0,0.280000001192093,5.92999982833862,0.0,0,8,390,544,2314,False,8.133333333333333,398,6336.571428571428,241.85714285714286,2033.857142857143,5690.538461538462,173.53846153846155,2961.5668886414564,120.09691599191558,3568.461538461538,224.46153846153845,1.2049234987542543,1.8690033356697098,2564.418378316537,117.83240721667441,5178.0,201.0,782.2857142857138,104.57142857142858,7.926666666666667,0.2066666666666661,True
4319703577,2016-04-26,9899,6.6399998664856,6.6399998664856,0.0,0.569999992847443,0.920000016689301,5.15000009536743,0.0,8,21,288,649,2236,False,8.416666666666666,317,6475.714285714285,242.71428571428572,2039.0,5945.428571428572,189.57142857142858,3000.9600185552345,130.048342659841,3953.5714285714284,127.42857142857142,1.3174355548919903,0.979855397173516,2748.116307235783,118.43945610270572,640.0,-81.0,754.0,61.0,7.945454545454544,0.47121212121212164,True
4319703577,2016-04-27,10780,7.23000001907349,7.23000001907349,0.0,0.409999996423721,1.91999995708466,4.90999984741211,0.0,6,47,300,680,2324,False,4.766666666666667,353,6736.571428571428,246.85714285714286,2053.8571428571427,6209.0,198.06666666666666,3066.6823860880763,129.56491294585376,4571.0,154.93333333333334,1.4905358374397313,1.195796984035981,3088.1901310823278,122.2039668906436,881.0,36.0,907.7142857142853,35.85714285714286,7.984722222222222,-3.218055555555555,True
4319703577,2016-04-28,10817,7.28000020980835,7.28000020980835,0.0,1.00999999046326,0.330000013113022,5.94000005722046,0.0,13,8,359,552,2367,False,8.283333333333333,380,7753.0,296.2857142857143,2136.0,6494.6875,207.75,3175.444697859918,131.02747803418944,4322.3125,172.25,1.3611676189958033,1.314609738885797,3093.8351065735005,86.5249757501926,37.0,27.0,2853.857142857143,130.28571428571428,7.737179487179487,0.546153846153846,True
4319703577,2016-04-29,7990,5.3600001335144,5.3600001335144,0.0,0.449999988079071,0.790000021457672,4.11999988555908,0.0,6,18,289,624,2175,False,8.716666666666667,313,8251.57142857143,313.0,2177.285714285714,6748.941176470588,217.88235294117646,3248.414583889121,133.56827952069176,1241.0588235294117,95.11764705882354,0.38205062534275414,0.7121275102743302,2743.630189921305,74.37069315261212,-2827.0,-67.0,3518.7142857142862,151.57142857142858,7.776190476190476,0.9404761904761907,True
4319703577,2016-04-30,8221,5.51999998092651,5.51999998092651,0.0,0.400000005960464,1.61000001430511,3.50999999046326,0.0,6,38,196,695,2092,False,8.166666666666666,240,8721.0,314.0,2198.285714285714,6817.888888888889,223.16666666666666,3164.972035726083,131.50542373068964,1403.1111111111113,16.833333333333343,0.44332496301058016,0.12800485887031943,2331.8013780480237,73.15280810285633,231.0,-73.0,3960.857142857143,147.0,7.838888888888889,0.3277777777777775,True
4319703577,2016-05-01,1251,0.839999973773956,0.839999973773956,0.0,0.0,0.0,0.839999973773956,0.0,0,0,67,836,1593,False,8.066666666666666,67,8316.714285714286,295.42857142857144,2157.285714285714,6891.736842105263,224.05263157894737,3092.5979701018955,127.85863447322095,-5640.736842105263,-157.05263157894737,-1.8239476630373213,-1.2283302648872778,3310.3614462414675,113.29439106866252,-6970.0,-173.0,2977.7142857142862,100.71428571428572,7.859375,0.20729166666666643,True
4319703577,2016-05-02,9261,6.23999977111816,6.23999977111816,0.0,0.0,0.439999997615814,5.71000003814697,0.0,0,11,344,585,2270,False,7.966666666666667,355,8317.0,289.2857142857143,2151.0,6609.7,216.2,3263.691292483341,129.3085253834491,2651.3,138.8,0.8123623718008774,1.0734017615234828,3310.4564136485264,107.84049067289808,8010.0,288.0,1980.4285714285716,47.428571428571416,7.87156862745098,0.09509803921568682,True
4319703577,2016-05-03,9648,6.46999979019165,6.46999979019165,0.0,0.579999983310699,1.07000005245209,4.82999992370605,0.0,8,26,287,669,2235,False,7.9,321,8281.142857142857,289.85714285714283,2150.8571428571427,6735.952380952381,222.8095238095238,3233.2382757259093,129.62276769442127,2912.0476190476193,98.1904761904762,0.9006597626935374,0.7575094806218419,3291.7717331031836,108.02226401908781,387.0,-34.0,1805.4285714285716,47.14285714285711,7.8768518518518515,0.023148148148148806,True
4319703577,2016-05-04,10429,7.01999998092651,7.01999998092651,0.0,0.589999973773956,0.579999983310699,5.84999990463257,0.0,8,13,313,1106,2282,False,,334,8231.0,287.14285714285717,2144.8571428571427,6868.318181818182,227.27272727272728,3215.817757013035,128.21937370073132,3560.681818181818,106.72727272727272,1.1072399265503978,0.8323802309625831,3249.7684532901717,106.39772643471373,781.0,13.0,1494.4285714285716,40.285714285714306,7.878070175438597,,True
4319703577,2016-05-05,13658,9.48999977111816,9.48999977111816,0.0,2.63000011444092,1.4099999666214,5.44999980926514,0.0,27,34,328,957,2530,False,,389,8636.857142857143,288.42857142857144,2168.1428571428573,7023.130434782609,231.91304347826087,3228.4134761710015,127.23275487484925,6634.869565217391,157.08695652173913,2.055148639458476,1.2346424113948735,3763.373107048667,107.75258255660994,3229.0,55.0,883.8571428571431,-7.857142857142833,7.878070175438597,,True
4319703577,2016-05-06,9524,6.42000007629395,6.42000007629395,0.0,0.409999996423721,0.469999998807907,5.46000003814697,0.0,6,11,314,692,2266,False,7.5,331,8856.0,291.0,2181.1428571428573,7299.583333333333,238.45833333333334,3435.6547621854465,128.5010502974051,2224.416666666667,92.54166666666666,0.6474505792905245,0.7201627203227046,3764.091213914278,108.64774886454539,-4134.0,-58.0,604.4285714285706,-22.0,7.878070175438597,-0.3780701754385971,True
4319703577,2016-05-07,7937,5.32999992370605,5.32999992370605,0.0,0.189999997615814,1.04999995231628,4.07999992370605,0.0,3,28,279,586,2158,False,8.45,310,8815.42857142857,301.0,2190.5714285714284,7388.56,242.16,3392.6130057327005,127.14974111914921,548.4399999999996,67.84,0.16165710586842966,0.53354414149286,3773.5948756741604,106.36885509082686,-1587.0,-21.0,94.42857142857065,-13.0,7.859166666666667,0.5908333333333324,True
4319703577,2016-05-08,3672,2.46000003814697,2.46000003814697,0.0,0.0,0.0,2.46000003814697,0.0,0,0,153,603,1792,False,10.033333333333331,153,9161.285714285714,313.2857142857143,2219.0,7409.653846153846,244.76923076923077,3325.807991358584,125.28920390594162,-3737.6538461538457,-91.76923076923077,-1.123833322531404,-0.7324591998019678,2995.4706761089424,75.2522741311168,-4265.0,-157.0,844.5714285714275,17.857142857142833,7.887301587301587,2.1460317460317446,True
4319703577,2016-05-09,10378,6.96000003814697,6.96000003814697,0.0,0.140000000596046,0.560000002384186,6.25,0.0,2,14,374,490,2345,False,8.916666666666666,390,9320.857142857143,318.2857142857143,2229.714285714286,7271.222222222223,241.37037037037038,3339.6085483796237,124.11909545895772,3106.7777777777774,148.62962962962962,0.9302820171408719,1.197475923286122,3031.206494042232,79.52717415180435,6706.0,237.0,1003.8571428571431,29.0,7.984848484848484,0.9318181818181817,True
4319703577,2016-05-10,9487,6.36999988555908,6.36999988555908,0.0,0.209999993443489,0.46000000834465,5.69999980926514,0.0,3,12,329,555,2260,False,8.116666666666667,344,9297.857142857143,321.57142857142856,2233.285714285714,7382.178571428572,246.67857142857142,3329.358564110015,124.99571950342897,2104.8214285714284,97.32142857142858,0.6322002834506584,0.7785980846340959,3028.920458324572,80.13084537774682,-891.0,-46.0,1016.7142857142862,31.714285714285722,8.025362318840578,0.09130434782608887,True
4319703577,2016-05-11,9129,6.13000011444092,6.13000011444092,0.0,0.200000002980232,0.740000009536743,5.17999982833862,0.0,3,18,311,574,2232,False,8.816666666666666,332,9112.142857142857,321.2857142857143,2226.1428571428573,7454.758620689655,250.0344827586207,3292.6458819528234,124.06665338743775,1674.241379310345,81.9655172413793,0.5084790283639298,0.660657109245614,2987.5785863343917,80.0826953544777,-358.0,-12.0,881.1428571428569,34.14285714285711,8.029166666666667,0.7874999999999996,True
4319703577,2016-05-12,17,0.0099999997764825,0.0099999997764825,0.0,0.0,0.0,0.0099999997764825,0.0,0,0,2,0,257,False,5.033333333333333,2,7163.428571428572,266.0,1901.4285714285713,7510.566666666667,252.76666666666668,3249.7857826837344,122.82386697564353,-7493.566666666667,-250.76666666666668,-2.305864806317318,-2.0416770030104794,3852.015699913612,138.10744609421556,-9112.0,-330.0,-1473.4285714285716,-22.428571428571445,8.060666666666666,-3.027333333333333,True
4388161847,2016-04-12,10122,7.78000020980835,7.78000020980835,0.0,0.0,0.0,0.0,0.0,0,0,0,1440,2955,False,,0,,,,,,,,,,,,,,,,,,,,True
4388161847,2016-04-13,10993,8.44999980926514,8.44999980926514,0.0,0.0599999986588955,0.629999995231628,3.88000011444092,0.0,1,14,150,1275,3092,False,,165,,,,10122.0,0.0,,,871.0,165.0,,,,,871.0,165.0,,,,,True
4388161847,2016-04-14,8863,6.82000017166138,6.82000017166138,0.0,0.129999995231628,1.07000005245209,5.61999988555908,0.0,10,35,219,945,2998,False,,264,9992.666666666666,143.0,3015.0,10557.5,82.5,615.8900064134829,116.67261889578035,-1694.5,181.5,-2.7513029592999767,1.5556349052770713,1070.8736308889731,133.36791218280356,-2130.0,99.0,,,,,True
4388161847,2016-04-15,8758,6.73000001907349,6.73000001907349,0.0,0.0,0.0,6.73000001907349,0.0,0,0,299,837,3066,False,8.316666666666666,299,9684.0,182.0,3027.75,9992.666666666666,143.0,1070.8736308889731,133.36791218280356,-1234.666666666666,156.0,-1.1529527200037313,1.1696966404968434,1070.3335928578526,133.94775100762237,-105.0,35.0,,,,,True
4388161847,2016-04-16,6580,5.05999994277954,5.05999994277954,0.0,0.209999993443489,0.400000005960464,4.44999980926514,0.0,6,9,253,609,3073,False,7.1,268,9063.2,199.2,3036.8,9684.0,182.0,1070.3335928578526,133.94775100762237,-3104.0,86.0,-2.900030437064121,0.642041383382874,1669.1835429334906,122.21170156740311,-2178.0,-31.0,,,8.316666666666666,-1.2166666666666668,True
4388161847,2016-04-17,4660,3.57999992370605,3.57999992370605,0.0,0.0,0.0,3.57999992370605,0.0,0,0,201,721,2572,False,10.316666666666666,201,8329.333333333334,199.5,2959.3333333333335,9063.2,199.2,1669.1835429334906,122.21170156740311,-4403.200000000001,1.8000000000000114,-2.6379363827321844,0.014728540411318318,2336.728624951273,109.31193896368319,-1920.0,-67.0,,,7.708333333333333,2.6083333333333334,True
4388161847,2016-04-18,11009,9.10000038146973,9.10000038146973,0.0,3.55999994277954,0.400000005960464,5.1399998664856,0.0,27,8,239,1017,3274,False,1.65,274,8712.142857142857,210.14285714285714,3004.285714285714,8329.333333333334,199.5,2336.728624951273,109.31193896368319,2679.666666666666,74.5,1.146759891973243,0.6815357958586337,2361.3666543318673,103.68450313559973,6349.0,73.0,,,8.577777777777778,-6.927777777777777,True
4388161847,2016-04-19,10181,7.82999992370605,7.82999992370605,0.0,1.37000000476837,0.689999997615814,5.76999998092651,0.0,20,16,249,704,3015,False,5.483333333333333,285,8720.57142857143,250.85714285714286,3012.8571428571427,8712.142857142857,210.14285714285714,2361.3666543318673,103.68450313559973,1468.8571428571431,74.85714285714286,0.6220368783223584,0.7219703993495872,2367.3354118884276,48.89249625940765,-828.0,11.0,,,6.845833333333333,-1.3624999999999998,True
4388161847,2016-04-20,10553,8.11999988555908,8.11999988555908,0.0,1.10000002384186,1.72000002861023,5.28999996185303,0.0,19,42,228,696,3083,False,7.016666666666667,289,8657.714285714286,268.57142857142856,3011.5714285714284,8895.75,219.5,2247.0349828798207,99.57481035454126,1657.25,69.5,0.7375274581344193,0.6979676793214467,2301.8784875463284,32.222441159628396,372.0,4.0,,,6.573333333333333,0.44333333333333336,True
4388161847,2016-04-21,10055,7.73000001907349,7.73000001907349,0.0,0.370000004768372,0.389999985694885,6.98000001907349,0.0,7,12,272,853,3069,False,7.366666666666666,291,8828.0,272.42857142857144,3021.714285714286,9079.888888888889,227.22222222222223,2173.28889269492,95.98147969501431,975.1111111111113,63.77777777777777,0.4486799311127362,0.6644800363148665,2362.8779062829294,33.18562511518675,-498.0,2.0,-1164.666666666666,129.42857142857144,6.647222222222222,0.7194444444444441,True
4388161847,2016-04-22,12139,9.34000015258789,9.34000015258789,0.0,3.29999995231628,1.11000001430511,4.92000007629395,0.0,77,25,220,945,3544,False,1.3666666666666667,322,9311.0,275.7142857142857,3090.0,9177.4,233.6,2072.069132265835,92.71245870971173,2961.6000000000004,88.4,1.4292959402045413,0.9534856509770716,2671.577249491394,37.15604161602025,2084.0,31.0,-373.0,93.71428571428572,6.75,-5.383333333333333,True
4388161847,2016-04-23,13236,10.1800003051758,10.1800003051758,0.0,4.5,0.319999992847443,5.34999990463257,0.0,58,5,215,749,3306,False,7.966666666666667,278,10261.857142857143,277.14285714285717,3123.285714285714,9446.636363636364,241.63636363636363,2159.0492941444054,91.90459480055688,3789.363636363636,36.363636363636374,1.7551075118505755,0.39566722476588095,2721.589880233699,37.00193045157045,1097.0,-44.0,1198.6571428571424,77.94285714285718,6.077083333333333,1.8895833333333334,True
4388161847,2016-04-24,10243,7.88000011444092,7.88000011444092,0.0,1.08000004291534,0.509999990463257,6.30000019073486,0.0,14,8,239,584,2885,False,9.2,261,11059.42857142857,285.7142857142857,3168.0,9762.416666666666,244.66666666666666,2331.1645337327295,88.25410969914024,480.58333333333394,16.333333333333343,0.20615590455884888,0.1850716437335588,1197.8466592379964,18.988718455215132,-2993.0,-17.0,2730.0952380952367,86.21428571428572,6.287037037037036,2.912962962962963,True
4388161847,2016-04-25,12961,9.97000026702881,9.97000026702881,0.0,0.730000019073486,1.39999997615814,7.84000015258789,0.0,11,31,301,1054,3288,False,,343,11338.285714285714,295.57142857142856,3170.0,9799.384615384615,245.92307692307693,2235.8965963889273,84.61822256313111,3161.6153846153848,97.07692307692307,1.414025759647163,1.1472342361866874,1395.1177625665089,27.772031151604896,2718.0,82.0,2626.142857142857,85.42857142857142,6.578333333333333,,True
4388161847,2016-04-26,9461,7.28000020980835,7.28000020980835,0.0,0.939999997615814,1.05999994277954,5.26999998092651,0.0,14,23,224,673,2929,False,5.316666666666666,261,11235.42857142857,292.14285714285717,3157.714285714286,10025.214285714286,252.85714285714286,2308.389854374737,85.33811227460687,-564.2142857142862,8.142857142857139,-0.24441897645694405,0.09541876226691925,1515.9681018129293,30.629117798964696,-3500.0,-82.0,2514.8571428571413,41.285714285714306,6.578333333333333,-1.2616666666666667,True
4388161847,2016-04-27,11193,8.60999965667725,8.60999965667725,0.0,0.699999988079071,2.50999999046326,5.3899998664856,0.0,11,48,241,684,3074,False,7.316666666666666,300,11326.857142857143,293.7142857142857,3156.4285714285716,9987.6,253.4,2229.185366899756,82.26073529593917,1205.3999999999996,46.599999999999994,0.5407356505016344,0.5664914040199324,1486.9730359101404,30.723033084393872,1732.0,39.0,2669.142857142857,25.142857142857167,6.463636363636363,0.8530303030303035,True
4388161847,2016-04-28,10074,7.75,7.75,0.0,1.28999996185303,0.430000007152557,6.03000020980835,0.0,19,9,234,878,2969,False,7.133333333333334,262,11329.57142857143,289.57142857142856,3142.1428571428573,10062.9375,256.3125,2174.5792073793646,80.32078913124963,11.0625,5.6875,0.005087191102247539,0.070809811391375,1484.2793826346494,33.019474773014075,-1119.0,-38.0,2501.5714285714294,17.14285714285711,6.534722222222221,0.5986111111111123,True
4388161847,2016-04-29,9232,7.09999990463257,7.09999990463257,0.0,0.800000011920929,0.889999985694885,5.42000007629395,0.0,13,16,236,1175,2979,False,,265,10914.285714285714,281.42857142857144,3061.4285714285716,10063.588235294117,256.6470588235294,2105.5289732874585,77.78250219078083,-831.5882352941171,8.352941176470608,-0.3949545437034599,0.10738843356561763,1620.488991455537,30.63144975814423,-842.0,3.0,1603.2857142857138,5.714285714285722,6.5807692307692305,,True
4388161847,2016-04-30,12533,9.64000034332275,9.64000034332275,0.0,0.699999988079071,2.0,6.94000005722046,0.0,14,43,300,537,3283,False,6.816666666666666,357,10813.857142857143,292.7142857142857,3058.1428571428573,10017.388888888889,257.1111111111111,2052.04569777372,75.48579055135741,2515.6111111111113,99.88888888888891,1.2259040393761276,1.323280670918429,1467.1505749321784,41.70816980606349,3301.0,92.0,552.0,15.571428571428555,6.5807692307692305,0.23589743589743595,True
4388161847,2016-05-01,10255,7.8899998664856,7.8899998664856,0.0,1.00999999046326,0.680000007152557,6.19999980926514,0.0,12,15,241,579,2926,False,9.116666666666667,268,10815.57142857143,293.7142857142857,3064.0,10149.78947368421,262.36842105263156,2076.059129401648,76.85499371205188,105.21052631579005,5.631578947368439,0.05067800082140981,0.07327538006433996,1466.3791980183585,40.89708337487437,-2278.0,-89.0,-243.8571428571413,8.0,6.597619047619047,2.51904761904762,True
4388161847,2016-05-02,10096,8.39999961853027,8.39999961853027,0.0,3.76999998092651,0.0799999982118607,4.55000019073486,0.0,33,4,204,935,3147,False,6.133333333333334,241,10406.285714285714,279.14285714285717,3043.8571428571427,10155.05,262.65,2020.82451841087,74.81575615083399,-59.04999999999927,-21.649999999999977,-0.029220746003821296,-0.28937754324068404,1128.7104314638234,38.51159380164443,-159.0,-27.0,-932.0,-16.428571428571388,6.765555555555555,-0.6322222222222216,True
4388161847,2016-05-03,12727,9.78999996185303,9.78999996185303,0.0,1.12999999523163,0.779999971389771,7.88000011444092,0.0,18,18,306,984,3290,False,,342,10872.857142857143,290.7142857142857,3095.4285714285716,10152.238095238095,261.6190476190476,1969.698248584333,73.07426098872037,2574.7619047619046,80.38095238095241,1.3071859637917933,1.099989930700359,1329.927996618798,43.93826838385221,2631.0,101.0,-362.57142857142753,-1.4285714285714448,6.726041666666666,,True
4388161847,2016-05-04,12375,9.52000045776367,9.52000045776367,0.0,2.78999996185303,0.930000007152557,5.80000019073486,0.0,35,21,251,632,3162,False,6.5,307,11041.714285714286,291.7142857142857,3108.0,10269.272727272728,265.27272727272725,1999.0746235819586,73.34340741508682,2105.727272727272,41.72727272727275,1.0533510089287519,0.568930100590872,1447.2159150458228,44.263281568791236,-352.0,-35.0,-285.1428571428569,-2.0,6.726041666666666,-0.22604166666666625,True
4388161847,2016-05-05,9603,7.38000011444092,7.38000011444092,0.0,0.629999995231628,1.66999995708466,5.09000015258789,0.0,12,39,199,896,2899,False,7.85,250,10974.42857142857,290.0,3098.0,10360.826086956522,267.0869565217391,2001.8580835217222,72.18342358406261,-757.826086956522,-17.086956521739125,-0.3785613439913646,-0.23671579202840645,1509.3232321300939,45.81120678029193,-2772.0,-57.0,-355.1428571428587,0.4285714285714448,6.712745098039215,1.1372549019607847,True
4388161847,2016-05-06,13175,10.1300001144409,10.1300001144409,0.0,2.10999989509583,2.08999991416931,5.92999982833862,0.0,33,45,262,1100,3425,False,,340,11537.714285714286,300.7142857142857,3161.714285714286,10329.25,266.375,1963.957390178,70.68288797278953,2845.75,73.625,1.4489876474830712,1.041624091346112,1486.257123816486,47.72041591644076,3572.0,90.0,623.4285714285725,19.285714285714278,6.775925925925926,,True
4388161847,2016-05-07,22770,17.5400009155273,17.5400009155273,0.0,9.44999980926514,2.76999998092651,5.32999992370605,0.0,120,56,260,508,4022,False,7.866666666666666,436,13000.142857142857,312.0,3267.285714285714,10443.08,269.32,2005.0802128593255,70.7440928040403,12326.92,166.68,6.147843819312081,2.3560977466429947,4536.087316493937,68.19824044651003,9595.0,96.0,2186.2857142857138,19.285714285714278,6.775925925925926,1.0907407407407401,True
4388161847,2016-05-08,17298,14.3800001144409,14.3800001144409,0.0,9.89000034332275,1.25999999046326,3.23000001907349,0.0,107,38,178,576,3934,False,8.816666666666666,323,14006.285714285714,319.85714285714283,3411.285714285714,10917.192307692309,275.7307692307692,3115.1046983269216,76.63605297367954,6380.8076923076915,47.269230769230774,2.0483445367619226,0.6168014703035894,4606.264419761627,65.39477188947282,-5472.0,-113.0,3190.7142857142844,26.14285714285711,6.833333333333334,1.9833333333333325,True
4388161847,2016-05-09,10218,7.8600001335144,7.8600001335144,0.0,0.340000003576279,0.730000019073486,6.78999996185303,0.0,6,19,258,1020,3013,False,1.0333333333333334,283,14023.714285714286,325.85714285714283,3392.1428571428573,11153.518518518518,277.48148148148147,3292.2034165862738,75.69644355550376,-935.5185185185182,5.518518518518533,-0.28416182108346366,0.072903272418193,4589.2025347288745,58.51902417570019,-7080.0,-40.0,3617.4285714285725,46.714285714285666,6.9325,-5.899166666666667,True
4388161847,2016-05-10,10299,7.92000007629395,7.92000007629395,0.0,0.810000002384186,0.649999976158142,6.46000003814697,0.0,13,14,267,648,3061,False,5.9,294,13676.857142857143,319.0,3359.4285714285716,11120.107142857143,277.67857142857144,3235.4954093076367,74.28875273598813,-821.1071428571431,16.321428571428555,-0.2537809635709144,0.21970254918305182,4790.868725279077,59.12134414349294,81.0,11.0,2804.0,28.285714285714278,6.651587301587302,-0.7515873015873016,True
4388161847,2016-05-11,10201,7.84000015258789,7.84000015258789,0.0,0.529999971389771,0.790000021457672,6.53000020980835,0.0,8,18,256,858,2954,False,7.816666666666666,282,13366.285714285714,315.42857142857144,3329.714285714286,11091.793103448275,278.2413793103448,3180.850025423464,73.0130395264209,-890.7931034482754,3.7586206896551744,-0.2800487593091209,0.051478758623879795,4956.916168825323,60.70106298590694,-98.0,-12.0,2324.5714285714275,23.714285714285722,6.617424242424243,1.1992424242424233,True
4388161847,2016-05-12,3369,2.58999991416931,2.58999991416931,0.0,0.0,0.0,2.58999991416931,0.0,0,0,108,825,1623,False,,108,12475.714285714286,295.14285714285717,3147.4285714285716,11062.1,278.3666666666667,3129.755166694078,71.74643248770383,-7693.1,-170.36666666666667,-2.4580516966341737,-2.3745663496411256,6159.784728767876,98.29619960681518,-6832.0,-174.0,1501.2857142857156,5.142857142857167,6.6695652173913045,,True
4445114986,2016-04-12,3276,2.20000004768372,2.20000004768372,0.0,0.0,0.0,2.20000004768372,0.0,0,0,196,787,2113,False,7.15,196,,,,,,,,,,,,,,,,,,,,True
4445114986,2016-04-13,2961,1.99000000953674,1.99000000953674,0.0,0.0,0.0,1.99000000953674,0.0,0,0,194,840,2095,False,6.166666666666667,194,,,,3276.0,196.0,,,-315.0,-2.0,,,,,-315.0,-2.0,,,7.15,-0.9833333333333334,True
4445114986,2016-04-14,3974,2.67000007629395,2.67000007629395,0.0,0.0,0.0,2.67000007629395,0.0,0,0,231,717,2194,False,7.35,231,3403.6666666666665,207.0,2134.0,3118.5,195.0,222.73863607376248,1.4142135623730951,855.5,36.0,3.840824435487101,25.45582612272844,518.4267868593727,20.808652046684813,1013.0,37.0,,,6.658333333333333,0.6916666666666664,True
4445114986,2016-04-15,7198,4.82999992370605,4.82999992370605,0.0,0.0,0.0,4.82999992370605,0.0,0,0,350,711,2496,False,5.616666666666666,350,4352.25,242.75,2224.5,3403.6666666666665,207.0,518.4267868593727,20.808652046684813,3794.3333333333335,143.0,7.318937644021929,6.872141107796616,1943.8155562364107,73.4909291454848,3224.0,119.0,,,6.888888888888889,-1.272222222222223,True
4445114986,2016-04-16,3945,2.65000009536743,2.65000009536743,0.0,0.0,0.0,2.65000009536743,0.0,0,0,225,716,2180,False,7.7,225,4270.8,239.2,2215.6,4352.25,242.75,1943.8155562364107,73.4909291454848,-407.25,-17.75,-0.2095106186818472,-0.24152640284810084,1693.2172630823252,64.13813218359262,-3253.0,-125.0,,,6.570833333333333,1.1291666666666673,True
4445114986,2016-04-17,2268,1.51999998092651,1.51999998092651,0.0,0.0,0.0,1.51999998092651,0.0,0,0,114,1219,1933,False,1.6333333333333333,114,3937.0,218.33333333333334,2168.5,4270.8,239.2,1693.2172630823252,64.13813218359262,-2002.8000000000002,-125.19999999999999,-1.182836982875591,-1.9520368583479104,1721.0817528519672,76.83402024277179,-1677.0,-111.0,,,6.796666666666667,-5.163333333333334,True
4445114986,2016-04-18,6155,4.23999977111816,4.23999977111816,0.0,2.0,0.28999999165535,1.95000004768372,0.0,25,6,162,1247,2248,False,,193,4253.857142857143,214.71428571428572,2179.8571428571427,3937.0,218.33333333333334,1721.0817528519672,76.83402024277179,2218.0,-25.333333333333343,1.2887243706092846,-0.3297150523111088,1780.7932154493615,70.79009885032012,3887.0,79.0,,,5.936111111111111,,True
4445114986,2016-04-19,2064,1.38999998569489,1.38999998569489,0.0,0.0,0.0,1.38999998569489,0.0,0,0,121,895,1954,False,6.466666666666667,121,4080.714285714286,204.0,2157.1428571428573,4253.857142857143,214.71428571428572,1780.7932154493615,70.79009885032012,-2189.857142857143,-93.71428571428572,-1.2297088301040333,-1.3238332183799277,1943.226158933104,79.26327438774318,-4091.0,-72.0,,,5.936111111111111,0.5305555555555559,True
4445114986,2016-04-20,2072,1.38999998569489,1.38999998569489,0.0,0.0,0.0,1.38999998569489,0.0,0,0,137,841,1974,False,7.316666666666666,137,3953.714285714286,195.85714285714286,2139.8571428571427,3980.125,203.0,1821.4353396232796,73.43802051487265,-1908.125,-66.0,-1.0475941459151967,-0.8987170220351552,2054.4681967430333,83.28751121152271,8.0,16.0,,,6.011904761904762,1.3047619047619046,True
4445114986,2016-04-21,3809,2.55999994277954,2.55999994277954,0.0,0.0,0.0,2.53999996185303,0.0,0,0,215,756,2150,False,7.266666666666667,215,3930.1428571428573,193.57142857142858,2133.5714285714284,3768.1111111111113,195.66666666666666,1818.6457492076654,72.13182376732199,40.88888888888869,19.333333333333343,0.02248315202904123,0.2680277865657429,2055.143095469788,82.3768922753971,1737.0,78.0,526.4761904761908,-13.428571428571416,6.175,1.0916666666666668,True
4445114986,2016-04-22,6831,4.57999992370605,4.57999992370605,0.0,0.0,0.0,4.57999992370605,0.0,0,0,317,706,2432,False,6.466666666666667,317,3877.714285714286,188.85714285714286,2124.4285714285716,3772.2,197.6,1714.684408928425,68.2807928093008,3058.8,119.4,1.7838851174530022,1.748661568485398,1960.3791907252462,72.25516953000333,3022.0,102.0,-474.5357142857142,-53.89285714285714,6.296296296296296,0.17037037037037095,True
4445114986,2016-04-23,4363,2.9300000667572,2.9300000667572,0.0,0.0,0.0,2.9300000667572,0.0,0,0,201,1239,2149,False,,201,3937.4285714285716,185.42857142857142,2120.0,4050.2727272727275,208.45454545454547,1869.945779476458,74.10851993713493,312.7272727272725,-7.4545454545454675,0.16723868466795347,-0.10058958619440049,1969.1171335688198,70.80926762050558,-2468.0,-116.0,-333.3714285714286,-53.77142857142857,6.3133333333333335,,True
4445114986,2016-04-24,5002,3.35999989509583,3.35999989509583,0.0,0.0,0.0,3.35999989509583,0.0,0,0,244,1196,2247,False,,244,4328.0,204.0,2164.8571428571427,4076.3333333333335,207.83333333333334,1785.2074151625955,70.69246241590571,925.6666666666665,36.16666666666666,0.5185205137991413,0.5116056920224569,1850.3617664301935,65.82552696332934,639.0,43.0,391.0,-14.333333333333343,6.3133333333333335,,True
4445114986,2016-04-25,3385,2.26999998092651,2.26999998092651,0.0,0.0,0.0,2.26999998092651,0.0,0,0,179,916,2070,False,5.466666666666667,179,3932.285714285714,202.0,2139.4285714285716,4147.538461538462,210.6153846153846,1728.3799551113664,68.42214366409272,-762.5384615384619,-31.615384615384613,-0.44118682286392386,-0.4620636311620332,1683.1628673706052,66.42539674953647,-1617.0,-65.0,-321.5714285714289,-12.714285714285722,6.3133333333333335,-0.8466666666666667,True
4445114986,2016-04-26,6326,4.40999984741211,4.40999984741211,0.0,2.41000008583069,0.0399999991059303,1.96000003814697,0.0,29,1,180,839,2291,False,5.883333333333334,210,4541.142857142857,214.71428571428572,2187.5714285714284,4093.0714285714284,208.35714285714286,1673.0326891967409,66.27867407667897,2232.9285714285716,1.6428571428571388,1.334659259506752,0.02478711502540581,1665.4654433092096,56.04377540730781,2941.0,31.0,460.4285714285711,10.714285714285722,6.236363636363635,-0.3530303030303017,True
4445114986,2016-04-27,7243,5.03000020980835,5.03000020980835,0.0,2.61999988555908,0.0299999993294477,2.38000011444092,0.0,32,1,194,839,2361,False,5.533333333333333,227,5279.857142857143,227.57142857142858,2242.8571428571427,4241.933333333333,208.46666666666667,1712.1638550870844,63.86913704338478,3001.0666666666666,18.53333333333333,1.7527917412794782,0.2901766627998656,1528.94979518311,44.34657875889691,917.0,17.0,1326.1428571428573,31.714285714285722,6.206944444444445,-0.6736111111111116,True
4445114986,2016-04-28,4493,3.00999999046326,3.00999999046326,0.0,0.0,0.0,3.00999999046326,0.0,0,0,236,762,2203,False,6.983333333333333,236,5377.571428571428,230.57142857142858,2250.4285714285716,4429.5,209.625,1816.3070959137574,61.87716326184752,63.5,26.375,0.034961048221359856,0.42624771698308755,1438.4605031239532,44.06380654935575,-2750.0,9.0,1447.428571428571,37.0,6.1551282051282055,0.8282051282051279,True
4445114986,2016-04-29,4676,3.14000010490417,3.14000010490417,0.0,0.0,0.0,3.13000011444092,0.0,0,0,226,1106,2196,False,1.7666666666666666,226,5069.714285714285,217.57142857142858,2216.714285714286,4433.235294117647,211.1764705882353,1758.6992185068118,60.252837375219976,242.76470588235316,14.823529411764696,0.1380365119798206,0.24602209309132114,1299.4439470129407,22.426599852683406,183.0,-10.0,1191.9999999999995,28.714285714285722,6.214285714285714,-4.447619047619048,True
4445114986,2016-04-30,6222,4.17999982833862,4.17999982833862,0.0,0.0,0.0,4.17999982833862,0.0,0,0,290,797,2363,False,5.366666666666666,290,5335.285714285715,230.28571428571428,2247.285714285714,4446.722222222223,212.0,1707.1480795055468,58.55816615579258,1775.2777777777774,78.0,1.0399084871723927,1.3320089030874704,1320.728803134303,33.80687447701668,1546.0,64.0,1397.8571428571431,44.85714285714286,5.917777777777777,-0.5511111111111111,True
4445114986,2016-05-01,5232,3.50999999046326,3.50999999046326,0.0,0.0,0.0,3.50999999046326,0.0,0,0,240,741,2246,False,7.316666666666666,240,5368.142857142857,229.71428571428572,2247.1428571428573,4540.1578947368425,216.10526315789474,1708.3091791189288,59.65539440713928,691.8421052631575,23.89473684210526,0.40498647043212216,0.4005461145471789,1313.898705960169,33.56940216781886,-990.0,-50.0,1040.1428571428569,25.714285714285722,5.883333333333334,1.4333333333333327,True
4445114986,2016-05-02,6910,4.75,4.75,0.0,2.21000003814697,0.189999997615814,2.34999990463257,0.0,27,4,200,667,2336,False,8.366666666666667,231,5871.714285714285,237.14285714285714,2285.1428571428573,4574.75,217.3,1669.927161191233,58.309609210796374,2335.25,13.699999999999989,1.3984142858876243,0.23495269391225243,1082.2320629584176,25.18219325521226,1678.0,-9.0,1939.428571428571,35.14285714285714,5.9676470588235295,2.3990196078431376,True
4445114986,2016-05-03,7502,5.17999982833862,5.17999982833862,0.0,2.48000001907349,0.109999999403954,2.57999992370605,0.0,30,2,233,725,2421,False,6.95,265,6039.714285714285,245.0,2303.714285714286,4685.952380952381,217.95238095238096,1705.5524757740666,56.91175290788028,2816.0476190476193,47.04761904761904,1.6511058190211634,0.8266766672447359,1243.7339900859956,23.846732830026596,592.0,34.0,1498.5714285714284,30.285714285714278,6.100925925925925,0.8490740740740748,True
4445114986,2016-05-04,2923,1.96000003814697,1.96000003814697,0.0,0.0,0.0,1.96000003814697,0.0,0,0,180,897,2070,False,5.616666666666666,180,5422.571428571428,238.28571428571428,2262.1428571428573,4813.954545454545,220.0909090909091,1769.4207951237745,56.43868066605275,-1890.954545454545,-40.09090909090909,-1.0686856114707204,-0.710344535120907,1574.8650584672164,34.150228333615814,-4579.0,-85.0,142.71428571428532,10.714285714285694,6.1456140350877195,-0.5289473684210533,True
4445114986,2016-05-05,3800,2.54999995231628,2.54999995231628,0.0,0.119999997317791,0.239999994635582,2.1800000667572,0.0,2,6,185,734,2120,False,7.7,193,5323.571428571428,232.14285714285714,2250.285714285714,4731.739130434783,218.34782608695653,1773.1340055339945,55.77113027662266,-931.739130434783,-25.34782608695653,-0.5254758675888718,-0.4544972552418256,1662.3892301085657,38.25105040574517,877.0,13.0,-54.0,1.5714285714285552,6.119166666666667,1.5808333333333335,True
4445114986,2016-05-06,4514,3.02999997138977,3.02999997138977,0.0,0.0,0.0,3.02999997138977,0.0,0,0,229,809,2211,False,6.233333333333333,229,5300.428571428572,232.57142857142858,2252.4285714285716,4692.916666666667,217.29166666666666,1744.5574726452319,54.79009682547502,-178.91666666666697,11.708333333333343,-0.10255704920562046,0.21369433160401252,1673.994012050506,38.187507306522576,714.0,36.0,230.71428571428623,15.0,6.194444444444445,0.03888888888888875,True
4445114986,2016-05-07,5183,3.58999991416931,3.58999991416931,0.0,2.13000011444092,0.189999997615814,1.25,0.0,26,4,108,866,2123,False,6.683333333333334,138,5152.0,210.85714285714286,2218.1428571428573,4685.76,217.76,1708.2006683447155,53.687583915339935,497.2399999999998,-79.75999999999999,0.2910899222342223,-1.4856321089088604,1623.9773192176458,43.00166109748384,669.0,-91.0,-183.28571428571468,-19.428571428571416,6.196212121212121,0.4871212121212123,True
4445114986,2016-05-08,7303,4.90000009536743,4.90000009536743,0.0,0.0,0.25,4.65000009536743,0.0,0,8,308,733,2423,False,6.016666666666667,316,5447.857142857143,221.71428571428572,2243.4285714285716,4704.884615384615,214.69230769230768,1676.526488354373,54.8793361700152,2598.1153846153848,101.30769230769232,1.549701362378064,1.846007942731577,1818.0344174017002,58.41721859667257,2120.0,178.0,79.71428571428623,-8.0,6.217391304347826,-0.20072463768115956,True
4445114986,2016-05-09,5275,3.53999996185303,3.53999996185303,0.0,0.0,0.0,3.53999996185303,0.0,0,0,266,641,2281,False,7.616666666666666,266,5214.285714285715,226.71428571428572,2235.5714285714284,4801.111111111111,218.44444444444446,1718.325690748753,57.236576077064925,473.8888888888887,47.55555555555554,0.2757852548934471,0.8308595304629314,1700.079577969387,60.79395333340941,-2028.0,-50.0,-657.4285714285706,-10.428571428571416,6.209027777777778,1.4076388888888882,True
4445114986,2016-05-10,3915,2.63000011444092,2.63000011444092,0.0,0.0,0.0,2.63000011444092,0.0,0,0,231,783,2181,False,6.75,231,4701.857142857143,221.85714285714286,2201.285714285714,4818.035714285715,220.14285714285714,1688.581181372295,56.88110685860743,-903.0357142857147,10.857142857142861,-0.5347896350574248,0.1908743212971708,1411.7394033096698,58.541804355032106,-1360.0,-35.0,-1337.8571428571422,-23.14285714285714,6.265333333333333,0.4846666666666666,True
4445114986,2016-05-11,9105,6.1100001335144,6.1100001335144,0.0,2.25,1.0,2.85999989509583,0.0,34,22,232,622,2499,False,8.316666666666666,288,5585.0,237.28571428571428,2262.5714285714284,4786.896551724138,220.51724137931035,1666.6114755229628,55.892512078130295,4318.103448275862,67.48275862068965,2.590947865836544,1.2073666919638726,1946.012761177753,59.88799068737763,5190.0,57.0,162.42857142857156,-1.0,6.283974358974358,2.032692307692308,True
4445114986,2016-05-12,768,0.519999980926514,0.519999980926514,0.0,0.0,0.0,0.519999980926514,0.0,0,0,58,380,1212,False,8.05,58,5151.857142857143,218.0,2132.8571428571427,4930.833333333333,222.76666666666668,1817.5116578544362,56.285407757577644,-4162.833333333333,-164.76666666666668,-2.2904025473801557,-2.9273424552412854,2627.602483162894,90.45993588324059,-8337.0,-230.0,-171.71428571428532,-14.142857142857139,6.359259259259259,1.6907407407407415,True
4558609924,2016-04-12,5135,3.39000010490417,3.39000010490417,0.0,0.0,0.0,3.39000010490417,0.0,0,0,318,1122,1909,False,,318,,,,,,,,,,,,,,,,,,,,True
4558609924,2016-04-13,4978,3.28999996185303,3.28999996185303,0.0,1.24000000953674,0.439999997615814,1.61000001430511,0.0,19,7,127,1287,1722,False,,153,,,,5135.0,318.0,,,-157.0,-165.0,,,,,-157.0,-165.0,,,,,True
4558609924,2016-04-14,6799,4.48999977111816,4.48999977111816,0.0,0.0,0.0,4.48999977111816,0.0,0,0,279,1161,1922,False,,279,5637.333333333333,250.0,1851.0,5056.5,235.5,111.01576464628796,116.67261889578035,1742.5,43.5,15.695968855016982,0.37283811779367826,1009.090844935843,86.23804264940155,1821.0,126.0,,,,,True
4558609924,2016-04-15,7795,5.15000009536743,5.15000009536743,0.0,0.589999973773956,0.839999973773956,3.73000001907349,0.0,17,30,262,1131,2121,False,,309,6176.75,264.75,1918.5,5637.333333333333,250.0,1009.090844935843,86.23804264940155,2157.666666666667,59.0,2.138228362051606,0.6841528112565136,1357.46979708574,76.34297610127601,996.0,30.0,,,,,True
4558609924,2016-04-16,7289,4.82000017166138,4.82000017166138,0.0,0.550000011920929,0.75,3.5,0.0,8,12,308,1112,1997,False,,328,6399.2,277.4,1934.2,6176.75,264.75,1357.46979708574,76.34297610127601,1112.25,63.25,0.8193552457435582,0.828497949668547,1276.5042890644747,71.91175147359435,-506.0,19.0,,,,,True
4558609924,2016-04-17,9634,6.40000009536743,6.40000009536743,0.0,0.550000011920929,1.13999998569489,4.71000003814697,0.0,7,19,304,1110,2117,False,,330,6938.333333333333,286.1666666666667,1964.6666666666667,6399.2,277.4,1276.5042890644747,71.91175147359435,3234.8,52.60000000000002,2.534108208783704,0.7314520671612681,1745.7259426000026,67.8097829716824,2345.0,2.0,,,,,True
4558609924,2016-04-18,8940,5.90999984741211,5.90999984741211,0.0,0.980000019073486,0.930000007152557,4.0,0.0,14,15,331,1080,2116,False,,360,7224.285714285715,296.7142857142857,1986.2857142857142,6938.333333333333,286.1666666666667,1745.7259426000026,67.8097829716824,2001.666666666667,73.83333333333331,1.1466099097656006,1.08883009219092,1764.0901067581285,67.90118871250658,-694.0,30.0,,,,,True
4558609924,2016-04-19,5401,3.5699999332428,3.5699999332428,0.0,0.0500000007450581,0.360000014305115,3.16000008583069,0.0,1,9,248,1182,1876,False,,258,7262.285714285715,288.14285714285717,1981.5714285714287,7224.285714285715,296.7142857142857,1764.0901067581285,67.90118871250658,-1823.2857142857147,-38.71428571428572,-1.0335558859874874,-0.5701562207996926,1713.7304060913154,68.5502943621897,-3539.0,-102.0,,,,,True
4558609924,2016-04-20,4803,3.17000007629395,3.17000007629395,0.0,0.0,0.0,3.17000007629395,0.0,0,0,222,1218,1788,False,,222,7237.285714285715,298.0,1991.0,6996.375,291.875,1755.843626091377,64.33714212756779,-2193.375,-69.875,-1.2491858421546402,-1.0860755794122183,1753.424336765606,47.65501022977543,-598.0,-36.0,,,,,True
4558609924,2016-04-21,13743,9.07999992370605,9.07999992370605,0.0,0.419999986886978,0.970000028610229,7.69999980926514,0.0,6,21,432,844,2486,False,2.1,459,8229.285714285714,323.7142857142857,2071.5714285714284,6752.666666666667,284.1111111111111,1797.8201383898224,64.53186120910439,6990.333333333333,174.8888888888889,3.8882272926956096,2.710116877182183,2991.397595009492,75.89184032932283,8940.0,237.0,2591.9523809523807,73.71428571428572,,,True
4558609924,2016-04-22,9601,6.34999990463257,6.34999990463257,0.0,1.37000000476837,1.5,3.47000002861023,0.0,20,25,273,1122,2094,False,,318,8487.285714285714,325.0,2067.714285714286,7451.7,301.6,2785.588748860423,82.22084082923664,2149.3,16.399999999999977,0.7715783602686128,0.1994628081534475,3025.38717711115,75.67694497005019,-4142.0,-141.0,2310.5357142857138,60.25,2.1,,True
4558609924,2016-04-23,6890,4.55000019073486,4.55000019073486,0.0,0.340000003576279,0.200000002980232,4.01000022888184,0.0,5,5,308,1122,2085,False,,318,8430.285714285714,323.57142857142856,2080.285714285714,7647.090909090909,303.09090909090907,2720.9387885266897,78.15811480000596,-757.090909090909,14.909090909090935,-0.2782462111992625,0.1907555057652733,3055.3367361763208,75.70525552618997,-2711.0,0.0,2031.085714285714,46.17142857142858,2.1,,True
4558609924,2016-04-24,8563,5.65999984741211,5.65999984741211,0.0,0.0,0.0,5.65000009536743,0.0,0,0,395,1045,2173,False,,395,8277.285714285714,332.85714285714283,2088.285714285714,7584.0,304.3333333333333,2603.502885100624,74.64501850678845,979.0,90.66666666666669,0.3760318474108894,1.2146378588382736,3011.5144979608804,80.46205849431682,1673.0,77.0,1338.9523809523807,46.69047619047615,2.1,,True
4558609924,2016-04-25,8095,5.34999990463257,5.34999990463257,0.0,0.589999973773956,0.25,4.51000022888184,0.0,18,10,340,993,2225,False,,368,8156.571428571428,334.0,2103.8571428571427,7659.307692307692,311.3076923076923,2507.4092667072186,75.76211081997015,435.6923076923076,56.69230769230768,0.17376194357401645,0.7482936566898093,2997.425331688451,80.96707149617474,-468.0,-27.0,932.2857142857138,37.28571428571428,2.1,,True
4558609924,2016-04-26,9148,6.05000019073486,6.05000019073486,0.0,0.430000007152557,2.02999997138977,3.58999991416931,0.0,12,41,283,1062,2223,False,1.7166666666666666,336,8691.857142857143,345.14285714285717,2153.4285714285716,7690.428571428572,315.35714285714283,2411.853475402929,74.35011473050706,1457.5714285714284,20.642857142857167,0.6043366410240105,0.27764391406840905,2747.4652820719093,73.81605193865038,1053.0,-32.0,1429.5714285714284,57.0,2.1,-0.3833333333333335,True
4558609924,2016-04-27,9557,6.32000017166138,6.32000017166138,0.0,1.96000003814697,0.889999985694885,3.46000003814697,0.0,27,14,312,1087,2098,False,,353,9371.0,363.85714285714283,2197.714285714286,7787.6,316.73333333333335,2354.3935160825235,71.84354694817927,1769.3999999999996,36.26666666666665,0.7515311213533131,0.5048006077431726,2148.1779100747995,50.230895444366354,409.0,17.0,2133.7142857142853,65.85714285714283,1.9083333333333332,,True
4558609924,2016-04-28,9451,6.25,6.25,0.0,0.0199999995529652,0.270000010728836,5.94999980926514,0.0,1,11,367,985,2185,False,,379,8757.857142857143,352.42857142857144,2154.714285714286,7898.1875,319.0,2317.1745213729587,69.99714279883145,1552.8125,60.0,0.6701318718150779,0.8571778324618106,995.6921258721542,30.004761526893052,-106.0,26.0,528.5714285714294,28.714285714285722,1.9083333333333332,,True
4558609924,2016-04-29,7833,5.17999982833862,5.17999982833862,0.0,1.01999998092651,1.85000002384186,2.30999994277954,0.0,15,29,197,1096,1918,False,2.85,241,8505.285714285714,341.42857142857144,2129.5714285714284,7989.529411764706,322.52941176470586,2274.984288892097,69.31911501081325,-156.5294117647063,-81.52941176470586,-0.06880461217256605,-1.1761461550084957,970.0808753716906,51.29281022670125,-1618.0,-138.0,18.0,16.428571428571445,1.9083333333333332,0.9416666666666669,True
4558609924,2016-04-30,10319,6.82000017166138,6.82000017166138,0.0,0.469999998807907,1.88999998569489,4.46000003814697,0.0,7,29,293,1111,2105,False,,329,8995.142857142857,343.0,2132.4285714285716,7980.833333333333,318.0,2207.3672966574777,69.94115173402818,2338.166666666667,11.0,1.0592558244149026,0.15727507440191524,880.0599276131571,50.61949558552851,2486.0,88.0,564.8571428571431,19.428571428571445,2.2222222222222223,,True
4558609924,2016-05-01,3428,2.26999998092651,2.26999998092651,0.0,0.0,0.0,2.26999998092651,0.0,0,0,190,1121,1692,False,1.9166666666666667,190,8261.57142857143,313.7142857142857,2063.714285714286,8103.894736842105,318.57894736842104,2211.224921841005,68.01741263127136,-4675.894736842105,-128.57894736842104,-2.114617417948811,-1.8903827785257952,2298.0598960240977,70.79951573684271,-6891.0,-139.0,-15.714285714284415,-19.14285714285711,2.2222222222222223,-0.3055555555555556,True
4558609924,2016-05-02,7891,5.21999979019165,5.21999979019165,0.0,0.0,0.0,5.21999979019165,0.0,0,0,383,1057,2066,False,,383,8232.42857142857,315.85714285714283,2041.0,7870.1,312.15,2392.77502186544,72.17688432994977,20.899999999999636,70.85000000000002,0.008734628120186194,0.9816162013103777,2301.8147809314037,72.91188419690488,4463.0,193.0,75.85714285714221,-18.142857142857167,2.1458333333333335,,True
4558609924,2016-05-03,5267,3.48000001907349,3.48000001907349,0.0,0.600000023841858,0.280000001192093,2.59999990463257,0.0,21,10,237,1172,1953,False,,268,7678.0,306.14285714285717,2002.4285714285713,7871.0952380952385,315.5238095238095,2332.1930645802436,72.0282021486161,-2604.0952380952385,-47.52380952380952,-1.1165864767063556,-0.6597944617020841,2503.126911151997,74.29766387406045,-2624.0,-115.0,-1013.8571428571431,-39.0,2.1458333333333335,,True
4558609924,2016-05-04,5232,3.46000003814697,3.46000003814697,0.0,0.0,0.0,3.46000003814697,0.0,0,0,252,1188,1842,False,,252,7060.142857142857,291.7142857142857,1965.857142857143,7752.727272727273,313.3636363636364,2342.724912855971,71.01880733771159,-2520.727272727273,-61.363636363636374,-1.0759809048934907,-0.8640476769454855,2495.793422846493,73.48404426747872,-35.0,-16.0,-2310.857142857143,-72.14285714285711,2.1458333333333335,,True
4558609924,2016-05-05,10611,7.01000022888184,7.01000022888184,0.0,1.00999999046326,0.5,5.51000022888184,0.0,14,8,370,1048,2262,False,,392,7225.857142857143,293.57142857142856,1976.857142857143,7643.130434782609,310.69565217391306,2348.436255436754,70.55586747239813,2967.869565217391,81.30434782608694,1.2637641567161348,1.152339976622833,2710.291154628437,76.17273602993215,5379.0,140.0,-1532.0,-58.85714285714289,2.1458333333333335,,True
4558609924,2016-05-06,3755,2.48000001907349,2.48000001907349,0.0,0.0,0.0,2.48000001907349,0.0,0,0,202,1238,1722,False,,202,6643.285714285715,288.0,1948.857142857143,7766.791666666667,314.0833333333333,2375.3681816064654,70.97269325878649,-4011.791666666667,-112.08333333333331,-1.6889136160208107,-1.579245856507093,2982.632210776567,81.87185108448453,-6856.0,-190.0,-1861.999999999999,-53.428571428571445,2.1458333333333335,,True
4558609924,2016-05-07,8237,5.44000005722046,5.44000005722046,0.0,1.61000001430511,1.0,2.82999992370605,0.0,23,16,233,1116,1973,False,,272,6345.857142857143,279.85714285714283,1930.0,7606.32,309.6,2459.8890171442017,73.00513680557006,630.6800000000003,-37.60000000000002,0.25638555046511824,-0.5150322447186897,2639.014110646338,79.92585850113134,4482.0,70.0,-2649.2857142857138,-63.14285714285717,2.1458333333333335,,True
4558609924,2016-05-08,6543,4.32999992370605,4.32999992370605,0.0,1.79999995231628,0.5,2.01999998092651,0.0,66,35,238,1019,2666,False,2.05,339,6790.857142857143,301.14285714285717,2069.1428571428573,7630.576923076923,308.15384615384613,2413.3607633021124,71.90921627034595,-1087.5769230769229,30.846153846153868,-0.45064829890504365,0.4289596663274245,2306.6994045295864,71.39194298945456,-1694.0,67.0,-1470.7142857142862,-12.571428571428555,2.1458333333333335,-0.09583333333333366,True
4558609924,2016-05-09,11451,7.57000017166138,7.57000017166138,0.0,0.430000007152557,1.62000000476837,5.51999998092651,0.0,6,30,339,1065,2223,False,,375,7299.428571428572,300.0,2091.5714285714284,7590.2962962962965,309.2962962962963,2375.732839402723,70.76223178570224,3860.7037037037035,65.7037037037037,1.625058019170731,0.928513715821858,2904.6306625308303,69.9118492579525,4908.0,36.0,-932.9999999999991,-15.857142857142833,2.1266666666666665,,True
4558609924,2016-05-10,6435,4.25,4.25,0.0,0.740000009536743,1.12000000476837,2.39000010490417,0.0,11,18,220,1191,1889,False,,249,7466.285714285715,297.2857142857143,2082.4285714285716,7728.178571428572,311.64285714285717,2442.8238070144153,70.54088086362314,-1293.1785714285716,-62.64285714285717,-0.5293785688455761,-0.8880362066349661,2800.085041225577,71.70707609367969,-5016.0,-126.0,-211.71428571428532,-8.85714285714289,2.1266666666666665,,True
4558609924,2016-05-11,9108,6.01999998092651,6.01999998092651,0.0,0.259999990463257,1.82000005245209,3.94000005722046,0.0,4,31,324,1081,2131,False,,359,8020.0,312.57142857142856,2123.714285714286,7683.586206896552,309.48275862068965,2410.7951047208085,70.23970218862547,1424.4137931034484,49.51724137931035,0.5908481354235868,0.7049750943043437,2664.577952822297,71.84904810980947,2673.0,110.0,959.8571428571431,20.857142857142833,2.1266666666666665,,True
4558609924,2016-05-12,6307,4.17000007629395,4.17000007629395,0.0,0.0,0.0,4.17000007629395,0.0,0,0,247,736,1452,False,,247,7405.142857142857,291.85714285714283,2008.0,7731.066666666667,311.1333333333333,2383.097432903792,69.60763599279714,-1424.0666666666666,-64.13333333333333,-0.5975696362250196,-0.921354841279409,2455.422463893022,65.77848830590084,-2801.0,-112.0,179.28571428571377,-1.7142857142857224,2.1266666666666665,,True
4702921684,2016-04-12,7213,5.88000011444092,5.88000011444092,0.0,0.0,0.0,5.84999990463257,0.0,0,0,263,718,2947,False,7.083333333333333,263,,,,,,,,,,,,,,,,,,,,True
4702921684,2016-04-13,6877,5.57999992370605,5.57999992370605,0.0,0.0,0.0,5.57999992370605,0.0,0,0,258,777,2898,False,6.666666666666667,258,,,,7213.0,263.0,,,-336.0,-5.0,,,,,-336.0,-5.0,,,7.083333333333333,-0.4166666666666661,True
4702921684,2016-04-14,7860,6.36999988555908,6.36999988555908,0.0,0.0,0.0,6.36999988555908,0.0,0,0,271,772,2984,False,6.4,271,7316.666666666667,264.0,2943.0,7045.0,260.5,237.58787847867995,3.5355339059327378,815.0,10.5,3.4303096681038157,2.969847640983737,499.6321980550625,6.557438524302,983.0,13.0,,,6.875,-0.47499999999999964,True
4702921684,2016-04-15,6506,5.28000020980835,5.28000020980835,0.0,0.0700000002980232,0.419999986886978,4.78999996185303,0.0,1,8,256,944,2896,False,4.216666666666667,265,7114.0,264.25,2931.25,7316.666666666667,264.0,499.6321980550625,6.557438524302,-810.666666666667,1.0,-1.6225268671631923,0.15249854707679425,575.0797046207305,5.377421934967226,-1354.0,-6.0,,,6.716666666666666,-2.499999999999999,True
4702921684,2016-04-16,11140,9.02999973297119,9.02999973297119,0.0,0.239999994635582,1.25,7.53999996185303,0.0,3,24,335,556,3328,False,6.366666666666666,362,7919.2,283.8,3010.6,7114.0,264.25,575.0797046207305,5.377421934967226,4026.0,97.75,7.000768694583666,18.1778523248322,1868.0933327861326,43.96248400625242,4634.0,97.0,,,6.091666666666667,0.27499999999999947,True
4702921684,2016-04-17,12692,10.289999961853,10.289999961853,0.0,0.959999978542328,3.46000003814697,5.88000011444092,0.0,12,66,302,437,3394,False,9.85,380,8714.666666666666,299.8333333333333,3074.5,7919.2,283.8,1868.0933327861326,43.96248400625242,4772.8,96.19999999999999,2.554904465253239,2.1882293502361905,2566.7920575431635,55.57487441881147,1552.0,18.0,,,6.1466666666666665,3.703333333333333,True
4702921684,2016-04-18,9105,7.38000011444092,7.38000011444092,0.0,1.82000005245209,1.49000000953674,4.07000017166138,0.0,22,30,191,890,3013,False,4.883333333333334,243,8770.42857142857,291.7142857142857,3065.714285714286,8714.666666666666,299.8333333333333,2566.7920575431635,55.57487441881147,390.33333333333394,-56.833333333333314,0.15207049282943308,-1.0226443677118144,2347.789801575293,55.09299497429864,-3587.0,-137.0,,,6.763888888888888,-1.8805555555555546,True
4702921684,2016-04-19,6708,5.44000005722046,5.44000005722046,0.0,0.879999995231628,0.370000004768372,4.19000005722046,0.0,10,8,179,757,2812,False,7.616666666666666,197,8698.285714285714,282.2857142857143,3046.4285714285716,8770.42857142857,291.7142857142857,2347.789801575293,55.09299497429864,-2062.4285714285706,-94.71428571428572,-0.8784553749940862,-1.7191710858939449,2410.5427268760945,65.49227508063905,-2397.0,-46.0,,,6.495238095238095,1.121428571428571,True
4702921684,2016-04-20,8793,7.13000011444092,7.13000011444092,0.0,0.159999996423721,1.23000001907349,5.73000001907349,0.0,2,29,260,717,3061,False,7.566666666666666,291,8972.0,287.0,3069.714285714286,8512.625,279.875,2292.678155563925,61.01624490950867,280.375,11.125,0.1222914778497313,0.182328490292555,2274.193996415727,64.63487190879755,2085.0,94.0,,,6.635416666666666,0.9312500000000004,True
4702921684,2016-04-21,6530,5.30000019073486,5.30000019073486,0.0,0.310000002384186,2.04999995231628,2.94000005722046,0.0,4,41,144,901,2729,False,7.083333333333333,189,8782.0,275.2857142857143,3033.285714285714,8543.777777777777,281.1111111111111,2146.639453761261,57.195813755126444,-2013.7777777777774,-92.11111111111109,-0.9381071298727901,-1.6104519448751309,2432.621014461562,74.66974908603503,-2263.0,-102.0,1465.333333333333,11.285714285714278,6.738888888888889,0.3444444444444441,True
4702921684,2016-04-22,1664,1.35000002384186,1.35000002384186,0.0,0.0,0.0,1.35000002384186,0.0,0,0,72,1341,2241,False,,72,8090.285714285715,247.71428571428572,2939.714285714286,8342.4,271.9,2121.693725933757,61.28884255900271,-6678.4,-199.89999999999998,-3.1476739150525432,-3.261605022903662,3597.275298254023,107.5107968000025,-4866.0,-117.0,976.2857142857147,-16.535714285714278,6.773333333333333,,True
4702921684,2016-04-23,15126,12.2700004577637,12.2700004577637,0.0,0.759999990463257,3.24000000953674,8.27000045776367,0.0,9,66,408,469,3691,False,7.75,483,8659.714285714286,265.0,2991.5714285714284,7735.272727272727,253.72727272727272,2847.115139607427,83.7461532359438,7390.727272727273,229.27272727272728,2.5958652557867663,2.7377105177484506,4388.870648746505,135.1283340630923,13462.0,411.0,740.5142857142864,-18.80000000000001,6.773333333333333,0.9766666666666666,True
4702921684,2016-04-24,15050,12.2200002670288,12.2200002670288,0.0,1.20000004768372,5.11999988555908,5.88000011444092,0.0,15,95,281,542,3538,False,8.0,391,8996.57142857143,266.57142857142856,3012.1428571428573,8351.166666666666,272.8333333333333,3452.6879076856612,103.71274431492657,6698.833333333334,118.16666666666669,1.940179219929376,1.1393649479420336,4819.322699894072,136.74289395657476,-76.0,-92.0,281.9047619047633,-33.26190476190476,6.862121212121212,1.1378787878787877,True
4702921684,2016-04-25,9167,7.42999982833862,7.42999982833862,0.0,0.490000009536743,0.819999992847443,6.1100001335144,0.0,6,15,270,730,3064,False,6.166666666666667,291,9005.42857142857,273.42857142857144,3019.4285714285716,8866.461538461539,281.9230769230769,3792.032054527507,104.56613659821674,300.538461538461,9.076923076923094,0.07925525342022809,0.08680556904377705,4819.612150963425,136.56726931303507,-5883.0,-100.0,235.0,-18.285714285714278,6.956944444444445,-0.7902777777777779,True
4702921684,2016-04-26,6108,4.94999980926514,4.94999980926514,0.0,0.0700000002980232,0.349999994039536,4.53999996185303,0.0,1,8,216,765,2784,False,7.016666666666667,225,8919.714285714286,277.42857142857144,3015.4285714285716,8887.92857142857,282.57142857142856,3644.1518684955136,100.49317947442562,-2779.9285714285706,-57.571428571428555,-0.7628465198442502,-0.5728889094726167,4872.327531214273,134.3476301029747,-3059.0,-66.0,221.42857142857247,-4.857142857142833,6.8961538461538465,0.12051282051282008,True
4702921684,2016-04-27,7047,5.71999979019165,5.71999979019165,0.0,0.0900000035762787,0.800000011920929,4.78000020980835,0.0,1,16,238,733,2908,False,7.2,255,8670.285714285714,272.2857142857143,2993.5714285714284,8702.6,278.73333333333335,3584.1990497977968,97.97191045445238,-1655.6000000000004,-23.73333333333335,-0.46191631004184464,-0.24224630285351828,4924.309654299633,134.43054499841705,939.0,30.0,-301.71428571428623,-14.714285714285722,6.904761904761905,0.2952380952380951,True
4702921684,2016-04-28,9023,7.32000017166138,7.32000017166138,0.0,1.12999999523163,0.419999986886978,5.76999998092651,0.0,14,9,232,738,3033,False,7.366666666666666,255,9026.42857142857,281.7142857142857,3037.0,8599.125,277.25,3487.314704754935,94.83564730627401,423.875,-22.25,0.1215476765835045,-0.23461641689993082,4833.023100060073,129.85211368542073,1976.0,0.0,244.42857142857065,6.428571428571445,6.924444444444444,0.44222222222222207,True
4702921684,2016-04-29,9930,8.05000019073486,8.05000019073486,0.0,1.05999994277954,0.920000016689301,6.07000017166138,0.0,12,19,267,692,3165,False,7.216666666666667,298,10207.285714285714,314.0,3169.0,8624.058823529413,275.94117647058823,3378.14260116762,91.98265501457006,1305.9411764705874,22.058823529411768,0.38658556794867593,0.23981503128065415,3582.3361890571596,91.43121275946564,907.0,43.0,2116.999999999999,66.28571428571428,6.952083333333333,0.2645833333333334,True
4702921684,2016-04-30,10144,8.22999954223633,8.22999954223633,0.0,0.319999992847443,2.02999997138977,5.88000011444092,0.0,4,36,263,728,3115,False,7.983333333333333,303,9495.57142857143,288.2857142857143,3086.714285714286,8696.611111111111,277.1666666666667,3291.703405602868,89.38762251466099,1447.3888888888887,25.833333333333314,0.439708172366184,0.28900346958095646,2865.4054312983853,53.36888695895855,214.0,5.0,835.8571428571431,23.285714285714278,6.9676470588235295,1.0156862745098039,True
4702921684,2016-05-01,0,0.0,0.0,0.0,0.0,0.0,0.0,0.0,0,0,0,1440,2017,True,,0,7345.571428571428,232.42857142857142,2869.4285714285716,8772.78947368421,278.5263157894737,3216.1482065585396,87.07108744586716,-8772.78947368421,-278.5263157894737,-2.727731717421026,-3.1988381075841943,3564.1733430134427,106.30750544663206,-10144.0,-303.0,-1651.000000000001,-34.14285714285714,7.024074074074075,,False
4702921684,2016-05-02,7245,5.92000007629395,5.92000007629395,0.0,0.379999995231628,1.74000000953674,3.75999999046326,0.0,5,40,195,1131,2859,False,,240,7071.0,225.14285714285714,2840.1428571428573,8334.15,264.6,3694.2252983897934,105.17223968329284,-1089.1499999999996,-24.600000000000023,-0.2948250070670849,-0.23390202433813756,3473.3455534014083,103.33026109104169,7245.0,240.0,-1934.4285714285706,-48.285714285714306,7.024074074074075,,True
4702921684,2016-05-03,9454,7.67000007629395,7.67000007629395,0.0,0.0,0.0,7.67000007629395,0.0,0,0,313,729,3145,False,5.45,313,7549.0,237.71428571428572,2891.714285714286,8282.285714285714,263.42857142857144,3608.520959380133,102.64968165005257,1171.7142857142862,49.571428571428555,0.3247076291309263,0.48291847857362247,3548.161683651597,108.53219842626469,2209.0,73.0,-1370.7142857142862,-39.71428571428572,7.024074074074075,-1.5740740740740744,True
4702921684,2016-05-04,8161,6.61999988555908,6.61999988555908,0.0,0.340000003576279,0.730000019073486,5.53999996185303,0.0,4,15,251,757,3004,False,6.866666666666666,270,7708.142857142857,239.85714285714286,2905.4285714285716,8335.545454545454,265.6818181818182,3530.405207112482,100.73179209859187,-174.54545454545405,4.318181818181813,-0.04944062912222309,0.04286811229455,3546.8756875392664,109.07708065313042,-1293.0,-43.0,-962.1428571428569,-32.428571428571416,6.9412280701754385,-0.07456140350877227,True
4702921684,2016-05-05,8614,6.98999977111816,6.98999977111816,0.0,0.670000016689301,0.219999998807907,6.09000015258789,0.0,8,5,241,745,3006,False,6.9,254,7649.714285714285,239.71428571428572,2901.5714285714284,8327.95652173913,265.8695652173913,3449.427626805521,98.41992792843699,286.04347826086996,-11.869565217391312,0.08292491077508037,-0.1206012374386279,3524.9064627913995,109.05459532685799,453.0,-16.0,-1376.7142857142853,-42.0,6.9375,-0.037499999999999645,True
4702921684,2016-05-06,6943,5.63000011444092,5.63000011444092,0.0,0.0799999982118607,0.660000026226044,4.86999988555908,0.0,1,16,207,682,2859,False,6.733333333333333,224,7223.0,229.14285714285714,2857.8571428571427,8339.875,265.375,3374.1120095902074,96.2870764275067,-1396.875,-41.375,-0.4139978150149365,-0.4297045990532915,3380.7035756875625,106.0069629339327,-1671.0,-30.0,-2984.2857142857138,-84.85714285714286,6.935714285714286,-0.20238095238095255,True
4702921684,2016-05-07,14370,11.6499996185303,11.6499996185303,0.0,0.370000004768372,2.30999994277954,8.97000026702881,0.0,5,46,439,577,3683,False,8.666666666666666,490,7826.714285714285,255.85714285714286,2939.0,8284.0,263.72,3314.86388609447,94.62228419704665,6086.0,226.27999999999997,1.8359728203906658,2.391402823645424,4253.841625099432,144.34960867217313,7427.0,266.0,-1668.857142857144,-32.428571428571416,6.926515151515151,1.7401515151515152,True
4702921684,2016-05-08,12857,10.4300003051758,10.4300003051758,0.0,0.680000007152557,6.21000003814697,3.53999996185303,0.0,9,125,192,1019,3287,False,,326,9663.42857142857,302.42857142857144,3120.4285714285716,8518.076923076924,272.4230769230769,3460.257480859792,102.78411281007317,4338.923076923076,53.576923076923094,1.2539306972586983,0.5212568469084995,2857.816582471244,90.64189087255626,-1513.0,-164.0,2317.857142857142,70.00000000000003,7.002173913043479,,True
4702921684,2016-05-09,8232,6.67999982833862,6.67999982833862,0.0,0.0,0.569999992847443,6.09999990463257,0.0,0,12,253,746,2990,False,7.25,265,9804.42857142857,306.0,3139.1428571428573,8678.777777777777,274.4074074074074,3494.300472894653,101.31415697995223,-446.7777777777774,-9.40740740740739,-0.12785900385945084,-0.09285382808263484,2740.550969978048,88.23264701911656,-4625.0,-61.0,2733.4285714285706,80.85714285714286,7.002173913043479,0.24782608695652097,True
4702921684,2016-05-10,10613,8.60999965667725,8.60999965667725,0.0,0.0799999982118607,1.87999999523163,6.65000009536743,0.0,1,37,262,701,3172,False,6.933333333333334,300,9970.0,304.14285714285717,3143.0,8662.82142857143,274.07142857142856,3430.020041552197,99.43616175491823,1950.1785714285706,25.928571428571445,0.5685618588914976,0.26075595347014724,2750.8425375994657,88.1975596250233,2381.0,35.0,2421.0,66.42857142857144,7.0125,-0.07916666666666661,True
4702921684,2016-05-11,9810,7.96000003814697,7.96000003814697,0.0,0.779999971389771,2.16000008583069,4.98000001907349,0.0,10,41,235,784,3069,False,5.9,286,10205.57142857143,306.42857142857144,3152.285714285714,8730.068965517241,274.9655172413793,3387.6248730914963,97.76300891098866,1079.931034482759,11.034482758620697,0.31878707785565497,0.11286971185387379,2638.4171300954204,87.36867696311838,-803.0,-14.0,2497.4285714285725,66.57142857142858,7.009333333333333,-1.1093333333333328,True
4702921684,2016-05-12,2752,2.23000001907349,2.23000001907349,0.0,0.0,0.0,2.23000001907349,0.0,0,0,68,241,1240,False,6.733333333333333,68,9368.142857142857,279.85714285714283,2900.0,8766.066666666668,275.3333333333333,3334.53941329992,96.08377570653116,-6014.0666666666675,-207.33333333333331,-1.8035674254968461,-2.157839132058598,3870.4239831733953,125.80199862141646,-7058.0,-218.0,1718.4285714285716,40.14285714285711,6.966666666666667,-0.2333333333333334,True
5553957443,2016-04-12,11596,7.57000017166138,7.57000017166138,0.0,1.37000000476837,0.790000021457672,5.40999984741211,0.0,19,13,277,767,2026,False,7.35,309,,,,,,,,,,,,,,,,,,,,True
5553957443,2016-04-13,4832,3.16000008583069,3.16000008583069,0.0,0.0,0.0,3.16000008583069,0.0,0,0,226,647,1718,False,7.583333333333333,226,,,,11596.0,309.0,,,-6764.0,-83.0,,,,,-6764.0,-83.0,,,7.35,0.2333333333333334,True
5553957443,2016-04-14,17022,11.1199998855591,11.1199998855591,0.0,4.0,2.45000004768372,4.67000007629395,0.0,61,41,256,693,2324,False,5.95,358,11150.0,297.6666666666667,2022.6666666666667,8214.0,267.5,4782.870267945807,58.68986283848344,8808.0,90.5,1.8415720069157073,1.542003918241473,6107.22621162832,66.72580710140068,12190.0,132.0,,,7.466666666666667,-1.5166666666666666,True
5553957443,2016-04-15,16556,10.8599996566772,10.8599996566772,0.0,4.15999984741211,1.98000001907349,4.71000003814697,0.0,58,38,239,689,2254,False,6.283333333333333,335,12501.5,307.0,2080.5,11150.0,297.6666666666667,6107.22621162832,66.72580710140068,5406.0,37.333333333333314,0.8851809007535454,0.5595036522689881,5672.008785841808,57.59050847723664,-466.0,-23.0,,,6.961111111111111,-0.677777777777778,True
5553957443,2016-04-16,5771,3.76999998092651,3.76999998092651,0.0,0.0,0.0,3.76999998092651,0.0,0,0,288,521,1831,False,10.85,288,11155.4,303.2,2030.6,12501.5,307.0,5672.008785841808,57.59050847723664,-6730.5,-19.0,-1.1866166384674384,-0.3299154699700996,5760.962489029068,50.59347784052801,-10785.0,-47.0,,,6.791666666666666,4.058333333333334,True
5553957443,2016-04-17,655,0.430000007152557,0.430000007152557,0.0,0.0,0.0,0.430000007152557,0.0,0,0,46,943,1397,False,5.833333333333333,46,9405.333333333334,260.3333333333333,1925.0,11155.4,303.2,5760.962489029068,50.59347784052801,-10500.4,-257.2,-1.8226815429147183,-5.0836591176246495,6702.786813458016,114.33751207135244,-5116.0,-242.0,,,7.6033333333333335,-1.7700000000000005,True
5553957443,2016-04-18,3727,2.4300000667572,2.4300000667572,0.0,0.0,0.0,2.4300000667572,0.0,0,0,206,622,1683,False,8.666666666666666,206,8594.142857142857,252.57142857142858,1890.4285714285713,9405.333333333334,260.3333333333333,6702.786813458016,114.33751207135244,-5678.333333333334,-54.333333333333314,-0.8471600679712922,-0.4752012867327851,6484.263191979267,106.37646535278553,3072.0,160.0,,,7.308333333333334,1.3583333333333325,True
5553957443,2016-04-19,15482,10.1099996566772,10.1099996566772,0.0,4.28000020980835,1.6599999666214,4.17999982833862,0.0,69,28,249,756,2284,False,5.95,346,9149.285714285714,257.85714285714283,1927.2857142857142,8594.142857142857,252.57142857142858,6484.263191979267,106.37646535278553,6887.857142857143,93.42857142857142,1.062242067890591,0.8782823366093598,6934.79342913413,110.48744811278877,11755.0,140.0,,,7.502380952380952,-1.5523809523809522,True
5553957443,2016-04-20,2713,1.76999998092651,1.76999998092651,0.0,0.0,0.0,1.76999998092651,0.0,0,0,148,598,1570,False,10.966666666666669,148,8846.57142857143,246.71428571428572,1906.142857142857,9455.125,264.25,6478.384596652383,103.87733150211358,-6742.125,-116.25,-1.0407108281967683,-1.1191084445457307,7195.988763590051,117.91906021464368,-12769.0,-198.0,,,7.308333333333334,3.658333333333335,True
5553957443,2016-04-21,12346,8.0600004196167,8.0600004196167,0.0,2.95000004768372,2.16000008583069,2.96000003814697,0.0,47,42,177,801,2066,False,6.65,266,8178.571428571428,233.57142857142858,1869.2857142857142,8706.0,251.33333333333334,6463.27919867307,104.60998996271817,3640.0,14.666666666666657,0.563181612235492,0.14020330688962293,6493.30842373241,108.17248131704159,9633.0,118.0,-2971.4285714285716,-64.0952380952381,7.714814814814815,-1.0648148148148149,True
5553957443,2016-04-22,11682,7.63000011444092,7.63000011444092,0.0,1.37999999523163,0.629999995231628,5.59999990463257,0.0,25,16,270,781,2105,False,5.366666666666666,311,7482.285714285715,230.14285714285714,1848.0,9070.0,252.8,6201.4018486862215,98.73623673426309,2612.0,58.19999999999999,0.4211950883544439,0.5894492370333009,5652.098893752824,104.7479969123174,-664.0,45.0,-5019.214285714285,-76.85714285714286,7.6083333333333325,-2.2416666666666663,True
5553957443,2016-04-23,4112,2.69000005722046,2.69000005722046,0.0,0.0,0.0,2.6800000667572,0.0,0,0,272,443,1776,False,10.516666666666667,272,7245.285714285715,227.85714285714286,1840.142857142857,9307.454545454546,258.09090909090907,5935.6446720408785,95.29895544595915,-5195.454545454546,13.909090909090935,-0.8752974329901848,0.14595218486970857,5769.380027763979,103.44149485164479,-7570.0,-39.0,-3910.114285714285,-75.34285714285713,7.404545454545455,3.1121212121212123,True
5553957443,2016-04-24,1807,1.17999994754791,1.17999994754791,0.0,0.0,0.0,1.17999994754791,0.0,0,0,104,582,1507,False,9.216666666666669,104,7409.857142857143,236.14285714285714,1855.857142857143,8874.5,259.25,5854.773724375381,90.95266001407745,-7067.5,-155.25,-1.2071346104066327,-1.7069319167689965,5562.792686788755,87.5488979017413,-2305.0,-168.0,-1995.4761904761908,-24.190476190476176,7.663888888888889,1.5527777777777798,True
5553957443,2016-04-25,10946,7.19000005722046,7.19000005722046,0.0,2.9300000667572,0.569999992847443,3.69000005722046,0.0,51,11,201,732,2033,False,7.216666666666667,263,8441.142857142857,244.28571428571428,1905.857142857143,8330.846153846154,247.30769230769232,5938.359844353123,97.14455261394795,2615.1538461538457,15.69230769230768,0.440383189004663,0.16153564053285832,5433.905790760191,86.9266247776715,9139.0,159.0,-153.0,-8.285714285714306,7.783333333333333,-0.5666666666666664,True
5553957443,2016-04-26,11886,7.76000022888184,7.76000022888184,0.0,2.36999988555908,0.930000007152557,4.46000003814697,0.0,40,18,238,750,2093,False,6.866666666666666,296,7927.428571428572,237.14285714285714,1878.5714285714287,8517.642857142857,248.42857142857142,5748.042738548125,93.42764727170044,3368.357142857143,47.571428571428584,0.5860007128482037,0.5091793430685992,4789.05084044646,78.85520183946558,940.0,33.0,-1221.8571428571422,-20.714285714285694,7.742857142857143,-0.8761904761904766,True
5553957443,2016-04-27,10538,6.88000011444092,6.88000011444092,0.0,1.13999998569489,1.0,4.73999977111816,0.0,16,16,206,745,1922,False,5.783333333333333,238,9045.285714285714,250.0,1928.857142857143,8742.2,251.6,5606.815880184199,90.86316242413251,1795.7999999999993,-13.599999999999994,0.32028874107075433,-0.14967561647086508,4252.207925077892,68.56383886568779,-1348.0,-58.0,198.71428571428442,3.2857142857142776,7.684444444444444,-1.9011111111111108,True
5553957443,2016-04-28,11393,7.63000011444092,7.63000011444092,0.0,3.71000003814697,0.75,3.17000007629395,0.0,49,13,165,727,1999,False,7.016666666666667,227,8909.142857142857,244.42857142857142,1919.2857142857142,8854.4375,250.75,5435.271976865555,87.84797474425159,2538.5625,-23.75,0.4670534446736002,-0.27035341223049303,4142.763507152015,68.63152128785805,855.0,-11.0,730.5714285714284,10.857142857142833,7.565625,-0.5489583333333332,True
5553957443,2016-04-29,12764,8.32999992370605,8.32999992370605,0.0,2.78999996185303,0.639999985694885,4.90999984741211,0.0,46,15,270,709,2169,False,7.5,331,9063.714285714286,247.28571428571428,1928.4285714285713,9003.764705882353,249.35294117647058,5298.572597046914,85.25325593230339,3760.235294117647,81.64705882352942,0.7096694863638732,0.9577001719519347,4281.33307566252,72.18890562432772,1371.0,104.0,1581.4285714285716,17.14285714285714,7.533333333333333,-0.033333333333333215,True
5553957443,2016-04-30,1202,0.779999971389771,0.779999971389771,0.0,0.0,0.0,0.779999971389771,0.0,0,0,84,506,1463,False,12.916666666666666,84,8648.0,220.42857142857142,1883.7142857142858,9212.666666666666,253.88888888888889,5216.217888357764,84.91718380030724,-8010.666666666666,-169.88888888888889,-1.5357231688902784,-2.0006420289179703,4933.832621130689,93.33605438210384,-11562.0,-247.0,1402.7142857142853,-7.428571428571445,7.531481481481482,5.385185185185184,True
5553957443,2016-05-01,5164,3.36999988555908,3.36999988555908,0.0,0.0,0.0,3.36999988555908,0.0,0,0,237,436,1747,False,10.366666666666667,237,9127.57142857143,239.42857142857142,1918.0,8791.052631578947,244.94736842105263,5392.098977760415,91.26546972931372,-3627.0526315789466,-7.94736842105263,-0.6726606180387227,-0.08707968476516059,4277.5631636537655,77.95480986412821,3962.0,153.0,1717.7142857142862,3.2857142857142776,7.814912280701755,2.5517543859649123,True
5553957443,2016-05-02,9769,6.38000011444092,6.38000011444092,0.0,1.05999994277954,0.409999996423721,4.90000009536743,0.0,23,9,227,724,1996,False,6.816666666666666,259,8959.42857142857,238.85714285714286,1912.7142857142858,8609.7,244.55,5310.579808765061,88.84905887603928,1159.2999999999993,14.449999999999989,0.21830008050501107,0.1626353730715934,4216.873322622771,77.76766374149042,4605.0,22.0,518.2857142857138,-5.428571428571416,7.9425,-1.1258333333333335,True
5553957443,2016-05-03,12848,8.39000034332275,8.39000034332275,0.0,1.5,1.20000004768372,5.67999982833862,0.0,26,29,247,812,2116,False,6.333333333333333,302,9096.857142857143,239.71428571428572,1916.0,8664.904761904761,245.23809523809524,5182.291374524998,86.65673935817384,4183.0952380952385,56.76190476190476,0.8071902822468111,0.6550200772299271,4341.967389274567,78.53176488044882,3079.0,43.0,1169.4285714285716,2.5714285714285836,7.888888888888888,-1.5555555555555554,True
5553957443,2016-05-04,4249,2.76999998092651,2.76999998092651,0.0,0.0,0.0,2.76999998092651,0.0,0,0,224,651,1698,False,7.45,224,8198.42857142857,237.71428571428572,1884.0,8855.045454545454,247.8181818181818,5135.431483492407,85.42980207311194,-4606.045454545454,-23.818181818181813,-0.8969149853239102,-0.27880412878627264,4634.844364777988,78.760637981406,-8599.0,-78.0,-846.8571428571431,-12.285714285714278,7.818181818181818,-0.36818181818181817,True
5553957443,2016-05-05,14331,9.51000022888184,9.51000022888184,0.0,3.4300000667572,1.6599999666214,4.42999982833862,0.0,44,29,241,692,2156,False,6.983333333333333,314,8618.142857142857,250.14285714285714,1906.4285714285713,8654.782608695652,246.7826086956522,5108.455654879037,83.6132636943006,5676.217391304348,67.21739130434781,1.111141560908316,0.8039082261660525,5083.645654730189,83.5093379437864,10082.0,90.0,-291.0,5.714285714285722,7.802173913043478,-0.8188405797101446,True
5553957443,2016-05-06,9632,6.28999996185303,6.28999996185303,0.0,1.51999998092651,0.540000021457672,4.23000001907349,0.0,21,9,229,761,1916,False,6.666666666666667,259,8170.714285714285,239.85714285714286,1870.2857142857142,8891.291666666666,249.58333333333334,5128.7594438588185,82.91846003449866,740.7083333333339,9.416666666666657,0.14442251411807513,0.11356538157104487,4787.1206973951,75.98558760587117,-4699.0,-55.0,-893.0000000000009,-7.428571428571416,7.768055555555556,-1.1013888888888888,True
5553957443,2016-05-07,1868,1.22000002861023,1.22000002861023,0.0,0.0,0.0,1.22000002861023,0.0,0,0,96,902,1494,False,7.366666666666666,96,8265.857142857143,241.57142857142858,1874.7142857142858,8920.92,249.96,5022.958506697024,81.19445793895049,-7052.92,-153.96,-1.4041366237034063,-1.896188508574968,4629.561009734845,71.90933444937716,-7764.0,-163.0,-382.1428571428569,21.142857142857167,7.724,-0.35733333333333395,True
5553957443,2016-05-08,6083,4.0,4.0,0.0,0.219999998807907,0.469999998807907,3.29999995231628,0.0,3,8,210,505,1762,False,9.466666666666669,221,8397.142857142857,239.28571428571428,1876.857142857143,8649.653846153846,244.03846153846155,5112.154746815145,85.09123610301158,-2566.6538461538457,-23.038461538461547,-0.5020688873416427,-0.27075010685966583,4539.08410102638,72.33190694226693,4215.0,125.0,-730.4285714285725,-0.1428571428571388,7.71025641025641,1.7564102564102582,True
5553957443,2016-05-09,11611,7.57999992370605,7.57999992370605,0.0,2.13000011444092,0.889999985694885,4.55999994277954,0.0,59,22,251,667,2272,False,7.55,332,8660.285714285714,249.71428571428572,1916.2857142857142,8554.592592592593,243.1851851851852,5037.157610118407,83.55653868306871,3056.407407407407,88.81481481481481,0.606772240094506,1.0629307430835555,4682.981305190305,80.45436446772023,5528.0,111.0,-299.1428571428569,10.857142857142861,7.775308641975308,-0.22530864197530853,True
5553957443,2016-05-10,16358,10.710000038147,10.710000038147,0.0,3.86999988555908,1.61000001430511,5.19999980926514,0.0,61,40,265,707,2335,False,6.966666666666667,366,9161.714285714286,258.85714285714283,1947.5714285714287,8663.75,246.35714285714286,4976.630100520573,83.69486655602414,7694.25,119.64285714285714,1.5460763293717725,1.4295124735428961,5346.957443702155,90.40727952148649,4747.0,34.0,64.85714285714312,19.14285714285711,7.767261904761905,-0.8005952380952381,True
5553957443,2016-05-11,4926,3.22000002861023,3.22000002861023,0.0,0.0,0.0,3.22000002861023,0.0,0,0,195,628,1693,False,7.716666666666667,195,9258.42857142857,254.71428571428572,1946.857142857143,8929.068965517241,250.48275862068965,5091.536835987416,85.13670548411922,-4003.068965517241,-55.48275862068965,-0.7862201715672541,-0.6516902157947466,5248.503941033825,92.90086882570813,-11432.0,-171.0,1060.0,17.0,7.739655172413793,-0.02298850574712663,True
5553957443,2016-05-12,3121,2.03999996185303,2.03999996185303,0.0,0.579999983310699,0.400000005960464,1.05999994277954,0.0,8,6,48,222,741,False,7.3,62,7657.0,218.71428571428572,1744.7142857142858,8795.633333333333,248.63333333333333,5056.083174535017,84.26701540375969,-5674.633333333333,-186.63333333333333,-1.1223378129519919,-2.2147851116395576,5152.116005422753,112.79437675953278,-1805.0,-133.0,-961.1428571428569,-31.428571428571416,7.738888888888889,-0.4388888888888891,True
5577150313,2016-04-12,8135,6.07999992370605,6.07999992370605,0.0,3.59999990463257,0.379999995231628,2.09999990463257,0.0,86,16,140,728,3405,False,6.983333333333333,242,,,,,,,,,,,,,,,,,,,,True
5577150313,2016-04-13,5077,3.78999996185303,3.78999996185303,0.0,0.319999992847443,0.219999998807907,3.25,0.0,15,11,144,776,2551,False,7.2,170,,,,8135.0,242.0,,,-3058.0,-72.0,,,,,-3058.0,-72.0,,,6.983333333333333,0.21666666666666679,True
5577150313,2016-04-14,8596,6.42000007629395,6.42000007629395,0.0,3.32999992370605,0.310000002384186,2.77999997138977,0.0,118,30,176,662,4022,False,7.95,324,7269.333333333333,245.33333333333334,3326.0,6606.0,206.0,2162.3325368684623,50.91168824543142,1990.0,118.0,0.9203024813018166,2.3177388483645487,1912.5570144007038,77.05409355338192,3519.0,154.0,,,7.091666666666667,0.8583333333333334,True
5577150313,2016-04-15,12087,9.07999992370605,9.07999992370605,0.0,3.92000007629395,1.60000002384186,3.55999994277954,0.0,115,54,199,695,4005,False,6.533333333333333,368,8473.75,276.0,3495.75,7269.333333333333,245.33333333333334,1912.5570144007038,77.05409355338192,4817.666666666667,122.66666666666666,2.5189662989771353,1.5919552020909808,2870.72480685047,87.86353054595519,3491.0,44.0,,,7.377777777777777,-0.8444444444444441,True
5577150313,2016-04-16,14269,10.6599998474121,10.6599998474121,0.0,6.6399998664856,1.27999997138977,2.73000001907349,0.0,184,56,158,472,4274,False,6.766666666666667,398,9632.8,300.4,3651.4,8473.75,276.0,2870.72480685047,87.86353054595519,5795.25,122.0,2.01874104551991,1.3885169176951468,3591.3479642050843,93.63119138406817,2182.0,30.0,,,7.166666666666667,-0.40000000000000036,True
5577150313,2016-04-17,12231,9.14000034332275,9.14000034332275,0.0,5.98000001907349,0.829999983310699,2.3199999332428,0.0,200,37,159,525,4552,False,9.15,396,10065.833333333334,316.3333333333333,3801.5,9632.8,300.4,3591.3479642050843,93.63119138406817,2598.2000000000007,95.60000000000002,0.7234609470240042,1.0210272620245606,3382.7993388119653,92.39408350466316,-2038.0,-2.0,,,7.086666666666668,2.0633333333333326,True
5577150313,2016-04-18,9893,7.3899998664856,7.3899998664856,0.0,4.8600001335144,0.720000028610229,1.82000005245209,0.0,114,32,130,623,3625,False,8.783333333333333,276,10041.142857142857,310.57142857142856,3776.285714285714,10065.833333333334,316.3333333333333,3382.7993388119653,92.39408350466316,-172.83333333333394,-40.333333333333314,-0.05109180769289762,-0.43653588375885344,3088.7500399876667,85.71047610581635,-2338.0,-120.0,,,7.430555555555556,1.352777777777777,True
5577150313,2016-04-19,12574,9.42000007629395,9.42000007629395,0.0,7.01999998092651,0.639999985694885,1.75999999046326,0.0,108,23,111,733,3501,False,7.483333333333333,242,10675.285714285714,310.57142857142856,3790.0,10041.142857142857,310.57142857142856,3088.7500399876667,85.71047610581635,2532.857142857143,-68.57142857142856,0.8200265833253475,-0.8000355485919384,3087.8602469609773,85.71047610581635,2681.0,-34.0,,,7.623809523809524,-0.14047619047619087,True
5577150313,2016-04-20,8330,6.21999979019165,6.21999979019165,0.0,4.11999988555908,0.340000003576279,1.75999999046326,0.0,87,16,113,773,3192,False,7.45,216,11140.0,317.14285714285717,3881.5714285714284,10357.75,302.0,2996.562447205131,82.97331756999614,-2027.75,-86.0,-0.6766920546623595,-1.036477767578388,2230.7372473392447,74.11573960464038,-4244.0,-26.0,,,7.60625,-0.15625,True
5577150313,2016-04-21,10830,8.09000015258789,8.09000015258789,0.0,3.65000009536743,1.6599999666214,2.77999997138977,0.0,110,74,175,670,4018,False,6.9,359,11459.142857142857,322.14285714285717,3881.0,10132.444444444445,292.44444444444446,2883.3706885826837,82.73921547717129,697.5555555555547,66.55555555555554,0.241923647929054,0.8044015690421603,1948.0045712276485,75.81650781421457,2500.0,143.0,4189.809523809524,76.80952380952382,7.588888888888889,-0.6888888888888882,True
5577150313,2016-04-22,9172,6.84999990463257,6.84999990463257,0.0,2.42000007629395,0.790000021457672,3.29999995231628,0.0,62,30,200,823,3329,False,5.633333333333334,292,11042.714285714286,311.2857142857143,3784.4285714285716,10202.2,299.1,2727.402867198024,80.79665834674107,-1030.2000000000007,-7.100000000000023,-0.37772197573461036,-0.08787492029256036,2097.270425599723,73.5633837487879,-1658.0,-67.0,2568.9642857142862,35.28571428571428,7.5200000000000005,-1.8866666666666667,True
5577150313,2016-04-23,7638,5.71000003814697,5.71000003814697,0.0,1.21000003814697,0.360000014305115,4.1399998664856,0.0,24,24,223,627,3152,False,6.4,271,10095.42857142857,293.14285714285717,3624.1428571428573,10108.545454545454,298.45454545454544,2606.019315493896,76.68032816356963,-2470.545454545454,-27.45454545454544,-0.94801502003803,-0.3580389619348287,1883.83331332179,63.59881700007892,-1534.0,-21.0,462.6285714285714,-7.25714285714281,7.348484848484848,-0.9484848484848474,True
5577150313,2016-04-24,15764,11.7799997329712,11.7799997329712,0.0,7.65000009536743,2.15000009536743,1.98000001907349,0.0,210,65,141,425,4392,False,9.05,416,10600.142857142857,296.0,3601.285714285714,9902.666666666666,296.1666666666667,2585.0677618455834,73.54013540340755,5861.333333333334,119.83333333333331,2.267380924235933,1.6294956631026964,2801.2452248105324,69.19296688729766,8126.0,145.0,534.309523809523,-20.333333333333314,7.269444444444445,1.780555555555556,True
5577150313,2016-04-25,6393,4.78000020980835,4.78000020980835,0.0,1.35000002384186,0.670000016689301,2.75999999046326,0.0,61,38,214,743,3374,False,7.016666666666667,313,10100.142857142857,301.2857142857143,3565.4285714285716,10353.538461538461,305.38461538461536,2961.1490904541492,77.85942295952202,-3960.538461538461,7.615384615384642,-1.337500524025805,0.09780941378841654,3228.308351060012,68.8227537125,-9371.0,-103.0,59.0,-9.285714285714278,7.406410256410256,-0.38974358974358925,True
5577150313,2016-04-26,5325,3.98000001907349,3.98000001907349,0.0,0.850000023841858,0.649999976158142,2.47000002861023,0.0,38,32,181,759,3088,False,5.9,251,9064.57142857143,302.57142857142856,3506.4285714285716,10070.642857142857,305.92857142857144,3035.511529751246,74.83259705781687,-4745.642857142857,-54.928571428571445,-1.563375005848974,-0.734019302472069,3457.046227496476,67.60388830744662,-1068.0,-62.0,-1610.7142857142844,-8.0,7.378571428571428,-1.4785714285714278,True
5577150313,2016-04-27,6805,5.1399998664856,5.1399998664856,0.0,1.80999994277954,0.400000005960464,2.9300000667572,0.0,63,16,190,773,3294,False,7.066666666666666,269,8846.714285714286,310.14285714285717,3521.0,9754.266666666666,302.26666666666665,3171.367561403725,73.49194967250949,-2949.2666666666664,-33.26666666666665,-0.9299668387953371,-0.4526572823588207,3557.640777925998,58.669778056021855,1480.0,18.0,-2293.2857142857138,-7.0,7.28,-0.21333333333333382,True
5577150313,2016-04-28,9841,7.42999982833862,7.42999982833862,0.0,3.25,1.16999995708466,3.00999999046326,0.0,99,51,141,692,3580,False,6.016666666666667,291,8705.42857142857,300.42857142857144,3458.4285714285716,9569.9375,300.1875,3151.3018361464524,71.48540060739676,271.0625,-9.1875,0.08601603845268306,-0.12852274441232697,3484.6400510977146,54.72920348667353,3036.0,22.0,-2753.7142857142862,-21.714285714285722,7.266666666666667,-1.25,True
5577150313,2016-04-29,7924,5.92000007629395,5.92000007629395,0.0,2.83999991416931,0.610000014305115,2.47000002861023,0.0,97,36,165,739,3544,False,7.65,298,8527.142857142857,301.2857142857143,3489.1428571428573,9585.882352941177,299.6470588235294,3051.943046698958,69.25130068857064,-1661.8823529411766,-1.6470588235293917,-0.5445325574453852,-0.023783795876305174,3488.71368026342,54.622078215419755,-1917.0,7.0,-2515.5714285714294,-10.0,7.193137254901961,0.45686274509803937,True
5577150313,2016-04-30,12363,9.23999977111816,9.23999977111816,0.0,5.82999992370605,0.790000021457672,2.60999989509583,0.0,207,45,163,621,4501,False,6.866666666666666,415,9202.142857142857,321.85714285714283,3681.8571428571427,9493.555555555555,299.55555555555554,2986.6183753974055,67.18475161577368,2869.4444444444453,115.44444444444446,0.9607670223691918,1.718313158115884,3736.3214720975416,67.02345005401368,4439.0,117.0,-893.2857142857138,28.714285714285666,7.218518518518518,-0.3518518518518521,True
5577150313,2016-05-01,13368,9.98999977111816,9.98999977111816,0.0,5.30999994277954,1.44000005722046,3.24000000953674,0.0,194,72,178,499,4546,False,6.316666666666666,444,8859.857142857143,325.85714285714283,3703.8571428571427,9644.578947368422,305.63157894736844,2976.1876866553343,70.45897981277695,3723.4210526315783,138.36842105263156,1.2510706458721093,1.9638152504689652,3088.604562396607,74.0459960011987,1005.0,29.0,-1740.2857142857138,29.857142857142833,7.2,-0.8833333333333337,True
5577150313,2016-05-02,7439,5.55999994277954,5.55999994277954,0.0,1.12000000476837,0.349999994039536,4.07000017166138,0.0,37,20,235,732,3014,False,8.75,292,9009.285714285714,322.85714285714283,3652.4285714285716,9830.75,312.55,3014.082279374952,75.23610205633715,-2391.75,-20.55000000000001,-0.7935251189302192,-0.2731401436968642,2972.485419884943,75.07202890430985,-5929.0,-152.0,-1090.8571428571431,21.571428571428555,7.155833333333334,1.5941666666666663,True
5577150313,2016-05-03,11045,8.25,8.25,0.0,4.51999998092651,0.150000005960464,3.5699999332428,0.0,97,8,212,580,3795,False,8.466666666666667,317,9826.42857142857,332.2857142857143,3753.4285714285716,9716.857142857143,311.57142857142856,2983.7661819538457,73.46806886571297,1328.1428571428569,5.428571428571445,0.44512296731911893,0.07389021432703953,2546.5706258380014,68.39033627083661,3606.0,25.0,761.8571428571413,29.714285714285722,7.231746031746032,1.234920634920635,True
5577150313,2016-05-04,5206,3.89000010490417,3.89000010490417,0.0,1.55999994277954,0.25,2.07999992370605,0.0,25,9,141,631,2755,False,10.05,175,9598.0,318.85714285714283,3676.4285714285716,9777.227272727272,311.8181818181818,2925.5931092900705,71.70683461058736,-4571.227272727272,-136.8181818181818,-1.5624959112219259,-1.908021468987831,2908.7283590371003,89.00829281856943,-5839.0,-142.0,751.2857142857138,8.714285714285666,7.287878787878788,2.7621212121212126,True
5577150313,2016-05-05,7550,5.6399998664856,5.6399998664856,0.0,2.5,0.469999998807907,2.67000007629395,0.0,45,21,143,1153,3004,False,1.2333333333333334,209,9270.714285714286,307.14285714285717,3594.1428571428573,9578.478260869566,305.8695652173913,3013.066904328624,75.64408547919784,-2028.478260869566,-96.86956521739131,-0.6732270887454215,-1.2805966695629338,3004.153997067266,98.20629404715461,2344.0,34.0,565.2857142857156,6.714285714285722,7.4079710144927535,-6.17463768115942,True
5577150313,2016-05-06,4950,3.70000004768372,3.70000004768372,0.0,1.92999994754791,0.319999992847443,1.45000004768372,0.0,41,16,79,1304,2643,False,,136,8845.857142857143,284.0,3465.4285714285716,9493.958333333334,301.8333333333333,2975.7853545659636,76.57827292423073,-4543.958333333334,-165.83333333333331,-1.5269778530344034,-2.165540235307663,3409.326787337514,117.84453034966592,-2600.0,-73.0,318.71428571428623,-17.285714285714278,7.1506944444444445,,True
5577150313,2016-05-07,0,0.0,0.0,0.0,0.0,0.0,0.0,0.0,0,0,0,1440,1819,True,,0,7079.714285714285,224.71428571428572,3082.285714285714,9312.2,295.2,3051.5946650890583,81.975097844813,-9312.2,-295.2,-3.0515848331634987,-3.6010935535295037,4354.789038682419,142.72083973701274,-4950.0,-136.0,-2122.4285714285716,-97.14285714285711,7.1506944444444445,,False
5577150313,2016-05-08,0,0.0,0.0,0.0,0.0,0.0,0.0,0.0,0,0,0,1440,1819,True,,0,5170.0,161.28571428571428,2692.714285714286,8954.038461538461,283.84615384615387,3503.5714176339466,99.00896618294418,-8954.038461538461,-283.84615384615387,-2.5556888647726406,-2.866873192623817,4058.6508842224853,126.79604920989479,0.0,0.0,-3689.857142857143,-164.57142857142856,7.1506944444444445,,False
5577150313,2016-05-09,3421,2.55999994277954,2.55999994277954,0.0,1.42999994754791,0.140000000596046,0.990000009536743,0.0,34,11,70,1099,2489,False,,115,4596.0,136.0,2617.714285714286,8622.407407407407,273.3333333333333,3843.4794158344366,111.39914376138279,-5201.407407407407,-158.33333333333331,-1.353306950110165,-1.4213155197239948,3967.3708758656053,113.31666544099603,3421.0,115.0,-4413.285714285714,-186.85714285714283,7.1506944444444445,,True
5577150313,2016-05-10,8869,6.65000009536743,6.65000009536743,0.0,2.55999994277954,0.75,3.34999990463257,0.0,104,37,194,639,3841,False,8.4,335,4285.142857142857,138.57142857142858,2624.285714285714,8436.642857142857,267.67857142857144,3897.6207672761916,113.33792591068291,432.3571428571431,67.32142857142856,0.11092847882385504,0.5939885297574031,3426.1906168304613,118.20724335231044,5448.0,220.0,-5541.285714285714,-193.7142857142857,7.1506944444444445,1.249305555555556,True
5577150313,2016-05-11,4038,3.03999996185303,3.03999996185303,0.0,1.83000004291534,0.300000011920929,0.889999985694885,0.0,45,15,63,257,1665,False,7.183333333333334,123,4118.285714285715,131.14285714285714,2468.5714285714284,8451.551724137931,270.0,3828.229603748289,111.99553562530963,-4413.551724137931,-147.0,-1.1528962940633567,-1.3125523072566785,3402.227344661414,117.16573528045426,-4831.0,-212.0,-5479.714285714285,-187.7142857142857,7.200666666666667,-0.0173333333333332,True
6117666160,2016-04-12,0,0.0,0.0,0.0,0.0,0.0,0.0,0.0,0,0,0,1440,1496,True,,0,,,,,,,,,,,,,,,,,,,,False
6117666160,2016-04-13,0,0.0,0.0,0.0,0.0,0.0,0.0,0.0,0,0,0,1440,1496,True,,0,,,,0.0,0.0,,,0.0,0.0,,,,,0.0,0.0,,,,,False
6117666160,2016-04-14,0,0.0,0.0,0.0,0.0,0.0,0.0,0.0,0,0,0,1440,1496,True,,0,0.0,0.0,1496.0,0.0,0.0,0.0,0.0,0.0,0.0,0.0,0.0,0.0,0.0,0.0,0.0,,,,,False
6117666160,2016-04-15,14019,10.5900001525879,10.5900001525879,0.0,0.0,0.280000001192093,10.3000001907349,0.0,0,6,513,921,2865,False,,519,3504.75,129.75,1838.25,0.0,0.0,0.0,0.0,14019.0,519.0,14019000000.0,519000000.0,7009.5,259.5,14019.0,519.0,,,,,True
6117666160,2016-04-16,14450,10.9099998474121,10.9099998474121,0.0,0.579999983310699,0.850000023841858,9.47999954223633,0.0,7,15,518,502,2828,False,6.333333333333333,540,5693.8,211.8,2036.2,3504.75,129.75,7009.5,259.5,10945.25,410.25,1.5614879803749928,1.5809248493991335,7798.04572954019,290.11411547871984,431.0,21.0,,,,,True
6117666160,2016-04-17,7150,5.40000009536743,5.40000009536743,0.0,0.0,0.0,5.40000009536743,0.0,0,0,312,702,2225,False,5.6,312,5936.5,228.5,2067.6666666666665,5693.8,211.8,7798.04572954019,290.11411547871984,1456.1999999999998,100.19999999999999,0.18673909468072908,0.345381332064032,7000.073821039318,262.6905023026147,-7300.0,-228.0,,,6.333333333333333,-0.7333333333333334,True
6117666160,2016-04-18,5153,3.91000008583069,3.91000008583069,0.0,0.0,0.0,3.89000010490417,0.0,0,0,241,759,2018,False,8.216666666666667,241,5824.571428571428,230.28571428571428,2060.5714285714284,5936.5,228.5,7000.073821039318,262.6905023026147,-783.5,12.5,-0.11192739104167682,0.04758451425859209,6397.022011768258,239.849059678314,-1997.0,-71.0,,,5.966666666666667,2.25,True
6117666160,2016-04-19,11135,8.40999984741211,8.40999984741211,0.0,0.0,0.0,8.40999984741211,0.0,0,0,480,425,2606,False,7.75,480,7415.285714285715,298.85714285714283,2219.1428571428573,5824.571428571428,230.28571428571428,6397.022011768258,239.849059678314,5310.428571428572,249.71428571428572,0.830140737491464,1.041130972154204,6084.046890962344,231.50840774611808,5982.0,239.0,,,6.716666666666666,1.033333333333334,True
6117666160,2016-04-20,10449,8.02000045776367,8.02000045776367,0.0,2.02999997138977,0.479999989271164,5.51999998092651,0.0,26,10,349,587,2536,False,7.9,385,8908.0,353.85714285714283,2367.714285714286,6488.375,261.5,6212.969313977704,238.96443249990153,3960.625,123.5,0.637476993561204,0.5168133106303909,5175.476596411194,190.8345082101493,-686.0,-95.0,,,6.975,0.9250000000000007,True
6117666160,2016-04-21,19542,15.0100002288818,15.0100002288818,0.0,0.980000019073486,0.400000005960464,5.61999988555908,0.0,11,19,294,579,4900,False,8.466666666666667,324,11699.714285714286,400.14285714285717,2854.0,6928.444444444444,275.22222222222223,5959.766293889197,227.2898907660533,12613.555555555555,48.77777777777777,2.116451372660757,0.21460601436681637,4828.51183817836,114.8817197112297,9093.0,-61.0,11699.714285714286,400.14285714285717,7.159999999999999,1.3066666666666675,True
6117666160,2016-04-22,8206,6.19999980926514,6.19999980926514,0.0,0.0,0.0,6.19999980926514,0.0,0,0,402,413,2409,False,8.0,402,10869.285714285714,383.42857142857144,2788.8571428571427,8189.8,280.1,6890.75160873858,214.84539660985163,16.199999999999818,121.89999999999998,0.002350977210832072,0.5673847397064758,4862.900907698534,102.557068898016,-11336.0,78.0,7364.535714285714,253.67857142857144,7.377777777777777,0.6222222222222227,True
6117666160,2016-04-23,11495,8.68000030517578,8.68000030517578,0.0,0.0,0.0,8.68000030517578,0.0,0,0,512,468,2651,False,8.2,512,10447.142857142857,379.42857142857144,2763.5714285714284,8191.272727272727,291.1818181818182,6537.142787042502,207.1076136610232,3303.727272727273,220.8181818181818,0.5053778661176451,1.0662002079430972,4622.578696953011,95.75290620978073,3289.0,110.0,4753.342857142857,167.62857142857143,7.466666666666667,0.7333333333333325,True
6117666160,2016-04-24,7623,5.76000022888184,5.76000022888184,0.0,0.0,0.0,5.76000022888184,0.0,0,0,362,711,2305,False,5.883333333333334,362,10514.714285714286,386.57142857142856,2775.0,8466.583333333334,309.5833333333333,6305.462429272709,207.5031032991745,-843.5833333333339,52.416666666666686,-0.13378611682519362,0.2526066626506619,4569.50167648821,91.66216439159835,-3872.0,-150.0,4578.214285714286,158.07142857142856,7.558333333333334,-1.6749999999999998,True
6117666160,2016-04-25,0,0.0,0.0,0.0,0.0,0.0,0.0,0.0,0,0,0,1440,1497,True,,0,9778.57142857143,352.14285714285717,2700.5714285714284,8401.692307692309,313.61538461538464,6041.552730667498,199.20029219420442,-8401.692307692309,-313.61538461538464,-1.3906511588740864,-1.5743721035070697,5820.9387231826795,168.50363850812306,-7623.0,-362.0,3954.000000000001,121.85714285714289,7.372222222222222,,False
6117666160,2016-04-26,9543,7.21000003814697,7.21000003814697,0.0,0.0,0.340000003576279,6.86999988555908,0.0,0,7,352,1077,2450,False,,359,9551.142857142857,334.85714285714283,2678.285714285714,7801.571428571428,291.2142857142857,6223.7183755037,208.93472612330336,1741.4285714285716,67.78571428571428,0.2798051688847229,0.3244348855693595,5790.12801898114,159.14817893128048,9543.0,359.0,2135.857142857142,36.0,7.372222222222222,,True
6117666160,2016-04-27,9411,7.1100001335144,7.1100001335144,0.0,0.0,0.0,7.1100001335144,0.0,0,0,458,417,2576,False,9.033333333333331,458,9402.857142857143,345.2857142857143,2684.0,7917.666666666667,295.73333333333335,6014.156616644083,202.09384901457,1493.333333333333,162.26666666666665,0.24830303370421938,0.8029272867777422,5776.577228445099,165.25607834077223,-132.0,99.0,494.8571428571431,-8.571428571428555,7.372222222222222,1.6611111111111097,True
6117666160,2016-04-28,3403,2.59999990463257,2.59999990463257,0.0,0.0,0.0,2.59999990463257,0.0,0,0,141,758,1879,False,6.55,141,7097.285714285715,319.14285714285717,2252.4285714285716,8011.0,305.875,5822.209111096349,199.41109129969007,-4608.0,-164.875,-0.791452163823233,-0.8268095726200295,4004.1544556575072,182.73517137415794,-6008.0,-317.0,-4602.428571428572,-81.0,7.538333333333332,-0.9883333333333324,True
6117666160,2016-04-29,9592,7.23999977111816,7.23999977111816,0.0,0.0,0.0,7.23999977111816,0.0,0,0,461,479,2560,False,10.0,461,7295.285714285715,327.57142857142856,2274.0,7739.941176470588,296.1764705882353,5747.044941430642,197.17639161868416,1852.0588235294117,164.8235294117647,0.3222628049861928,0.8359191849630494,4101.207981163827,188.46472450024277,6189.0,320.0,-3573.999999999999,-55.85714285714289,7.448484848484847,2.5515151515151526,True
6117666160,2016-04-30,6987,5.28000020980835,5.28000020980835,0.0,0.0,0.0,5.28000020980835,0.0,0,0,343,1040,2275,False,,343,6651.285714285715,303.42857142857144,2220.285714285714,7842.833333333333,305.3333333333333,5592.515841835093,195.19432248252448,-855.833333333333,37.666666666666686,-0.1530319014526874,0.19297009254492453,3662.279104341339,170.90821819801135,-2605.0,-118.0,-3795.857142857142,-76.0,7.661111111111111,,True
6117666160,2016-05-01,8915,6.73000001907349,6.73000001907349,0.0,0.0,0.0,6.73000001907349,0.0,0,0,397,525,2361,False,8.45,397,6835.857142857143,308.42857142857144,2228.285714285714,7797.789473684211,307.3157894736842,5438.493812924345,189.89150488036844,1117.2105263157891,89.68421052631578,0.20542645896835632,0.47229184955127373,3750.8984891876826,173.40113142927413,1928.0,54.0,-3678.857142857143,-78.14285714285711,7.661111111111111,0.7888888888888879,True
6117666160,2016-05-02,4933,3.73000001907349,3.73000001907349,0.0,0.0,0.0,3.73000001907349,0.0,0,0,236,1204,2044,False,,236,7540.571428571428,342.14285714285717,2306.4285714285716,7853.65,311.8,5299.332731332165,185.91158056848874,-2920.6499999999996,-75.80000000000001,-0.5511354254433956,-0.40772069905755565,2511.009216572941,117.30931842985112,-3982.0,-161.0,-2238.000000000001,-10.0,7.721794871794871,,True
6117666160,2016-05-03,0,0.0,0.0,0.0,0.0,0.0,0.0,0.0,0,0,0,1440,1496,True,,0,6177.285714285715,290.85714285714283,2170.1428571428573,7714.571428571428,308.1904761904762,5204.3232852257415,181.9575827075143,-7714.571428571428,-308.1904761904762,-1.4823390101436529,-1.693749004085884,3597.954637211054,173.65428161669246,-4933.0,-236.0,-3373.857142857142,-44.0,7.721794871794871,,False
6117666160,2016-05-04,2997,2.25999999046326,2.25999999046326,0.0,0.0,0.0,2.25999999046326,0.0,0,0,156,1279,1902,False,,156,5261.0,247.71428571428572,2073.8571428571427,7363.909090909091,294.1818181818182,5338.579353643769,189.33911033196154,-4366.909090909091,-138.1818181818182,-0.8179908550222318,-0.7298112746475762,3450.891623914021,162.355283545803,2997.0,156.0,-4141.857142857143,-97.57142857142856,7.721794871794871,,True
6117666160,2016-05-05,9799,7.40000009536743,7.40000009536743,0.0,0.0,0.0,7.40000009536743,0.0,0,0,487,479,2636,False,6.533333333333333,487,6174.714285714285,297.14285714285717,2182.0,7174.04347826087,288.17391304347825,5294.722024450909,187.2163678192872,2624.95652173913,198.82608695652175,0.495768523658347,1.0620123027193256,3713.6927136515387,176.5044178591843,6802.0,331.0,-922.5714285714294,-22.0,7.721794871794871,-1.1884615384615378,True
6117666160,2016-05-06,3365,2.6800000667572,2.6800000667572,0.0,0.0,0.0,2.6800000667572,0.0,0,0,133,673,1838,False,10.966666666666669,133,5285.142857142857,250.28571428571428,2078.8571428571427,7283.416666666667,296.4583333333333,5205.987714133616,187.54523608908372,-3918.416666666667,-163.45833333333331,-0.7526749737184306,-0.8715674995024846,3498.246533554169,169.13871455673524,-6434.0,-354.0,-2010.1428571428578,-77.28571428571428,7.636904761904761,3.3297619047619076,True
6117666160,2016-05-07,7336,5.53999996185303,5.53999996185303,0.0,0.0,0.0,5.53999996185303,0.0,0,0,412,456,2469,False,8.3,412,5335.0,260.14285714285717,2106.5714285714284,7126.68,289.92,5156.278193619891,186.4843425062812,209.3199999999997,122.07999999999998,0.04059517196306556,0.6546394067440201,3528.896664209172,177.25821896452698,3971.0,279.0,-1316.2857142857147,-43.28571428571428,7.858888888888888,0.44111111111111256,True
6117666160,2016-05-08,7328,5.53000020980835,5.53000020980835,0.0,0.0,0.0,5.53000020980835,0.0,0,0,318,517,2250,False,9.25,318,5108.285714285715,248.85714285714286,2090.714285714286,7134.7307692307695,294.61538461538464,5052.26699656851,184.27850160516869,193.2692307692305,23.38461538461536,0.03825396220394619,0.12689822770439346,3304.4042183266847,169.43477463951388,-8.0,-94.0,-1727.5714285714284,-59.571428571428584,7.886458333333334,1.3635416666666664,True
6117666160,2016-05-09,4477,3.38000011444092,3.38000011444092,0.0,0.0,0.0,3.38000011444092,0.0,0,0,197,125,1248,False,8.2,197,5043.142857142857,243.28571428571428,1977.0,7141.888888888889,295.48148148148147,4954.295007934129,180.75597029620016,-2664.8888888888887,-98.48148148148147,-0.5378946720135293,-0.5448311376673824,3312.919529587726,170.56544617410475,-2851.0,-121.0,-2497.4285714285716,-98.85714285714289,7.966666666666667,0.2333333333333325,True
6290855005,2016-04-12,4562,3.45000004768372,3.45000004768372,0.0,0.0,0.0,3.45000004768372,0.0,0,0,199,1241,2560,False,,199,,,,,,,,,,,,,,,,,,,,True
6290855005,2016-04-13,7142,5.40000009536743,5.40000009536743,0.0,0.0,0.0,5.3899998664856,0.0099999997764825,0,0,350,1090,2905,False,,350,,,,4562.0,199.0,,,2580.0,151.0,,,,,2580.0,151.0,,,,,True
6290855005,2016-04-14,7671,5.80000019073486,5.80000019073486,0.0,0.0,0.0,5.76999998092651,0.0299999993294477,0,0,363,1077,2952,False,,363,6458.333333333333,304.0,2805.6666666666665,5852.0,274.5,1824.3354954612926,106.77312395916867,1819.0,88.5,0.997075375405652,0.8288602589260496,1663.436302758039,91.16468614545876,529.0,13.0,,,,,True
6290855005,2016-04-15,9501,7.17999982833862,7.17999982833862,0.0,0.0,0.0,7.17000007629395,0.0099999997764825,0,0,328,1112,2896,False,,328,7219.0,310.0,2828.25,6458.333333333333,304.0,1663.436302758039,91.16468614545876,3042.666666666667,24.0,1.829145281843776,0.26325982956214783,2039.39582556534,75.3967284878241,1830.0,-35.0,,,,,True
6290855005,2016-04-16,8301,6.28000020980835,6.28000020980835,0.0,0.0,0.0,6.26999998092651,0.0099999997764825,0,0,258,1182,2783,False,,258,7435.4,299.6,2819.2,7219.0,310.0,2039.39582556534,75.3967284878241,1082.0,-52.0,0.5305492861688632,-0.6896850878445269,1831.255389070569,69.3130579328311,-1200.0,-70.0,,,,,True
6290855005,2016-04-17,7851,5.94000005722046,5.94000005722046,0.0,1.13999998569489,0.790000021457672,4.0,0.0,31,12,225,1172,3171,False,,268,7504.666666666667,294.3333333333333,2877.8333333333335,7435.4,299.6,1831.255389070569,69.3130579328311,415.60000000000036,-31.600000000000023,0.22694813746540554,-0.4559025454441781,1646.6888797422139,63.32350800979576,-450.0,10.0,,,,,True
6290855005,2016-04-18,6885,5.21000003814697,5.21000003814697,0.0,0.0,0.0,5.19000005722046,0.0199999995529652,0,0,271,1169,2766,False,,271,7416.142857142857,291.0,2861.8571428571427,7504.666666666667,294.3333333333333,1646.6888797422139,63.32350800979576,-619.666666666667,-23.333333333333314,-0.37631071291825563,-0.3684782113025952,1521.3509817013987,58.47506591132099,-966.0,3.0,,,,,True
6290855005,2016-04-19,7142,5.40000009536743,5.40000009536743,0.0,0.0,0.0,5.3899998664856,0.0099999997764825,0,0,321,1119,2839,False,,321,7784.714285714285,308.42857142857144,2901.714285714286,7416.142857142857,291.0,1521.3509817013987,58.47506591132099,-274.1428571428569,30.0,-0.18019698298421116,0.5130391735249454,900.4777832324562,42.47688447009401,257.0,50.0,,,,,True
6290855005,2016-04-20,6361,4.80999994277954,4.80999994277954,0.0,0.0,0.0,4.80000019073486,0.0099999997764825,0,0,258,1182,2701,False,,258,7673.142857142857,295.2857142857143,2872.5714285714284,7381.875,294.75,1411.8282410204356,55.16663070060689,-1020.875,-36.75,-0.7230872492953171,-0.6661635642256497,1032.1421782828547,41.69618002373152,-781.0,-63.0,,,,,True
6290855005,2016-04-21,0,0.0,0.0,0.0,0.0,0.0,0.0,0.0,0,0,0,1440,2060,True,,0,6577.285714285715,243.42857142857142,2745.1428571428573,7268.444444444444,290.6666666666667,1363.7815176111524,53.03772242470448,-7268.444444444444,-290.6666666666667,-5.329625270070005,-5.480376002173519,3078.4926351644735,111.21729053652456,-6361.0,-258.0,118.95238095238165,-60.571428571428584,,,False
6290855005,2016-04-22,6238,4.71999979019165,4.71999979019165,0.0,0.0,0.0,4.71999979019165,0.0,0,0,302,1138,2796,False,,302,6111.142857142857,239.71428571428572,2730.8571428571427,6541.6,261.6,2633.680491884567,104.63821269285691,-303.60000000000036,40.39999999999998,-0.11527594209709137,0.3860922178830913,2796.089139528723,108.31853378764302,6238.0,302.0,-1107.8571428571431,-70.28571428571428,,,True
6290855005,2016-04-23,0,0.0,0.0,0.0,0.0,0.0,0.0,0.0,33,0,0,1407,2664,False,,33,4925.285714285715,207.57142857142858,2713.8571428571427,6514.0,265.27272727272725,2500.2049915956895,100.01309005234357,-6514.0,-232.27272727272725,-2.605386366034421,-2.3224232430848812,3406.2559951891317,132.64094031489316,-6238.0,-269.0,-2510.114285714285,-92.02857142857144,,,True
6290855005,2016-04-24,5896,4.46000003814697,4.46000003814697,0.0,0.0,0.0,4.46000003814697,0.0,0,0,258,1182,2703,False,,258,4646.0,206.14285714285714,2647.0,5971.166666666667,245.91666666666666,3036.242140102356,116.57261360381455,-75.16666666666697,12.083333333333343,-0.02475647961311034,0.1036549911349243,3200.311391099309,131.93360523564948,5896.0,225.0,-2858.666666666667,-88.19047619047618,,,True
6290855005,2016-04-25,7802,5.90000009536743,5.90000009536743,0.0,0.680000007152557,0.180000007152557,5.03000020980835,0.0099999997764825,8,3,249,1180,2771,False,,260,4777.0,204.57142857142858,2647.714285714286,5965.384615384615,246.84615384615384,2907.0552838012773,111.66008400039095,1836.6153846153848,13.15384615384616,0.6317786229307757,0.11780258051747054,3323.628689650314,131.09520350093814,1906.0,2.0,-2639.142857142857,-86.42857142857142,,,True
6290855005,2016-04-26,0,0.0,0.0,0.0,0.0,0.0,0.0,0.0,0,0,0,1440,2060,True,,0,3756.714285714286,158.71428571428572,2536.4285714285716,6096.571428571428,247.78571428571428,2835.8130217814955,107.33712424766301,-6096.571428571428,-247.78571428571428,-2.1498495773856177,-2.3084810005297696,3564.142473503068,139.4569399321457,-7802.0,-260.0,-4027.9999999999995,-149.71428571428572,,,False
6290855005,2016-04-27,5565,4.21000003814697,4.21000003814697,0.0,0.0,0.0,4.17999982833862,0.0299999993294477,0,0,287,1153,2743,False,,287,3643.0,162.85714285714286,2542.4285714285716,5690.133333333333,231.26666666666668,3153.6165829696156,121.6202912268148,-125.13333333333321,55.73333333333332,-0.0396793110390806,0.4582568608649113,3478.8826271280445,143.27645604614477,5565.0,287.0,-4030.142857142857,-132.42857142857142,,,True
6290855005,2016-04-28,5731,4.32999992370605,4.32999992370605,0.0,0.0,0.0,4.32999992370605,0.0,0,0,255,1185,2687,False,,255,4461.714285714285,199.28571428571428,2632.0,5682.3125,234.75,3046.843672146637,118.31962361896414,48.6875,20.25,0.0159796514764139,0.17114658760296939,3136.133219655786,126.3905511839055,166.0,-32.0,-2115.5714285714294,-44.14285714285714,,,True
6290855005,2016-04-29,0,0.0,0.0,0.0,0.0,0.0,0.0,0.0,0,0,0,1440,2060,True,,0,3570.5714285714284,156.14285714285714,2526.8571428571427,5685.176470588235,235.94117647058823,2950.117333160118,114.66771046606546,-5685.176470588235,-235.94117647058823,-1.9271018154966957,-2.057607790841908,3420.641843141081,136.61555374044906,-5731.0,-255.0,-2540.5714285714284,-83.57142857142858,,,False
6290855005,2016-04-30,6744,5.09999990463257,5.09999990463257,0.0,0.0,0.0,5.09000015258789,0.0099999997764825,0,0,324,1116,2843,False,,324,4534.0,197.71428571428572,2552.4285714285716,5369.333333333333,222.83333333333334,3160.199956443561,124.37005975999966,1374.666666666667,101.16666666666666,0.434993571665858,0.8134326384377247,3189.2802218264433,137.17229346787965,6744.0,324.0,-391.2857142857147,-9.857142857142861,,,True
6290855005,2016-05-01,9837,7.44000005722046,7.44000005722046,0.0,0.660000026226044,2.75,4.0,0.0199999995529652,8,95,282,1055,3327,False,,385,5097.0,215.85714285714286,2641.5714285714284,5441.684210526316,228.1578947368421,3087.3121544769792,123.07417057201039,4395.315789473684,156.8421052631579,1.4236706779637651,1.2743705950634001,3765.5683944569814,153.8586240367312,3093.0,61.0,451.0,9.714285714285722,,,True
6290855005,2016-05-02,6781,5.13000011444092,5.13000011444092,0.0,0.0,0.0,5.1100001335144,0.0199999995529652,0,0,268,1172,2725,False,,268,4951.142857142857,217.0,2635.0,5661.45,236.0,3161.610140668667,124.81987021303941,1119.5500000000002,32.0,0.35410754325614374,0.2563694361243428,3661.6695385471103,154.2703255112056,-3056.0,-117.0,174.14285714285688,12.428571428571416,,,True
6290855005,2016-05-03,6047,4.57000017166138,4.57000017166138,0.0,0.0,0.0,4.57000017166138,0.0,0,0,240,1200,2671,False,,240,5815.0,251.28571428571428,2722.285714285714,5714.761904761905,237.52380952380952,3091.2254997777486,121.8595991490285,332.2380952380954,2.4761904761904816,0.107477793242358,0.020320027910498792,2941.379664941833,121.11112567351014,-734.0,-28.0,2058.285714285714,92.57142857142856,,,True
6290855005,2016-05-04,5832,4.40999984741211,4.40999984741211,0.0,0.0,0.0,4.40000009536743,0.0099999997764825,0,0,272,1168,2718,False,,272,5853.142857142857,249.14285714285714,2718.714285714286,5729.863636363636,237.63636363636363,3017.5586678394197,118.92396348469511,102.13636363636397,34.363636363636374,0.0338473497437074,0.28895468219997655,2939.3278953173076,120.5050878198767,-215.0,32.0,2210.142857142857,86.28571428571428,,,True
6290855005,2016-05-05,6339,4.78999996185303,4.78999996185303,0.0,0.0,0.0,4.78999996185303,0.0,0,0,239,1201,2682,False,,239,5940.0,246.85714285714286,2718.0,5734.304347826087,239.1304347826087,2948.2571497995004,116.4104432787189,604.695652173913,-0.13043478260868824,0.20510275096252487,-0.0011204731965148349,2944.09635258993,120.52721486788587,507.0,-33.0,1478.2857142857147,47.571428571428584,,,True
6290855005,2016-05-06,6116,4.61999988555908,4.61999988555908,0.0,0.0,0.0,4.59000015258789,0.0299999993294477,0,0,305,1135,2806,False,,305,6813.714285714285,290.42857142857144,2824.5714285714284,5759.5,239.125,2886.093086570117,113.85166264467343,356.5,65.875,0.1235233892958551,0.5786037541409433,1379.0068545014192,52.143574685213025,-223.0,66.0,3243.142857142857,134.2857142857143,,,True
6290855005,2016-05-07,5510,4.17000007629395,4.17000007629395,0.0,0.0,0.0,4.15999984741211,0.0,0,0,227,1213,2613,False,,227,6637.428571428572,276.57142857142856,2791.714285714286,5773.76,241.76,2826.225947560928,112.23052169530357,-263.7600000000002,-14.759999999999991,-0.0933258716042512,-0.13151502501750037,1465.562105717216,54.567564061620494,-606.0,-78.0,2103.4285714285716,78.85714285714283,,,True
6290855005,2016-05-08,7706,5.82999992370605,5.82999992370605,0.0,0.0,0.0,5.82000017166138,0.0,0,0,251,1189,2712,False,,251,6333.0,257.42857142857144,2703.8571428571427,5763.615384615385,241.19230769230768,2769.6076845202906,110.00109789661893,1942.3846153846152,9.80769230769232,0.7013212107763647,0.08915994845569472,723.7729846666894,26.4503128075843,2196.0,24.0,1236.0,41.571428571428584,,,True
6290855005,2016-05-09,6277,4.75,4.75,0.0,0.0,0.0,4.73000001907349,0.0199999995529652,0,0,264,800,2175,False,,264,6261.0,256.85714285714283,2625.285714285714,5835.555555555556,241.55555555555554,2741.429236075638,107.88146391484618,441.44444444444434,22.444444444444457,0.1610271162480728,0.20804727171771795,696.3270304485728,26.22612292752275,-1429.0,13.0,1309.8571428571431,39.85714285714283,,,True
6290855005,2016-05-10,0,0.0,0.0,0.0,0.0,0.0,0.0,0.0,0,0,0,1440,0,True,,0,5397.142857142857,222.57142857142858,2243.714285714286,5851.321428571428,242.35714285714286,2691.476285714003,105.94974849592239,-5851.321428571428,-242.35714285714286,-2.1740193132874484,-2.2874725425044096,2477.8959104161618,101.31610129171176,-6277.0,-264.0,-417.8571428571431,-28.714285714285694,,,False
6775888955,2016-04-12,0,0.0,0.0,0.0,0.0,0.0,0.0,0.0,0,0,0,1440,1841,True,,0,,,,,,,,,,,,,,,,,,,,False
6775888955,2016-04-13,4053,2.91000008583069,2.91000008583069,0.0,1.11000001430511,0.579999983310699,1.22000002861023,0.0,17,18,85,1053,2400,False,3.9166666666666665,120,,,,0.0,0.0,,,4053.0,120.0,,,,,4053.0,120.0,,,,,True
6775888955,2016-04-14,5162,3.70000004768372,3.70000004768372,0.0,0.870000004768372,0.860000014305115,1.97000002861023,0.0,14,24,105,863,2507,False,7.05,143,3071.6666666666665,87.66666666666667,2249.3333333333335,2026.5,60.0,2865.903784149077,84.8528137423857,3135.5,83.0,1.0940702253327388,0.978164369113613,2717.318960544259,76.78758580222022,1109.0,23.0,,,3.9166666666666665,3.1333333333333333,True
6775888955,2016-04-15,1282,0.920000016689301,0.920000016689301,0.0,0.0,0.0,0.920000016689301,0.0,0,0,58,976,2127,False,6.516666666666667,58,2624.25,80.25,2218.75,3071.6666666666665,87.66666666666667,2717.318960544259,76.78758580222022,-1789.6666666666665,-29.66666666666667,-0.6586148670782449,-0.386347167584239,2392.336706374474,64.42760795394058,-3880.0,-85.0,,,5.483333333333333,1.0333333333333332,True
6775888955,2016-04-16,4732,3.39000010490417,3.39000010490417,0.0,2.51999998092651,0.810000002384186,0.0599999986588955,0.0,36,18,9,1377,2225,False,,63,3045.8,76.8,2220.0,2624.25,80.25,2392.336706374474,64.42760795394058,2107.75,-17.25,0.8810423689536577,-0.26774235890597864,2276.1762234062635,56.326725450713,3450.0,5.0,,,5.827777777777778,,True
6775888955,2016-04-17,2497,1.78999996185303,1.78999996185303,0.0,0.349999994039536,1.12999999523163,0.310000002384186,0.0,5,24,19,1392,2067,False,,48,2954.3333333333335,72.0,2194.5,3045.8,76.8,2276.1762234062635,56.326725450713,-548.8000000000002,-28.799999999999997,-0.24110611213468489,-0.5113025701076481,2048.164902215314,51.73393470440848,-2235.0,-15.0,,,5.827777777777778,,True
6775888955,2016-04-18,8294,5.94999980926514,5.94999980926514,0.0,2.0,0.769999980926514,3.17000007629395,0.0,30,31,146,1233,2798,False,,207,3717.1428571428573,91.28571428571429,2280.714285714286,2954.3333333333335,72.0,2048.164902215314,51.73393470440848,5339.666666666666,135.0,2.6070491972029126,2.609505697988024,2751.175168818556,69.52628827936066,5797.0,159.0,,,5.827777777777778,,True
6775888955,2016-04-19,0,0.0,0.0,0.0,0.0,0.0,0.0,0.0,0,0,0,1440,1841,True,,0,3717.1428571428573,91.28571428571429,2280.714285714286,3717.1428571428573,91.28571428571429,2751.175168818556,69.52628827936066,-3717.1428571428573,-91.28571428571429,-1.35111093540002,-1.3129668680996769,2751.175168818556,69.52628827936066,-8294.0,-207.0,,,5.827777777777778,,False
6775888955,2016-04-20,10771,7.71999979019165,7.71999979019165,0.0,3.76999998092651,1.74000000953674,2.22000002861023,0.0,70,113,178,1079,3727,False,,361,4676.857142857143,125.71428571428571,2470.285714285714,3252.5,79.875,2866.1521243646507,72.00682011349441,7518.5,281.125,2.623203399939369,3.904144019313135,3842.970397516806,124.24936523743195,10771.0,361.0,,,5.827777777777778,,True
6775888955,2016-04-21,0,0.0,0.0,0.0,0.0,0.0,0.0,0.0,0,0,0,1440,1841,True,,0,3939.4285714285716,105.28571428571429,2375.1428571428573,4087.8888888888887,111.11111111111111,3669.9926241221674,115.4041208584473,-4087.8888888888887,-111.11111111111111,-1.1138684205810387,-0.9628001957104971,4211.918638702275,132.42068605485358,-10771.0,-361.0,867.761904761905,17.61904761904762,5.827777777777778,,False
6775888955,2016-04-22,637,0.46000000834465,0.46000000834465,0.0,0.0,0.0,0.46000000834465,0.0,0,0,20,1420,1922,False,,20,3847.285714285714,99.85714285714286,2345.8571428571427,3679.1,100.0,3693.6961148541836,114.33673464328466,-3042.1,-80.0,-0.8235923867539117,-0.6996876336367457,4286.144876781687,135.4270142566696,637.0,20.0,1223.0357142857142,19.60714285714286,5.827777777777778,,True
6775888955,2016-04-23,0,0.0,0.0,0.0,0.0,0.0,0.0,0.0,0,0,0,1440,1841,True,,0,3171.285714285714,90.85714285714286,2291.0,3402.5454545454545,92.72727272727273,3622.2035382798786,111.11893709813005,-3402.5454545454545,-92.72727272727273,-0.9393578846819598,-0.8344866708983892,4491.58998255947,140.29068461760457,-637.0,-20.0,125.48571428571404,14.057142857142864,5.827777777777778,,False
6775888955,2016-04-24,2153,1.53999996185303,1.53999996185303,0.0,0.769999980926514,0.620000004768372,0.150000005960464,0.0,11,18,11,1400,2053,False,,40,3122.1428571428573,89.71428571428571,2289.0,3119.0,85.0,3590.595341874507,109.27696255595022,-966.0,-45.0,-0.2690361646897959,-0.41179767936139466,4502.066615402733,140.72990002804934,2153.0,40.0,167.80952380952385,17.714285714285708,5.827777777777778,,True
6775888955,2016-04-25,6474,4.6399998664856,4.6399998664856,0.0,2.26999998092651,0.46000000834465,1.89999997615814,0.0,33,13,92,1302,2484,False,,138,2862.1428571428573,79.85714285714286,2244.1428571428573,3044.6923076923076,81.53846153846153,3448.157705805024,105.36651538369561,3429.3076923076924,56.46153846153847,0.9945333084794439,0.53585845294469,4195.737179112924,133.3696974221513,4321.0,98.0,-855.0,-11.42857142857143,5.827777777777778,,True
6775888955,2016-04-26,7091,5.26999998092651,5.26999998092651,1.95959603786469,3.48000001907349,0.870000004768372,0.730000019073486,0.0,42,30,47,1321,2584,False,,119,3875.1428571428573,96.85714285714286,2350.285714285714,3289.6428571428573,85.57142857142857,3437.3249797602084,102.35136636998159,3801.3571428571427,33.42857142857143,1.1059056574907922,0.3266060072039216,4245.261100276851,129.00701346752248,617.0,-19.0,158.0,5.571428571428569,5.827777777777778,,True
6775888955,2016-04-27,0,0.0,0.0,0.0,0.0,0.0,0.0,0.0,0,0,0,1440,1841,True,,0,2336.4285714285716,45.285714285714285,2080.8571428571427,3543.0666666666666,87.8,3454.65111876452,99.00519466890901,-3543.0666666666666,-87.8,-1.025593191276627,-0.8868221451086145,3136.448249062564,58.9483228082425,-7091.0,-119.0,-2340.4285714285716,-80.42857142857142,5.827777777777778,,False
6775888955,2016-04-28,703,0.5,0.5,0.0,0.0599999986588955,0.200000002980232,0.239999994635582,0.0,2,13,15,1410,1993,False,,30,2436.8571428571427,49.57142857142857,2102.5714285714284,3321.625,82.3125,3453.0502433838597,98.13441037678884,-2618.625,-52.3125,-0.758351258936648,-0.5330698912448276,3059.4780289330097,56.13037544519945,703.0,30.0,-1502.571428571429,-55.71428571428572,5.827777777777778,,True
6775888955,2016-04-29,0,0.0,0.0,0.0,0.0,0.0,0.0,0.0,0,0,0,1440,1841,True,,0,2345.8571428571427,46.714285714285715,2091.0,3167.5882352941176,79.23529411764706,3403.189424253804,95.86157299184376,-3167.5882352941176,-79.23529411764706,-0.9307704742464884,-0.826559494259803,3130.581811131995,58.35156177776875,-703.0,-30.0,-1501.4285714285716,-53.142857142857146,5.827777777777778,,False
6775888955,2016-04-30,2503,1.78999996185303,1.78999996185303,0.0,0.159999996423721,0.159999996423721,1.48000001907349,0.0,3,9,84,1344,2280,False,,96,2703.4285714285716,60.42857142857143,2153.714285714286,2991.6111111111113,74.83333333333333,3384.943863274004,94.85608293930461,-488.6111111111113,21.16666666666667,-0.14434836461192177,0.22314506131425949,2956.0644364392597,56.80333658878719,2503.0,96.0,-467.85714285714266,-30.42857142857143,5.827777777777778,,True
6775888955,2016-05-01,2487,1.77999997138977,1.77999997138977,0.0,0.479999989271164,0.620000004768372,0.680000007152557,0.0,9,34,50,1347,2319,False,,93,2751.1428571428573,68.0,2191.714285714286,2965.8947368421054,75.94736842105263,3291.483453040198,92.31135339118521,-478.89473684210543,17.05263157894737,-0.14549510685046171,0.18472951341049462,2948.384723232449,57.15767664977297,-16.0,-3.0,-371.0,-21.714285714285708,5.827777777777778,,True
6775888955,2016-05-02,0,0.0,0.0,0.0,0.0,0.0,0.0,0.0,0,0,0,1440,1841,True,,0,1826.2857142857142,48.285714285714285,2099.8571428571427,2941.95,76.8,3205.483894417256,89.93014833162107,-2941.95,-76.8,-0.9177865482980528,-0.8539961355651361,2578.094626805213,52.60771263390407,-2487.0,-93.0,-1035.8571428571431,-31.571428571428577,5.827777777777778,,False
6775888955,2016-05-03,9,0.0099999997764825,0.0099999997764825,0.0,0.0,0.0,0.0099999997764825,0.0,0,0,1,1439,1843,False,,1,814.5714285714286,31.428571428571427,1994.0,2801.8571428571427,73.14285714285714,3189.5950884981353,89.2408458690782,-2792.8571428571427,-72.14285714285714,-0.8756149493873792,-0.8084062363134579,1176.136451429408,44.444186507188036,9.0,1.0,-3060.571428571429,-65.42857142857143,5.827777777777778,,True
6775888955,2016-05-04,0,0.0,0.0,0.0,0.0,0.0,0.0,0.0,0,0,0,1440,1841,True,,0,814.5714285714286,31.428571428571427,1994.0,2674.909090909091,69.86363636363636,3169.1657293226904,88.43792305208345,-2674.909090909091,-69.86363636363636,-0.8440420345693713,-0.7899737257795854,1176.136451429408,44.444186507188036,-9.0,-1.0,-1521.8571428571431,-13.857142857142858,5.827777777777778,,False
6775888955,2016-05-05,0,0.0,0.0,0.0,0.0,0.0,0.0,0.0,0,0,0,1440,1841,True,,0,714.1428571428571,27.142857142857142,1972.2857142857142,2558.608695652174,66.82608695652173,3146.1367758964675,87.62401713826318,-2558.608695652174,-66.82608695652173,-0.8132541199229535,-0.7626457719740255,1216.5702375354867,46.02328603156078,0.0,0.0,-1722.7142857142856,-22.428571428571427,5.827777777777778,,False
6775888955,2016-05-06,4697,3.36999988555908,3.36999988555908,0.0,0.469999998807907,0.930000007152557,1.92999994754791,0.0,12,35,75,1318,2496,False,,122,1385.142857142857,44.57142857142857,2065.8571428571427,2452.0,64.04166666666667,3120.991996702052,86.77681475895588,2245.0,57.95833333333333,0.7193225748906008,0.6679011303471537,1874.465384100353,56.041226321513065,4697.0,122.0,-960.7142857142856,-2.142857142857146,5.827777777777778,,True
6775888955,2016-05-07,1967,1.4099999666214,1.4099999666214,0.0,0.129999995231628,0.239999994635582,1.04999995231628,0.0,2,5,49,551,1032,False,,56,1308.5714285714287,38.857142857142854,1887.5714285714287,2541.8,66.36,3088.0955431031166,85.73694264045886,-574.8000000000002,-10.36,-0.18613413729947945,-0.1208347249167763,1831.6492438185212,51.80227978068332,-2730.0,-66.0,-1394.857142857143,-21.571428571428577,5.827777777777778,,True
6962181067,2016-04-12,10199,6.73999977111816,6.73999977111816,0.0,3.40000009536743,0.829999983310699,2.50999999046326,0.0,50,14,189,796,1994,False,6.1,253,,,,,,,,,,,,,,,,,,,,True
6962181067,2016-04-13,5652,3.74000000953674,3.74000000953674,0.0,0.569999992847443,1.21000003814697,1.96000003814697,0.0,8,24,142,548,1718,False,10.5,174,,,,10199.0,253.0,,,-4547.0,-79.0,,,,,-4547.0,-79.0,,,6.1,4.4,True
6962181067,2016-04-14,1551,1.02999997138977,1.02999997138977,0.0,0.0,0.0,1.02999997138977,0.0,0,0,86,862,1466,False,8.466666666666667,86,5800.666666666667,171.0,1726.0,7925.5,213.5,3215.2145340552315,55.86143571373726,-6374.5,-127.5,-1.9826048714632656,-2.282433240186349,4325.9163576441615,83.5404093837228,-4101.0,-88.0,,,8.3,0.16666666666666607,True
6962181067,2016-04-15,5563,3.6800000667572,3.6800000667572,0.0,0.0,0.0,3.6800000667572,0.0,0,0,217,837,1756,False,6.166666666666667,217,5741.25,182.5,1733.5,5800.666666666667,171.0,4325.9163576441615,83.5404093837228,-237.66666666666697,46.0,-0.0549401899996876,0.550631721686667,3534.0943559371285,71.9837944725524,4012.0,131.0,,,8.355555555555556,-2.188888888888889,True
6962181067,2016-04-16,13217,8.73999977111816,8.73999977111816,0.0,3.66000008583069,0.189999997615814,4.88000011444092,0.0,50,3,280,741,2173,False,5.95,333,7236.4,212.6,1821.4,5741.25,182.5,3534.0943559371285,71.9837944725524,7475.75,150.5,2.1153226951413266,2.090748327620291,4532.630009166864,91.74039459256755,7654.0,116.0,,,7.808333333333334,-1.8583333333333334,True
6962181067,2016-04-17,10145,6.71000003814697,6.71000003814697,0.0,0.330000013113022,0.680000007152557,5.69000005722046,0.0,5,13,295,634,2027,False,7.116666666666666,313,7721.166666666667,229.33333333333334,1855.6666666666667,7236.4,212.6,4532.630009166864,91.74039459256755,2908.6000000000004,100.4,0.6417024979925338,1.094392490369139,4224.426608034121,91.72277070971344,-3072.0,-20.0,,,7.436666666666667,-0.3200000000000012,True
6962181067,2016-04-18,11404,7.53999996185303,7.53999996185303,0.0,0.829999983310699,2.39000010490417,4.32000017166138,0.0,13,42,238,689,2039,False,7.366666666666666,293,8247.285714285714,238.42857142857142,1881.857142857143,7721.166666666667,229.33333333333334,4224.426608034121,91.72277070971344,3682.833333333333,63.66666666666666,0.8717948432237957,0.6941206145422703,4099.889295834126,87.1203327642427,1259.0,-20.0,,,7.383333333333333,-0.016666666666666607,True
6962181067,2016-04-19,10742,7.09999990463257,7.09999990463257,0.0,2.09999990463257,2.13000011444092,2.86999988555908,0.0,35,41,195,659,2046,False,7.933333333333334,271,8324.857142857143,241.0,1889.2857142857142,8247.285714285714,238.42857142857142,4099.889295834126,87.1203327642427,2494.7142857142862,32.571428571428584,0.6084833284744219,0.37386712336950506,4147.8276012298065,87.88439376059135,-662.0,-22.0,,,7.3809523809523805,0.5523809523809531,True
6962181067,2016-04-20,13928,9.55000019073486,9.55000019073486,0.0,4.28000020980835,0.189999997615814,5.09000015258789,0.0,48,4,297,639,2174,False,6.966666666666667,349,9507.142857142857,266.0,1954.4285714285713,8559.125,242.5,3896.8889216729217,81.47567559882958,5368.875,106.5,1.3777336502364113,1.3071385773742676,4428.94439750495,90.50046040398541,3186.0,78.0,,,7.45,-0.4833333333333334,True
6962181067,2016-04-21,11835,9.71000003814697,7.88000011444092,4.08169221878052,3.99000000953674,2.09999990463257,3.50999999046326,0.109999999403954,53,27,214,708,2179,False,7.516666666666667,294,10976.285714285714,295.7142857142857,2056.285714285714,9155.666666666666,254.33333333333334,4060.822946152664,84.07585860400118,2679.333333333334,39.66666666666666,0.659800579390443,0.47179614759215516,2729.570644764834,43.48453474403011,-2093.0,-55.0,5175.619047619047,124.71428571428572,7.3962962962962955,0.12037037037037113,True
6962181067,2016-04-22,10725,7.09000015258789,7.09000015258789,0.0,1.76999998092651,1.54999995231628,3.76999998092651,0.0,30,33,240,659,2086,False,7.083333333333333,303,11713.714285714286,308.0,2103.4285714285716,9423.6,258.3,3921.21308327467,80.25383341484553,1301.3999999999996,44.69999999999999,0.3318870900484938,0.5569827326746557,1393.8084175244144,26.286878856189816,-1110.0,9.0,5972.464285714286,125.5,7.408333333333333,-0.3250000000000002,True
6962181067,2016-04-23,20031,13.2399997711182,13.2399997711182,0.0,4.19999980926514,2.0,7.03999996185303,0.0,58,41,347,484,2571,False,8.8,446,12687.142857142857,324.14285714285717,2160.285714285714,9541.90909090909,262.3636363636364,3740.626724348353,77.31917320726177,10489.09090909091,183.63636363636363,2.8040998686160252,2.3750430021938413,3462.6734097886197,58.79463856347382,9306.0,143.0,5450.742857142857,111.54285714285717,7.378787878787879,1.4212121212121218,True
6962181067,2016-04-24,5029,3.3199999332428,3.3199999332428,0.0,0.0,0.0,3.3199999332428,0.0,0,0,199,720,1705,False,8.516666666666667,199,11956.285714285714,307.85714285714283,2114.285714285714,10416.0,277.6666666666667,4678.534074997113,90.80181549379779,-5387.0,-78.66666666666669,-1.1514290400571454,-0.866355649085941,4479.327319821051,75.74172907855697,-15002.0,-247.0,4235.119047619047,78.52380952380949,7.497222222222223,1.0194444444444448,True
6962181067,2016-04-25,13239,9.27000045776367,9.07999992370605,2.78517508506775,3.01999998092651,1.67999994754791,4.46000003814697,0.100000001490116,35,31,282,637,2194,False,6.666666666666667,348,12218.42857142857,315.7142857142857,2136.4285714285716,10001.615384615385,271.61538461538464,4721.960848674018,89.6321542579619,3237.3846153846152,76.38461538461536,0.6856017486057956,0.852201033934529,4495.285376819544,76.78913613637951,8210.0,149.0,3971.142857142857,77.2857142857143,7.575641025641025,-0.9089743589743584,True
6962181067,2016-04-26,10433,6.90000009536743,6.90000009536743,0.0,2.57999992370605,0.419999986886978,3.90000009536743,0.0,36,7,254,680,2012,False,7.35,297,12174.285714285714,319.42857142857144,2131.5714285714284,10232.857142857143,277.07142857142856,4618.483031957952,88.50246783670393,200.14285714285688,19.928571428571445,0.043335193767004794,0.22517531646876077,4513.679530578341,74.87068216344129,-2806.0,-51.0,3849.4285714285706,78.42857142857144,7.510714285714286,-0.16071428571428648,True
6962181067,2016-04-27,10320,6.82000017166138,6.82000017166138,0.0,0.550000011920929,2.01999998092651,4.25,0.0,7,38,279,697,2034,False,7.583333333333333,324,11658.857142857143,315.85714285714283,2111.5714285714284,10246.2,278.4,4450.781619959738,85.43819821535162,73.79999999999927,45.60000000000002,0.01658135722778632,0.5337191141524735,4485.9598166045225,73.81379403929992,-113.0,27.0,2151.7142857142862,49.85714285714283,7.5,0.08333333333333304,True
6962181067,2016-04-28,12627,8.35000038146973,8.35000038146973,0.0,2.50999999046326,0.239999994635582,5.59000015258789,0.0,38,8,288,621,2182,False,7.333333333333333,334,11772.0,321.57142857142856,2112.0,10250.8125,281.25,4299.903134083372,83.32466621595312,2376.1875,52.75,0.5526141927738861,0.6330658346739924,4501.105012475641,73.38677706248616,2307.0,10.0,795.7142857142862,25.857142857142833,7.505208333333333,-0.171875,True
6962181067,2016-04-29,10762,7.1100001335144,7.1100001335144,0.0,0.819999992847443,0.479999989271164,5.80999994277954,0.0,12,15,369,645,2254,False,7.216666666666667,396,11777.285714285714,334.85714285714283,2136.0,10390.588235294117,284.3529411764706,4203.061667683803,81.6868572480226,371.4117647058829,111.64705882352939,0.08836695580110088,1.3667689175233035,4499.692089994815,77.75266034340041,-1865.0,62.0,63.57142857142753,26.857142857142833,7.495098039215686,-0.2784313725490195,True
6962181067,2016-04-30,10081,6.65999984741211,6.65999984741211,0.0,2.24000000953674,0.759999990463257,3.67000007629395,0.0,32,16,237,731,2002,False,7.033333333333333,285,10355.857142857143,311.85714285714283,2054.714285714286,10411.222222222223,290.55555555555554,4078.508385867899,83.50288633420877,-330.2222222222226,-5.555555555555543,-0.08096641980325009,-0.06653129889174011,2648.7023507478443,61.512677748652116,-681.0,-111.0,-2331.2857142857138,-12.285714285714334,7.479629629629629,-0.4462962962962962,True
6962181067,2016-05-01,5454,3.60999989509583,3.60999989509583,0.0,0.0,0.0,3.60999989509583,0.0,0,0,215,722,1740,False,6.85,215,10416.57142857143,314.14285714285717,2059.714285714286,10393.842105263158,290.2631578947368,3964.3216354427864,81.16022705821089,-4939.842105263158,-75.26315789473682,-1.2460750055829761,-0.9273403943709413,2507.347127752285,56.73161544038904,-4627.0,-70.0,-1539.7142857142844,6.285714285714334,7.456140350877193,-0.606140350877193,True
6962181067,2016-05-02,12912,8.53999996185303,8.53999996185303,0.0,1.20000004768372,2.0,5.34000015258789,0.0,18,39,313,655,2162,False,7.766666666666667,370,10369.857142857143,317.2857142857143,2055.1428571428573,10146.85,286.5,4013.5767389541325,80.76834971564959,2765.1499999999996,83.5,0.6889490793769151,1.0338207882189816,2448.350562356316,59.463474182936544,7458.0,155.0,-1848.5714285714275,1.5714285714285552,7.425833333333334,0.34083333333333243,True
6962181067,2016-05-03,12109,8.11999988555908,8.11999988555908,0.0,1.74000000953674,2.03999996185303,4.32999992370605,0.0,21,36,267,654,2072,False,6.566666666666666,324,10609.285714285714,321.14285714285717,2063.714285714286,10278.52380952381,290.4761904761905,3958.2137589959393,80.80446710895322,1830.4761904761908,33.52380952380952,0.4624500599174484,0.41487569076758823,2535.9374147302187,58.80030774133916,-803.0,-46.0,-1565.0,1.7142857142857224,7.442063492063492,-0.8753968253968258,True
6962181067,2016-05-04,10147,6.71000003814697,6.71000003814697,0.0,0.469999998807907,1.67999994754791,4.55000019073486,0.0,15,36,284,683,2086,False,7.366666666666666,335,10584.57142857143,322.7142857142857,2071.1428571428573,10361.727272727272,292.0,3882.4848717310906,79.1803246363881,-214.72727272727207,43.0,-0.055306660493495904,0.5430641975061408,2540.066197112646,59.03590513609574,-1962.0,11.0,-1074.2857142857138,6.85714285714289,7.402272727272727,-0.035606060606061085,True
6962181067,2016-05-05,10524,6.96000003814697,6.96000003814697,0.0,0.990000009536743,1.1599999666214,4.80999994277954,0.0,14,22,305,591,2066,False,7.783333333333333,341,10284.142857142857,323.7142857142857,2054.5714285714284,10352.391304347826,293.8695652173913,3793.4846506169506,77.87770386248735,171.608695652174,47.13043478260869,0.0452377461390352,0.6051852050060965,2377.3925092119634,59.317547391740916,377.0,6.0,-1487.8571428571431,2.142857142857167,7.40072463768116,0.3826086956521735,True
6962181067,2016-05-06,5908,3.91000008583069,3.91000008583069,0.0,0.0,0.0,3.91000008583069,0.0,0,0,299,717,1850,False,7.383333333333334,299,9590.714285714286,309.85714285714283,1996.857142857143,10359.541666666666,295.8333333333333,3710.26654356198,76.77106943015235,-4451.541666666666,3.1666666666666856,-1.1997902612121356,0.041248176545197114,2871.362842175922,50.25411615456178,-4616.0,-42.0,-2186.5714285714275,-25.0,7.416666666666667,-0.033333333333333215,True
6962181067,2016-05-07,6815,4.5,4.5,0.0,0.0,0.0,4.5,0.0,0,0,328,745,1947,False,4.966666666666667,328,9124.142857142857,316.0,1989.0,10181.48,295.96,3739.671132154092,75.15732388352669,-3366.4799999999996,32.04000000000002,-0.9002074995724724,0.4263057532935514,3038.8795867650238,49.32882862316246,907.0,29.0,-1231.7142857142862,4.142857142857167,7.415333333333333,-2.448666666666666,True
6962181067,2016-05-08,4188,2.76999998092651,2.76999998092651,0.0,0.0,0.519999980926514,2.25,0.0,0,14,151,709,1659,False,9.016666666666667,165,8943.285714285714,308.85714285714283,1977.4285714285713,10052.0,297.1923076923077,3723.1205191344534,73.90643773353939,-5864.0,-132.19230769230768,-1.5750228788694256,-1.78864399310202,3318.516923480818,66.88654217261885,-2627.0,-163.0,-1473.2857142857156,-5.285714285714334,7.321153846153846,1.6955128205128212,True
6962181067,2016-05-09,12342,8.72000026702881,8.68000030517578,3.16782188415527,3.90000009536743,1.17999994754791,3.65000009536743,0.0,43,21,231,607,2105,False,8.15,295,8861.857142857143,298.14285714285717,1969.2857142857142,9834.814814814816,292.2962962962963,3821.2642998100578,76.80685807461106,2507.1851851851843,2.7037037037036953,0.6561140470324688,0.03520133144719909,3210.1266552672287,61.22752260062069,8154.0,130.0,-1508.0,-19.14285714285711,7.383950617283951,0.7660493827160497,True
6962181067,2016-05-10,15448,10.210000038147,10.210000038147,0.0,3.47000002861023,1.75,4.98999977111816,0.0,62,34,275,626,2361,False,7.816666666666666,371,9338.857142857143,304.85714285714283,2010.5714285714287,9924.357142857143,292.39285714285717,3779.6485258335833,75.37282115797555,5523.642857142857,78.60714285714283,1.4614170650862905,1.0429109671970143,3938.4877989981333,66.85414116175741,3106.0,76.0,-1270.4285714285706,-16.285714285714334,7.411309523809524,0.4053571428571425,True
6962181067,2016-05-11,6722,4.44000005722046,4.44000005722046,0.0,1.49000000953674,0.310000002384186,2.65000009536743,0.0,24,7,199,709,1855,False,7.533333333333333,230,8849.57142857143,289.85714285714283,1977.5714285714287,10114.827586206897,295.1034482758621,3850.665991274065,75.44030034574462,-3392.8275862068967,-65.10344827586209,-0.8811015011466146,-0.8629796953950583,4032.9716032202573,70.63622435037267,-8726.0,-141.0,-1735.0,-32.85714285714289,7.42528735632184,0.10804597701149365,True
6962181067,2016-05-12,3587,2.36999988555908,2.36999988555908,0.0,0.0,0.25,2.10999989509583,0.0,0,8,105,127,928,False,8.6,113,7858.571428571428,257.2857142857143,1815.0,10001.733333333334,292.93333333333334,3834.0631633072876,75.07510415822155,-6414.733333333334,-179.93333333333334,-1.6730901548650683,-2.396711039619885,4389.486297094568,92.35206961354325,-3135.0,-117.0,-2425.5714285714284,-66.42857142857144,7.428888888888889,1.1711111111111103,True
7007744171,2016-04-12,14172,10.289999961853,9.47999954223633,4.8697829246521,4.5,0.379999995231628,5.40999984741211,0.0,53,8,355,1024,2937,False,,416,,,,,,,,,,,,,,,,,,,,True
7007744171,2016-04-13,12862,9.64999961853027,8.60000038146973,4.8513069152832,4.6100001335144,0.560000002384186,4.48000001907349,0.0,56,22,261,1101,2742,False,,339,,,,14172.0,416.0,,,-1310.0,-77.0,,,,,-1310.0,-77.0,,,,,True
7007744171,2016-04-14,11179,8.23999977111816,7.48000001907349,3.28541493415833,2.95000004768372,0.340000003576279,4.96000003814697,0.0,34,6,304,1096,2668,False,,344,12737.666666666666,366.3333333333333,2782.3333333333335,13517.0,377.5,926.3098833543772,54.44722215136416,-2338.0,-33.5,-2.5239933627930005,-0.6152747203814134,1500.3687324565694,43.08518693627002,-1683.0,5.0,,,,,True
7007744171,2016-04-15,5273,3.52999997138977,3.52999997138977,0.0,0.0,0.0,3.52999997138977,0.0,0,0,202,1238,2098,False,,202,10871.5,325.25,2611.25,12737.666666666666,366.3333333333333,1500.3687324565694,43.08518693627002,-7464.666666666666,-164.33333333333331,-4.975221424049185,-3.8141491590197765,3928.2374758492724,89.3807399089237,-5906.0,-142.0,,,,,True
7007744171,2016-04-16,4631,3.09999990463257,3.09999990463257,0.0,0.0,0.0,3.09999990463257,0.0,0,0,203,1155,2076,False,1.3166666666666669,203,9623.4,300.8,2504.2,10871.5,325.25,3928.2374758492724,89.3807399089237,-6240.5,-122.25,-1.5886259516584338,-1.3677443122178758,4400.233550619785,94.76655528191368,-642.0,1.0,,,,,True
7007744171,2016-04-17,8059,5.3899998664856,5.3899998664856,0.0,0.0,0.0,5.3899998664856,0.0,0,0,305,1135,2383,False,,305,9362.666666666666,301.5,2484.0,9623.4,300.8,4400.233550619785,94.76655528191368,-1564.3999999999996,4.199999999999989,-0.3555265832251388,0.04431943255915868,3987.1713615878944,84.77912478906585,3428.0,102.0,,,1.3166666666666669,,True
7007744171,2016-04-18,14816,10.9799995422363,9.90999984741211,4.93055009841919,3.78999996185303,2.11999988555908,5.05000019073486,0.0199999995529652,48,31,284,1077,2832,False,,363,10141.714285714286,310.2857142857143,2533.714285714286,9362.666666666666,301.5,3987.1713615878944,84.77912478906585,5453.333333333334,61.5,1.3677198287745074,0.7254144157255723,4182.8641588543815,80.80782611792476,6757.0,58.0,,,1.3166666666666669,,True
7007744171,2016-04-19,14194,10.4799995422363,9.5,4.94214200973511,4.40999984741211,0.759999990463257,5.30999994277954,0.0,53,17,304,1066,2812,False,,374,10144.857142857143,304.2857142857143,2515.8571428571427,10141.714285714286,310.2857142857143,4182.8641588543815,80.80782611792476,4052.2857142857138,63.71428571428572,0.9687825278138571,0.7884667610391994,4186.403843737145,72.81417967610953,-622.0,11.0,,,1.3166666666666669,,True
7007744171,2016-04-20,15566,11.3100004196167,10.4099998474121,4.92484092712402,4.78999996185303,0.670000016689301,5.8600001335144,0.0,60,33,347,1000,3096,False,,440,10531.142857142857,318.7142857142857,2566.4285714285716,10648.25,318.25,4129.104148774716,78.13129974600449,4917.75,121.75,1.190996841353181,1.5582743258786218,4584.7077489036465,89.03878234738366,1372.0,66.0,,,1.3166666666666669,,True
7007744171,2016-04-21,13744,9.1899995803833,9.1899995803833,0.0,2.15000009536743,1.87000000476837,5.17000007629395,0.0,30,34,327,1049,2763,False,,391,10897.57142857143,325.42857142857144,2580.0,11194.666666666666,331.77777777777777,4195.885365450301,83.59691647689192,2549.333333333334,59.22222222222223,0.6075793570809723,0.7084259086298558,4744.823736000558,92.94955108885166,-1822.0,-49.0,-1840.0952380952367,-40.90476190476187,1.3166666666666669,,True
7007744171,2016-04-22,15299,10.2399997711182,10.2399997711182,0.0,4.09999990463257,1.75999999046326,4.36999988555908,0.0,64,50,261,1065,2889,False,,375,12329.857142857143,350.14285714285717,2693.0,11449.6,337.7,4037.227079183049,81.01035599093352,3849.3999999999996,37.30000000000001,0.953476216112537,0.4604349540661145,4251.6033614222715,76.14115963443287,1555.0,-16.0,1458.3571428571431,24.892857142857167,1.3166666666666669,,True
7007744171,2016-04-23,8093,5.40999984741211,5.40999984741211,0.0,0.129999995231628,1.12999999523163,4.15000009536743,0.0,2,25,223,1190,2284,False,,250,12824.42857142857,356.85714285714283,2722.714285714286,11799.545454545454,341.09090909090907,4002.044761459731,77.67168666310079,-3706.545454545454,-91.09090909090907,-0.9261629178448625,-1.1727685058938575,3302.098769830228,61.707451120667116,-7206.0,-125.0,3201.028571428571,56.05714285714282,1.3166666666666669,,True
7007744171,2016-04-24,11085,7.42000007629395,7.42000007629395,0.0,0.0,0.0,7.42000007629395,0.0,0,0,419,1021,2667,False,,419,13256.714285714286,373.14285714285717,2763.285714285714,11490.666666666666,333.5,3962.979006512728,78.58695242156354,-405.66666666666606,85.5,-0.10236407154759908,1.08796684789844,2721.2541051437893,60.77671860021335,2992.0,169.0,3894.04761904762,71.64285714285717,1.3166666666666669,,True
7007744171,2016-04-25,18229,13.3400001525879,12.1999998092651,4.86179208755493,4.30999994277954,1.37000000476837,7.67000007629395,0.0,51,24,379,986,3055,False,,454,13744.285714285714,386.14285714285717,2795.1428571428573,11459.461538461539,340.0769230769231,3795.9313221611515,78.88965029125761,6769.538461538461,113.9230769230769,1.783366948773185,1.4440813853071452,3292.909438692263,67.59543517977269,7144.0,35.0,3602.5714285714275,75.85714285714289,1.3166666666666669,,True
7007744171,2016-04-26,15090,10.1000003814697,10.1000003814697,0.0,0.930000007152557,0.939999997615814,8.22999954223633,0.0,16,22,424,978,2939,False,,462,13872.285714285714,398.7142857142857,2813.285714285714,11943.0,348.2142857142857,4071.122071748393,81.68153785509689,3147.0,113.78571428571428,0.7730055605715299,1.3930407761730619,3330.5037514008686,72.93310699015976,-3139.0,8.0,3727.4285714285706,94.42857142857144,1.3166666666666669,,True
7007744171,2016-04-27,13541,10.2200002670288,9.0600004196167,4.88560485839844,4.26999998092651,0.660000026226044,5.28999996185303,0.0,50,12,337,1041,2830,False,,399,13583.0,392.85714285714283,2775.285714285714,12152.8,355.8,4006.297029142284,84.01462457725525,1388.2000000000007,43.19999999999999,0.3465045126598361,0.5141961855233841,3245.735920660627,70.67632458711229,-1549.0,-63.0,3051.857142857143,74.14285714285711,1.3166666666666669,,True
7007744171,2016-04-28,15128,10.1199998855591,10.1199998855591,0.0,1.0900000333786,0.769999980926514,8.26000022888184,0.0,16,16,401,1007,2836,False,,433,13780.714285714286,398.85714285714283,2785.714285714286,12239.5625,358.5,3885.9788808612952,81.88121477685425,2888.4375,74.5,0.7432972715015127,0.9098545898857949,3298.8957098947412,72.25747613321997,1587.0,34.0,2883.142857142857,73.42857142857139,1.3166666666666669,,True
7007744171,2016-04-29,20067,14.3000001907349,13.4200000762939,4.91114616394043,4.30999994277954,2.04999995231628,7.94999980926514,0.0,55,42,382,961,3180,False,,479,14461.857142857143,413.7142857142857,2827.285714285714,12409.470588235294,362.88235294117646,3827.2442781596637,81.31411497469334,7657.529411764706,116.11764705882354,2.000794528183617,1.4280133980053573,4067.3657498259445,77.06645246304055,4939.0,46.0,2132.0,63.571428571428555,1.3166666666666669,,True
7007744171,2016-04-30,3761,2.51999998092651,2.51999998092651,0.0,0.0,0.0,2.51999998092651,0.0,0,0,200,1240,2051,False,,200,13843.0,406.57142857142856,2794.0,12834.888888888889,369.3333333333333,4128.415760653288,83.49920746365694,-9073.888888888889,-169.33333333333331,-2.197910630312851,-2.027963335808575,5331.133369181455,94.99974937310294,-16306.0,-279.0,1018.5714285714294,49.71428571428572,1.3166666666666669,,True
7007744171,2016-05-01,5600,3.75,3.75,0.0,0.0,0.0,3.75,0.0,0,0,237,1142,2225,False,0.9666666666666668,237,13059.42857142857,380.57142857142856,2730.8571428571427,12357.315789473685,360.42105263157896,4519.998144697648,89.96623798185732,-6757.315789473685,-123.42105263157896,-1.494981982659799,-1.3718596445547555,6145.031783404186,114.03048882186016,1839.0,37.0,-197.28571428571558,7.428571428571388,1.3166666666666669,-0.3500000000000001,True
7007744171,2016-05-02,13041,9.18000030517578,8.72000026702881,2.83232593536377,4.6399998664856,0.699999988079071,3.82999992370605,0.0,64,14,250,1112,2642,False,,328,12318.285714285714,362.57142857142856,2671.8571428571427,12019.45,354.25,4651.684182552652,91.81266682475618,1021.5499999999993,-26.25,0.21960863199010347,-0.28590825887015564,5715.466085231245,110.3945305753522,7441.0,91.0,-1426.0,-23.571428571428612,1.1416666666666668,,True
7007744171,2016-05-03,14510,10.8699998855591,9.71000003814697,4.91236782073975,4.48000001907349,1.01999998092651,5.3600001335144,0.0,58,31,330,1021,2976,False,,419,12235.42857142857,356.42857142857144,2677.1428571428573,12068.095238095239,353.0,4539.377819754178,89.6710655674393,2441.9047619047615,66.0,0.5379382061436473,0.7360233632368263,5672.631219494262,105.00453504945571,1469.0,91.0,-1636.8571428571431,-42.28571428571428,1.1416666666666668,,True
7007744171,2016-05-04,0,0.0,0.0,0.0,0.0,0.0,0.0,0.0,0,0,0,1440,1557,True,,0,10301.0,299.42857142857144,2495.285714285714,12179.09090909091,356.0,4460.465904653917,88.63407922464134,-12179.09090909091,-356.0,-2.730452640306735,-4.016513728102384,7244.303141089555,167.65128207369122,-14510.0,-419.0,-3282.0,-93.42857142857139,1.1416666666666668,,False
7007744171,2016-05-05,15010,11.1000003814697,10.039999961853,4.8782320022583,4.32999992370605,1.28999996185303,5.48000001907349,0.0,53,23,317,1047,2933,False,,393,10284.142857142857,293.7142857142857,2509.1428571428573,11649.565217391304,340.5217391304348,5043.862118961899,114.05774835790116,3360.434782608696,52.47826086956519,0.6662423957445689,0.46010254599092565,7231.324577341079,162.95573456792314,15010.0,393.0,-3496.5714285714294,-105.14285714285711,1.1416666666666668,,True
7007744171,2016-05-06,11459,7.67000007629395,7.67000007629395,0.0,3.0,0.810000002384186,3.85999989509583,0.0,44,13,247,1136,2553,False,,304,9054.42857142857,268.7142857142857,2419.5714285714284,11789.583333333334,342.7083333333333,4980.457425444642,112.06383241809947,-330.58333333333394,-38.708333333333314,-0.0663760986246046,-0.3454132537918475,5899.759115340863,141.84934999934998,-3551.0,-89.0,-5407.4285714285725,-145.0,1.1416666666666668,,True
7007744171,2016-05-07,0,0.0,0.0,0.0,0.0,0.0,0.0,0.0,0,0,0,111,120,True,,0,8517.142857142857,240.14285714285714,2143.714285714286,11776.36,341.16,4876.042220900061,109.97714914168911,-11776.36,-341.16,-2.415147257566419,-3.102098932009662,6592.729642785083,174.40320005801553,-11459.0,-304.0,-5325.857142857143,-166.42857142857142,1.1416666666666668,,False
7086361926,2016-04-12,11317,8.40999984741211,8.40999984741211,0.0,5.26999998092651,0.150000005960464,2.97000002861023,0.0,59,6,153,745,2772,False,8.566666666666666,218,,,,,,,,,,,,,,,,,,,,True
7086361926,2016-04-13,5813,3.61999988555908,3.61999988555908,0.0,0.560000002384186,0.209999993443489,2.83999991416931,0.0,31,26,155,744,2516,False,7.516666666666667,212,,,,11317.0,218.0,,,-5504.0,-6.0,,,,,-5504.0,-6.0,,,8.566666666666666,-1.0499999999999998,True
7086361926,2016-04-14,9123,6.11999988555908,6.11999988555908,0.0,2.02999997138977,0.330000013113022,3.66000008583069,0.0,35,32,189,787,2734,False,7.866666666666666,256,8751.0,228.66666666666666,2674.0,8565.0,215.0,3891.9157236507576,4.242640687119285,558.0,41.0,0.1433741220206078,9.663790398438909,2770.792666368236,23.86070689089771,3310.0,44.0,,,8.041666666666666,-0.17499999999999982,True
7086361926,2016-04-15,8585,5.67000007629395,5.67000007629395,0.0,2.03999996185303,1.11000001430511,2.52999997138977,0.0,30,21,139,864,2395,False,6.283333333333333,190,8709.5,219.0,2604.25,8751.0,228.66666666666666,2770.792666368236,23.86070689089771,-166.0,-38.66666666666666,-0.05991065371111679,-1.6205163251429378,2263.8647633343003,27.446918466985203,-538.0,-66.0,,,7.983333333333333,-1.7000000000000002,True
7086361926,2016-04-16,31,0.0099999997764825,0.0099999997764825,0.0,0.0,0.0,0.0099999997764825,0.0,0,0,3,1437,1635,False,,3,6973.8,175.8,2410.4,8709.5,219.0,2263.8647633343003,27.446918466985203,-8678.5,-216.0,-3.833488703355455,-7.869735627701962,4348.227822918207,99.47964615940289,-8554.0,-187.0,,,7.558333333333334,,True
7086361926,2016-04-17,0,0.0,0.0,0.0,0.0,0.0,0.0,0.0,0,0,0,1440,1629,True,,0,5811.5,146.5,2280.1666666666665,6973.8,175.8,4348.227822918207,99.47964615940289,-6973.8,-175.8,-1.6038258072954141,-1.7671956527781398,4819.887540181825,114.31491591214157,-31.0,-3.0,,,7.558333333333334,,False
7086361926,2016-04-18,9827,6.71000003814697,6.71000003814697,0.0,3.17000007629395,1.22000002861023,2.30999994277954,0.0,61,51,114,1136,2743,False,,226,6385.142857142857,157.85714285714286,2346.285714285714,5811.5,146.5,4819.887540181825,114.31491591214157,4015.5,79.5,0.8331107242007162,0.6954472972333166,4654.341286317948,108.59470301911381,9827.0,226.0,,,7.558333333333334,,True
7086361926,2016-04-19,10688,7.28999996185303,7.28999996185303,0.0,3.52999997138977,1.23000001907349,2.50999999046326,0.0,67,69,124,671,2944,False,7.866666666666666,260,6295.285714285715,163.85714285714286,2370.8571428571427,6385.142857142857,157.85714285714286,4654.341286317948,108.59470301911381,4302.857142857143,102.14285714285714,0.9244825158355873,0.9405878312894423,4548.116852584365,113.52008423098322,861.0,34.0,,,7.558333333333334,0.3083333333333327,True
7086361926,2016-04-20,14365,10.6400003433228,10.6400003433228,0.0,7.6399998664856,0.449999988079071,2.53999996185303,0.0,87,13,145,797,2997,False,8.2,245,7517.0,168.57142857142858,2439.5714285714284,6923.0,170.625,4569.739192307838,106.82821657756371,7442.0,74.375,1.628539329093102,0.6962111854576183,5455.147263517885,116.4987226580291,3677.0,-15.0,,,7.62,0.5799999999999992,True
7086361926,2016-04-21,9469,6.17999982833862,6.17999982833862,0.0,1.36000001430511,0.300000011920929,4.51000022888184,0.0,19,6,206,758,2463,False,6.5,231,7566.428571428572,165.0,2400.8571428571427,7749.888888888889,178.88888888888889,4942.257466088863,102.95805510551912,1719.1111111111113,52.111111111111114,0.34783924604472677,0.5061392287525684,5473.66050150302,113.72188297186547,-4896.0,-14.0,-1184.5714285714284,-63.66666666666666,7.716666666666666,-1.216666666666666,True
7086361926,2016-04-22,9753,6.53000020980835,6.53000020980835,0.0,2.86999988555908,0.970000028610229,2.67000007629395,0.0,58,59,153,762,2846,False,7.133333333333334,270,7733.285714285715,176.42857142857142,2465.285714285714,7921.8,184.1,4691.210215806673,98.45862075003895,1831.1999999999998,85.9,0.39034703527877834,0.8724477193889425,5527.423652850869,120.47248253281347,284.0,39.0,-976.2142857142853,-42.571428571428584,7.542857142857143,-0.40952380952380896,True
7086361926,2016-04-23,2817,1.80999994277954,1.80999994277954,0.0,0.0,0.0,1.79999995231628,0.0,0,0,90,1350,1965,False,,90,8131.285714285715,188.85714285714286,2512.4285714285716,8088.272727272727,191.9090909090909,4484.590596496164,96.93034049816863,-5271.272727272727,-101.9090909090909,-1.175418940185038,-1.0513641996300647,4950.59433180454,102.78850222897593,-6936.0,-180.0,1157.4857142857145,13.05714285714285,7.491666666666666,,True
7086361926,2016-04-24,3520,2.16000008583069,2.16000008583069,0.0,0.0,0.0,2.15000009536743,0.0,0,0,125,566,2049,False,11.35,125,8634.142857142857,206.71428571428572,2572.4285714285716,7649.0,183.41666666666666,4538.585262151432,96.98871380764159,-4129.0,-58.41666666666666,-0.9097548598509679,-0.602303750312857,4091.1774355952607,70.20378500174635,703.0,35.0,2822.642857142857,60.21428571428572,7.491666666666666,3.8583333333333334,True
7086361926,2016-04-25,10091,6.82000017166138,6.82000017166138,0.0,3.75,0.699999988079071,2.36999988555908,0.0,69,39,129,706,2752,False,7.433333333333334,237,8671.857142857143,208.28571428571428,2573.714285714286,7331.384615384615,178.92307692307693,4493.731977960367,94.26245411832993,2759.6153846153848,58.076923076923066,0.6141032437038728,0.6161193553044816,4105.199241148207,70.82775888429215,6571.0,112.0,2286.7142857142862,50.428571428571416,7.92037037037037,-0.4870370370370365,True
7086361926,2016-04-26,10387,7.07000017166138,7.07000017166138,0.0,4.15999984741211,0.769999980926514,2.11999988555908,0.0,70,33,132,726,2781,False,8.083333333333334,235,8628.857142857143,204.71428571428572,2550.4285714285716,7528.5,183.07142857142858,4379.98102823429,91.88493162287634,2858.5,51.928571428571416,0.6526283974567177,0.5651478424836207,4082.072693643571,68.37327520241195,296.0,-2.0,2333.5714285714284,40.85714285714286,7.871666666666667,0.2116666666666669,True
7086361926,2016-04-27,11107,8.34000015258789,8.34000015258789,0.0,5.63000011444092,0.180000007152557,2.52999997138977,0.0,55,6,145,829,2693,False,7.816666666666666,206,8163.428571428572,199.14285714285714,2507.0,7719.066666666667,186.53333333333333,4284.701414278924,89.55195352951482,3387.9333333333334,19.46666666666667,0.7907046500958542,0.2173784678284245,3456.910849161086,66.09444901409036,720.0,-29.0,646.4285714285716,30.571428571428555,7.890909090909091,-0.07424242424242422,True
7086361926,2016-04-28,11584,7.80000019073486,7.80000019073486,0.0,2.78999996185303,1.63999998569489,3.35999989509583,0.0,54,48,161,810,2862,False,5.9,263,8465.57142857143,203.71428571428572,2564.0,7930.8125,187.75,4225.178800457246,86.65217827614029,3653.1875,75.25,0.8646231725720177,0.8684143968289106,3675.55337589425,69.67475460000865,477.0,57.0,899.1428571428578,38.71428571428572,7.884722222222222,-1.9847222222222216,True
7086361926,2016-04-29,7881,4.94999980926514,4.94999980926514,0.0,0.490000009536743,0.449999988079071,4.0,0.0,24,36,182,1198,2616,False,,242,8198.142857142857,199.71428571428572,2531.1428571428573,8145.705882352941,192.1764705882353,4185.859914114212,85.8627067577345,-264.70588235294144,49.823529411764696,-0.06323811300926416,0.5802697202648679,3634.138615434265,65.93864391921296,-3703.0,-21.0,464.8571428571422,23.285714285714306,7.732051282051282,,True
7086361926,2016-04-30,14560,9.40999984741211,9.40999984741211,0.0,3.11999988555908,1.03999996185303,5.23999977111816,0.0,42,17,308,584,2995,False,8.083333333333334,367,9875.714285714286,239.28571428571428,2678.285714285714,8131.0,194.94444444444446,4061.359870782199,84.12278996116137,6429.0,172.05555555555554,1.582967331870258,2.0452906232627472,3441.3802325174574,71.96460770340352,6679.0,125.0,1744.4285714285716,50.428571428571416,7.732051282051282,0.3512820512820518,True
7086361926,2016-05-01,12390,8.06999969482422,8.06999969482422,0.0,2.29999995231628,0.899999976158142,4.84999990463257,0.0,30,15,258,685,2730,False,6.466666666666667,303,11142.857142857143,264.7142857142857,2775.5714285714284,8469.368421052632,204.0,4213.5075018132175,90.78301358489679,3920.6315789473683,99.0,0.9304911825432123,1.090512365696107,2071.4551591068744,54.07622486119107,-2170.0,-64.0,2508.7142857142862,58.0,7.757142857142857,-1.2904761904761903,True
7086361926,2016-05-02,10052,6.80999994277954,6.80999994277954,0.0,3.48000001907349,0.660000026226044,2.66000008583069,0.0,66,26,139,737,2754,False,7.333333333333333,231,11137.285714285714,263.85714285714283,2775.8571428571427,8665.4,208.95,4193.782382728533,91.09247759109536,1386.6000000000004,22.05000000000001,0.330632320212864,0.2420616975302666,2074.8055101049627,54.63341032563799,-2338.0,-72.0,2465.4285714285706,55.571428571428555,7.671111111111111,-0.3377777777777782,True
7086361926,2016-05-03,10288,6.76000022888184,6.76000022888184,0.0,2.74000000953674,0.850000023841858,3.16000008583069,0.0,57,36,152,761,2754,False,7.6,245,11123.142857142857,265.2857142857143,2772.0,8731.42857142857,210.0,4098.777300261977,88.91625273255728,1556.5714285714294,35.0,0.3797648211070591,0.3936288195999931,2081.1000639542744,53.87861135835597,236.0,14.0,2494.2857142857138,60.571428571428555,7.65,-0.05000000000000071,True
7086361926,2016-05-04,10988,8.3100004196167,8.3100004196167,0.0,5.28000020980835,0.119999997317791,2.90000009536743,0.0,45,12,135,843,2655,False,7.0,192,11106.142857142857,263.2857142857143,2766.5714285714284,8802.181818181818,211.5909090909091,4013.740028076932,87.09363275119982,2185.818181818182,-19.590909090909093,0.5445838958137181,-0.2249407706064303,2081.7398515481755,56.63542556184628,700.0,-53.0,2942.7142857142853,64.14285714285714,7.647058823529412,-0.6470588235294121,True
7086361926,2016-05-05,8564,5.59999990463257,5.59999990463257,0.0,1.77999997138977,0.829999983310699,2.95000004768372,0.0,24,14,149,1253,2386,False,,187,10674.714285714286,252.42857142857142,2698.5714285714284,8897.217391304348,210.7391304347826,3947.855343630165,85.18921047308555,-333.217391304348,-23.739130434782595,-0.08440466081351919,-0.2786635775151255,2270.5753099369435,63.56061973386024,-2424.0,-5.0,2209.142857142857,48.714285714285694,7.611111111111111,,True
7086361926,2016-05-06,12461,8.38000011444092,8.38000011444092,0.0,3.8199999332428,1.42999994754791,3.11999988555908,0.0,84,35,154,834,2924,False,5.366666666666666,273,11329.0,256.85714285714283,2742.5714285714284,8883.333333333334,209.75,3861.6777573289664,83.45748722501202,3577.666666666666,63.25,0.9264539639410001,0.7578708794766258,1971.565452459883,63.792446186646536,3897.0,86.0,3130.857142857143,57.14285714285711,7.611111111111111,-2.2444444444444445,True
7086361926,2016-05-07,12827,8.47999954223633,8.47999954223633,0.0,1.46000003814697,2.32999992370605,4.67999982833862,0.0,20,42,209,621,2739,False,8.833333333333334,271,11081.42857142857,243.14285714285714,2706.0,9026.44,212.28,3847.490947357771,82.67381689507265,3800.5599999999995,58.72,0.9878021939524503,0.710261138230314,1565.1423638275296,43.144828084907154,366.0,-2.0,1205.7142857142844,3.857142857142861,7.492982456140351,1.340350877192983,True
7086361926,2016-05-08,10677,7.09999990463257,7.09999990463257,0.0,2.30999994277954,1.52999997138977,3.25,0.0,32,27,147,695,2534,False,8.016666666666667,206,10836.714285714286,229.28571428571428,2678.0,9172.615384615385,214.53846153846155,3842.7343710115906,81.81795928485666,1504.3846153846152,-8.538461538461547,0.3914880576554402,-0.10435925692518022,1456.595999157595,35.64039976260223,-2150.0,-65.0,-306.1428571428569,-35.428571428571445,7.56,0.4566666666666679,True
7086361926,2016-05-09,13566,9.10999965667725,9.10999965667725,0.0,4.26000022888184,1.71000003814697,3.11999988555908,0.0,67,50,171,743,2960,False,7.116666666666666,288,11338.714285714286,237.42857142857142,2707.4285714285716,9228.333333333334,214.22222222222223,3779.217145225877,80.24593607411067,4337.666666666666,73.77777777777777,1.1477685718584565,0.9193958032995581,1722.3640453637884,42.03513269816551,2889.0,82.0,201.42857142857247,-26.428571428571416,7.5817460317460315,-0.4650793650793652,True
7086361926,2016-05-10,14433,10.789999961853,10.789999961853,0.0,7.1100001335144,1.20000004768372,2.45000004768372,0.0,72,23,106,1182,2800,False,,201,11930.857142857143,231.14285714285714,2714.0,9383.25,216.85714285714286,3798.088765223704,79.97069569106029,5049.75,-15.857142857142861,1.3295502845818887,-0.19828691649894667,1992.2934379395908,43.959938472161134,867.0,-87.0,807.7142857142862,-34.14285714285714,7.560606060606061,,True
7086361926,2016-05-11,9572,6.51999998092651,6.51999998092651,0.0,2.89000010490417,1.38999998569489,2.23000001907349,0.0,57,40,128,757,2735,False,7.516666666666667,225,11728.57142857143,235.85714285714286,2725.4285714285716,9557.379310344828,216.31034482758622,3845.7238721709105,78.58485107025393,14.6206896551721,8.68965517241378,0.0038018043253627877,0.1105767198574775,2168.1093804774464,40.712113559433305,-4861.0,24.0,622.4285714285725,-27.428571428571416,7.560606060606061,-0.04393939393939483,True
7086361926,2016-05-12,3789,2.55999994277954,2.55999994277954,0.0,0.379999995231628,0.270000010728836,1.88999998569489,0.0,5,4,58,343,1199,False,7.4,67,11046.42857142857,218.71428571428572,2555.8571428571427,9557.866666666667,216.6,3778.8375582914414,77.23435004961333,-5768.866666666667,-149.6,-1.5266246765442784,-1.9369619601503594,3604.8402580023285,75.29212948180417,-5783.0,-158.0,371.7142857142844,-33.714285714285694,7.558695652173912,-0.15869565217391202,True
8053475328,2016-04-12,18060,14.1199998855591,14.1199998855591,0.0,11.6400003433228,0.389999985694885,2.09999990463257,0.0,116,8,123,1193,3186,False,,247,,,,,,,,,,,,,,,,,,,,True
8053475328,2016-04-13,16433,13.3500003814697,13.3500003814697,0.0,10.4300003051758,0.469999998807907,2.45000004768372,0.0,95,12,156,1177,3140,False,,263,,,,18060.0,247.0,,,-1627.0,16.0,,,,,-1627.0,16.0,,,,,True
8053475328,2016-04-14,20159,15.9700002670288,15.9700002670288,0.0,12.3400001525879,0.209999993443489,3.35999989509583,0.0,119,5,193,1123,3411,False,,317,18217.333333333332,275.6666666666667,3245.6666666666665,17246.5,255.0,1150.462732990513,11.313708498984761,2912.5,62.0,2.531590041076478,5.480077069820786,1867.9759991320377,36.67878587594378,3726.0,54.0,,,,,True
8053475328,2016-04-15,20669,16.2399997711182,16.2399997711182,0.0,13.2600002288818,0.389999985694885,2.58999991416931,0.0,132,8,158,1142,3410,False,,298,18830.25,281.25,3286.75,18217.333333333332,275.6666666666667,1867.9759991320377,36.67878587594378,2451.666666666668,22.333333333333314,1.3124722515136018,0.6088896399128428,1956.7550306566231,31.962217278113435,510.0,-19.0,,,,,True
8053475328,2016-04-16,14549,11.1099996566772,11.1099996566772,0.0,9.35999965667725,0.270000010728836,1.49000000953674,0.0,96,6,83,1255,2867,False,,185,17974.0,262.0,3202.8,18830.25,281.25,1956.7550306566231,31.962217278113435,-4281.25,-96.25,-2.187933558742618,-3.0113679583343718,2556.851188473823,51.17616632769594,-6120.0,-113.0,,,,,True
8053475328,2016-04-17,18827,13.6899995803833,13.6899995803833,0.0,9.23999977111816,0.800000011920929,3.64000010490417,0.0,111,21,195,1113,3213,False,,327,18116.166666666668,272.8333333333333,3204.5,17974.0,262.0,2556.851188473823,51.17616632769594,853.0,65.0,0.33361347094100524,1.2701224689958908,2313.2787481552386,52.909041445358525,4278.0,142.0,,,,,True
8053475328,2016-04-18,17076,12.6599998474121,12.6599998474121,0.0,9.07999992370605,0.230000004172325,3.34999990463257,0.0,102,6,195,1137,3133,False,,303,17967.571428571428,277.14285714285717,3194.285714285714,18116.166666666668,272.8333333333333,2313.2787481552386,52.909041445358525,-1040.1666666666679,30.166666666666686,-0.44965037916269934,0.5701608888087725,2148.009765429607,49.62670172205205,-1751.0,-24.0,,,,,True
8053475328,2016-04-19,15929,12.4799995422363,12.4799995422363,0.0,9.22000026702881,0.310000002384186,2.95000004768372,0.0,90,7,191,1152,3114,False,,288,17663.14285714286,283.0,3184.0,17967.571428571428,277.14285714285717,2148.009765429607,49.62670172205205,-2038.5714285714275,10.857142857142833,-0.9490512847899727,0.2187762285548415,2279.699134284423,47.86439177509728,-1147.0,-15.0,,,,,True
8053475328,2016-04-20,15108,12.1899995803833,12.1899995803833,0.0,9.57999992370605,0.230000004172325,2.38000011444092,0.0,89,5,158,695,3043,False,8.1,252,17473.85714285714,281.42857142857144,3170.1428571428573,17712.75,278.5,2115.249985226333,46.105469151872704,-2604.75,-26.5,-1.2314147344101627,-0.5747691090169618,2447.681517175757,48.8018344698132,-821.0,-36.0,,,,,True
8053475328,2016-04-21,16057,12.5100002288818,12.5100002288818,0.0,9.67000007629395,0.25,2.57999992370605,0.0,100,6,170,1164,3103,False,,276,16887.85714285714,275.57142857142856,3126.1428571428573,17423.333333333332,275.55555555555554,2160.7533987014817,44.023036898625904,-1366.3333333333321,0.4444444444444571,-0.6323411702242827,0.010095724094913713,2173.345687227527,46.21275849393809,949.0,24.0,-1329.4761904761908,-0.09523809523813043,8.1,,True
8053475328,2016-04-22,10520,8.28999996185303,8.28999996185303,0.0,6.26000022888184,0.150000005960464,1.87999999523163,0.0,60,3,117,1260,2655,False,,180,15438.0,258.7142857142857,3018.285714285714,17286.7,275.6,2082.493753492033,41.505555183747525,-6766.700000000001,-95.60000000000002,-3.2493254711587602,-2.303306082124842,2578.066200339582,56.94358110069498,-5537.0,-96.0,-3392.25,-22.535714285714278,8.1,,True
8053475328,2016-04-23,22359,17.1900005340576,17.1900005340576,0.0,12.539999961853,0.629999995231628,4.01999998092651,0.0,125,14,223,741,3554,False,5.516666666666667,362,16553.714285714286,284.0,3116.4285714285716,16671.545454545456,266.90909090909093,2840.0120550320344,48.79847240530085,5687.454545454544,95.09090909090907,2.0026163386788074,1.9486451615221962,3611.895703287761,58.04308744372581,11839.0,182.0,-1420.2857142857138,22.0,8.1,-2.583333333333333,True
8053475328,2016-04-24,22988,17.9500007629395,17.9500007629395,0.0,13.1300001144409,1.54999995231628,3.25999999046326,0.0,129,33,182,1096,3577,False,,344,17148.14285714286,286.42857142857144,3168.4285714285716,17145.5,274.8333333333333,3166.7050412347885,54.02160061802439,5842.5,69.16666666666669,1.8449776414531065,1.2803520183598023,4321.140490988132,60.44793115527099,629.0,-18.0,-968.0238095238092,13.59523809523813,6.808333333333334,,True
8053475328,2016-04-25,20500,15.6899995803833,15.6899995803833,0.0,11.3699998855591,0.46000000834465,3.85999989509583,0.0,118,9,209,1104,3403,False,,336,17637.285714285714,291.14285714285717,3207.0,17594.923076923078,280.15384615384613,3437.747335623976,55.16467189824503,2905.076923076922,55.84615384615387,0.8450524830977949,1.0123535754334279,4501.637617367179,63.18076862313029,-2488.0,-8.0,-330.28571428571377,14.0,6.808333333333334,,True
8053475328,2016-04-26,12685,9.61999988555908,9.61999988555908,0.0,6.30999994277954,0.200000002980232,3.09999990463257,0.0,68,5,185,1182,2846,False,,258,17173.85714285714,286.85714285714283,3168.714285714286,17802.428571428572,284.14285714285717,3392.9104074477173,55.06200301318665,-5117.4285714285725,-26.142857142857167,-1.5082710579940823,-0.4747894235123787,4859.560660134188,64.43453673155045,-7815.0,-78.0,-489.2857142857174,3.857142857142833,6.808333333333334,,True
8053475328,2016-04-27,12422,9.81999969482422,9.81999969482422,0.0,6.46000003814697,0.430000007152557,2.9300000667572,0.0,60,10,183,1187,2852,False,,253,16790.14285714286,287.0,3141.4285714285716,17461.266666666666,282.4,3526.391690153117,53.48671397112157,-5039.266666666666,-29.399999999999977,-1.4290150125151995,-0.5496692032007119,5147.389352172338,64.34542200757825,-263.0,-5.0,-683.7142857142826,5.571428571428555,6.808333333333334,,True
8053475328,2016-04-28,15447,12.3999996185303,12.3999996185303,0.0,9.67000007629395,0.389999985694885,2.34999990463257,0.0,90,9,153,1188,3062,False,,252,16703.0,283.57142857142856,3135.5714285714284,17146.3125,280.5625,3632.2922738265434,52.193190807486246,-1699.3125,-28.5625,-0.46783473669699366,-0.5472457041016446,5166.995903488475,65.65530479419807,3025.0,-1.0,-184.8571428571413,8.0,6.808333333333334,,True
8053475328,2016-04-29,12315,9.64999961853027,9.64999961853027,0.0,6.17000007629395,0.310000002384186,3.17000007629395,0.0,58,8,159,1215,2794,False,,225,16959.428571428572,290.0,3155.4285714285716,17046.352941176472,278.88235294117646,3541.018637715292,51.00843355875229,-4731.352941176472,-53.882352941176464,-1.3361558986012687,-1.0563420227906417,4843.412118783716,55.19359866264688,-3132.0,-27.0,1521.4285714285725,31.285714285714278,6.808333333333334,,True
8053475328,2016-04-30,7135,5.59000015258789,5.59000015258789,0.0,2.99000000953674,0.0599999986588955,2.53999996185303,0.0,27,1,131,1281,2408,False,,159,14784.57142857143,261.0,2991.714285714286,16783.5,275.8888888888889,3611.770451470809,51.089182565034235,-9648.5,-116.88888888888891,-2.6714045443833427,-2.2879380865441825,5400.70744924968,63.72859117643612,-5180.0,-66.0,-1769.1428571428569,-23.0,6.808333333333334,,True
8053475328,2016-05-01,1170,0.850000023841858,0.850000023841858,0.0,0.0,0.0,0.850000023841858,0.0,0,0,51,1389,1886,False,,51,11667.714285714286,219.14285714285714,2750.1428571428573,16275.684210526315,269.7368421052632,4149.678368428511,56.42875754757119,-15105.684210526315,-218.73684210526318,-3.6402060270050884,-3.8763362465410482,6124.575787058941,90.65948851136791,-5965.0,-108.0,-5480.4285714285725,-67.2857142857143,6.808333333333334,,True
8053475328,2016-05-02,1969,1.42999994754791,1.42999994754791,0.0,0.0,0.0,1.42999994754791,0.0,0,0,95,1345,1988,False,,95,9020.42857142857,184.71428571428572,2548.0,15520.4,258.8,5265.226344912239,73.54525996390177,-13551.4,-163.8,-2.5737544997511628,-2.227199929039588,5657.760271142141,84.43284172586371,799.0,44.0,-8616.857142857143,-106.42857142857144,6.808333333333334,,True
8053475328,2016-05-03,15484,11.8999996185303,11.8999996185303,0.0,8.39000034332275,0.930000007152557,2.58999991416931,0.0,87,22,165,1166,3023,False,,274,9420.285714285714,187.0,2573.285714285714,14875.095238095239,251.0,5922.943608584856,80.10056179578267,608.9047619047615,23.0,0.1028044165268425,0.2871390561716623,6045.535259299104,86.9271725833374,13515.0,179.0,-7753.5714285714275,-99.85714285714283,6.808333333333334,,True
8053475328,2016-05-04,14581,11.1499996185303,11.1499996185303,0.0,8.81999969482422,0.400000005960464,1.9099999666214,0.0,89,8,123,1220,2918,False,,220,9728.714285714286,182.28571428571428,2582.714285714286,14902.772727272728,252.04545454545453,5781.658733252267,78.32379512713159,-321.77272727272793,-32.04545454545453,-0.05565405051779527,-0.40914072261563805,6274.920523116502,83.58172504743338,-903.0,-54.0,-7061.4285714285725,-104.71428571428572,6.808333333333334,,True
8053475328,2016-05-05,14990,11.5100002288818,11.5100002288818,0.0,8.85000038146973,0.449999988079071,2.21000003814697,0.0,93,9,130,1208,2950,False,,232,9663.42857142857,179.42857142857142,2566.714285714286,14888.782608695652,250.65217391304347,5649.1277199269825,76.81418470785206,101.21739130434798,-18.65217391304347,0.017917348713747776,-0.2428219962388642,6207.5258854915555,81.10663175280861,409.0,12.0,-7039.571428571429,-104.14285714285714,6.808333333333334,,True
8053475328,2016-05-06,13953,11.0,11.0,0.0,9.10000038146973,0.689999997615814,1.21000003814697,0.0,90,15,90,1245,2859,False,,195,9897.42857142857,175.14285714285714,2576.0,14893.0,249.875,5524.994534720885,75.22217093384103,-940.0,-54.875,-0.17013591487242105,-0.7295056575641468,6353.3005295710445,79.0641692370371,-1037.0,-37.0,-7062.000000000002,-114.85714285714286,6.808333333333334,,True
8053475328,2016-05-07,19769,15.6700000762939,15.6700000762939,0.0,12.4399995803833,0.879999995231628,2.34999990463257,0.0,121,20,148,1076,3331,False,1.2333333333333334,289,11702.285714285714,193.71428571428572,2707.8571428571427,14855.4,247.68,5411.932195005156,74.4517293284716,4913.6,41.31999999999999,0.907919726641623,0.5549904591565755,7178.68269518129,89.25191741304357,5816.0,94.0,-3082.2857142857156,-67.28571428571428,6.808333333333334,-5.575,True
8053475328,2016-05-08,22026,17.6499996185303,17.6499996185303,0.0,13.3999996185303,0.589999973773956,3.66000008583069,0.0,125,14,228,1073,3589,False,,367,14681.714285714286,238.85714285714286,2951.1428571428573,15044.384615384615,249.26923076923077,5389.438234747091,73.3962166285471,6981.615384615385,117.73076923076923,1.2954254375359,1.6040440915715313,6360.188459322197,84.84383413351961,2257.0,78.0,3014.0,19.714285714285722,4.95,,True
8053475328,2016-05-09,12465,9.38000011444092,9.38000011444092,0.0,6.11999988555908,0.569999992847443,2.69000005722046,0.0,66,12,148,1214,2765,False,,226,16181.142857142857,257.57142857142856,3062.1428571428573,15302.962962962964,253.62962962962962,5452.905968249911,75.45306648616237,-2837.9629629629635,-27.62962962962962,-0.5204496426248383,-0.36618298698984936,3422.3456589777425,58.03693405311579,-9561.0,-141.0,7160.714285714286,72.85714285714283,4.95,,True
8053475328,2016-05-10,14810,11.3599996566772,11.3599996566772,0.0,9.09000015258789,0.419999986886978,1.85000002384186,0.0,96,10,115,1219,2926,False,,221,16084.857142857143,250.0,3048.285714285714,15201.607142857143,252.64285714285714,5377.784070285247,74.22648737864016,-391.6071428571431,-31.64285714285714,-0.07281942481627979,-0.4263014165703529,3454.5580242423393,58.9858740151685,2345.0,-5.0,6664.571428571429,63.0,4.95,,True
8053475328,2016-05-11,12209,9.39999961853027,9.39999961853027,0.0,6.07999992370605,0.280000001192093,3.03999996185303,0.0,60,7,184,1189,2809,False,,251,15746.0,254.42857142857142,3032.714285714286,15188.103448275862,251.55172413793105,5281.379786874068,73.12542366514462,-2979.1034482758623,-0.5517241379310462,-0.5640767314473044,-0.007544901659819374,3731.8614658103265,57.50320902018465,-2601.0,30.0,6017.285714285714,72.14285714285714,4.95,,True
8053475328,2016-05-12,4998,3.91000008583069,3.91000008583069,0.0,2.95000004768372,0.200000002980232,0.759999990463257,0.0,28,4,39,839,1505,False,,71,14318.57142857143,231.42857142857142,2826.285714285714,15088.8,251.53333333333333,5217.947974258556,71.8536507523228,-10090.8,-180.53333333333333,-1.9338636659174406,-2.512514380697391,5541.447490116126,90.62717977674087,-7211.0,-180.0,4655.142857142859,52.0,4.95,,True
8253242879,2016-04-12,9033,7.15999984741211,7.15999984741211,0.0,5.42999982833862,0.140000000596046,1.5900000333786,0.0,40,2,154,1244,2044,False,,196,,,,,,,,,,,,,,,,,,,,True
8253242879,2016-04-13,8053,6.09999990463257,6.09999990463257,0.0,4.17000007629395,0.629999995231628,1.30999994277954,0.0,35,11,96,1298,1935,False,,142,,,,9033.0,196.0,,,-980.0,-54.0,,,,,-980.0,-54.0,,,,,True
8253242879,2016-04-14,5234,3.46000003814697,3.46000003814697,0.0,1.92999994754791,0.990000009536743,0.540000021457672,0.0,29,16,33,1362,1705,False,,78,7440.0,138.66666666666666,1894.6666666666667,8543.0,169.0,692.9646455628166,38.18376618407357,-3309.0,-91.0,-4.775135378713786,-2.3832116815848403,1972.2897860101593,59.0705792534095,-2819.0,-64.0,,,,,True
8253242879,2016-04-15,2672,1.76999998092651,1.76999998092651,0.0,0.0,0.0,1.75999999046326,0.0,0,0,105,1335,1632,False,,105,6248.0,130.25,1829.0,7440.0,138.66666666666666,1972.2897860101593,59.0705792534095,-4768.0,-33.66666666666666,-2.4174946457680155,-0.56993966408047,2876.932509925575,51.08408101682297,-2562.0,27.0,,,,,True
8253242879,2016-04-16,9256,6.1399998664856,6.1399998664856,0.0,0.430000007152557,3.26999998092651,2.45000004768372,0.0,6,51,115,1268,1880,False,,172,6849.6,138.6,1839.2,6248.0,130.25,2876.932509925575,51.08408101682297,3008.0,41.75,1.0455580687335129,0.8172800283706952,2831.460453546897,48.01874633932044,6584.0,67.0,,,,,True
8253242879,2016-04-17,10204,7.90999984741211,7.90999984741211,0.0,5.42999982833862,0.150000005960464,2.32999992370605,0.0,41,5,157,1237,2112,False,,203,7408.666666666667,149.33333333333334,1884.6666666666667,6849.6,138.6,2831.460453546897,48.01874633932044,3354.3999999999996,64.4,1.1846889807743353,1.3411428570787745,2879.0741335829935,50.35738939487101,948.0,31.0,,,,,True
8253242879,2016-04-18,5151,3.48000001907349,3.48000001907349,0.0,1.03999996185303,0.629999995231628,1.79999995231628,0.0,16,16,130,1278,1829,False,,162,7086.142857142857,151.14285714285714,1876.7142857142858,7408.666666666667,149.33333333333334,2879.0741335829935,50.35738939487101,-2257.666666666667,12.666666666666657,-0.784164130943321,0.25153540656778717,2763.278453128423,46.21842551561939,-5053.0,-41.0,,,,,True
8253242879,2016-04-19,4212,2.77999997138977,2.77999997138977,0.0,0.0,0.0,2.77999997138977,0.0,0,0,164,1276,1763,False,,164,6397.428571428572,146.57142857142858,1836.5714285714287,7086.142857142857,151.14285714285714,2763.278453128423,46.21842551561939,-2874.142857142857,12.857142857142861,-1.0401206048738227,0.2781821846054804,2797.749086744727,42.47296058614681,-939.0,2.0,,,,,True
8253242879,2016-04-20,6466,4.26999998092651,4.26999998092651,0.0,0.330000013113022,0.819999992847443,3.10999989509583,0.0099999997764825,5,18,216,1201,1931,False,,239,6170.714285714285,160.42857142857142,1836.0,6726.875,152.75,2752.7222078465215,43.03071992359479,-260.875,86.25,-0.09476982427126744,2.004381942685674,2703.9597330757792,54.77486389107429,2254.0,75.0,,,,,True
8253242879,2016-04-21,11268,8.5600004196167,8.5600004196167,0.0,5.88000011444092,0.930000007152557,1.75,0.0,49,20,172,1199,2218,False,,241,7032.714285714285,183.71428571428572,1909.2857142857142,6697.888888888889,162.33333333333334,2576.403765156213,49.464633830647124,4570.111111111111,78.66666666666666,1.7738334228292754,1.5903618198334832,3260.1628136380814,48.1376993139275,4802.0,2.0,-407.2857142857147,45.047619047619065,,,True
8253242879,2016-04-22,2824,1.87000000476837,1.87000000476837,0.0,0.0,0.0,1.87000000476837,0.0,0,0,120,1320,1651,False,,120,7054.428571428572,185.85714285714286,1912.0,7154.9,170.2,2826.4656945065194,52.85577861817318,-4330.9,-50.19999999999999,-1.5322669604252448,-0.9497542248480985,3226.611114732342,44.224535314794714,-8444.0,-121.0,806.4285714285716,55.60714285714286,,,True
8253242879,2016-04-23,9282,6.26000022888184,6.26000022888184,0.0,2.08999991416931,1.03999996185303,3.13000011444092,0.0,30,26,191,1193,2132,False,,247,7058.142857142857,196.57142857142858,1948.0,6761.181818181818,165.63636363636363,2982.477420473852,52.3779967682475,2520.818181818182,81.36363636363637,0.8452094770838092,1.5533934062092098,3229.5814191404343,49.12181166195301,6458.0,127.0,208.54285714285652,57.97142857142859,,,True
8253242879,2016-04-24,8905,7.13000011444092,7.13000011444092,0.0,5.59999990463257,0.189999997615814,1.3400000333786,0.0,41,4,82,1313,1976,False,,127,6872.571428571428,185.71428571428572,1928.5714285714287,6971.25,172.41666666666666,2935.313151173916,55.188039437632646,1933.75,-45.41666666666666,0.6587883131201349,-0.8229439984916931,3051.081330563688,55.454829322955234,-377.0,-120.0,-536.0952380952385,36.38095238095238,,,True
8253242879,2016-04-25,6829,4.51000022888184,4.51000022888184,0.0,0.360000014305115,2.39000010490417,1.76999998092651,0.0,7,54,118,1261,1909,False,,179,7112.285714285715,188.14285714285714,1940.0,7120.0,168.92307692307693,2861.0668173486147,54.31921320377278,-291.0,10.076923076923066,-0.10171031243791885,0.1855130495651236,2957.770371653041,54.60899978156401,-2076.0,52.0,26.142857142857792,37.0,,,True
8253242879,2016-04-26,4562,3.03999996185303,3.03999996185303,0.0,1.17999994754791,0.490000009536743,1.37000000476837,0.0,19,14,108,1299,1813,False,,141,7162.285714285715,184.85714285714286,1947.142857142857,7099.214285714285,169.64285714285714,2749.9240878633336,52.25765625592711,-2537.2142857142853,-28.64285714285714,-0.9226488454679596,-0.548108327983043,2903.0223741407685,56.94567168634965,-2267.0,-38.0,764.8571428571431,38.28571428571428,,,True
8253242879,2016-04-27,10232,8.18000030517578,8.18000030517578,0.0,6.23999977111816,0.230000004172325,1.70000004768372,0.0,45,5,104,1286,2008,False,,154,7700.285714285715,172.71428571428572,1958.142857142857,6930.066666666667,167.73333333333332,2729.669850959653,50.89690794238132,3301.9333333333334,-13.73333333333332,1.2096456760010181,-0.26982647116901276,3095.0890517229445,52.35365089375106,5670.0,13.0,1529.5714285714294,12.285714285714306,,,True
8253242879,2016-04-28,2718,1.79999995231628,1.79999995231628,0.0,0.670000016689301,0.779999971389771,0.340000003576279,0.0,11,16,20,1393,1580,False,,47,6478.857142857143,145.0,1867.0,7136.4375,166.875,2763.291587189693,49.290803739981094,-4418.4375,-119.875,-1.5989762060885648,-2.4319951892115523,3139.2363417754655,60.84132367615503,-7514.0,-107.0,-553.8571428571422,-38.71428571428572,,,True
8253242879,2016-04-29,6260,4.26000022888184,4.26000022888184,0.0,1.28999996185303,0.540000021457672,2.40000009536743,0.0,16,14,136,1257,1854,False,,166,6969.714285714285,151.57142857142858,1896.0,6876.529411764706,159.8235294117647,2882.174832432252,55.8840711810146,-616.5294117647063,6.176470588235304,-0.2139111772863929,0.11052291551390606,2712.0767389760995,60.171580065833766,3542.0,119.0,-84.71428571428623,-34.28571428571428,,,True
8253242879,2016-04-30,0,0.0,0.0,0.0,0.0,0.0,0.0,0.0,0,0,0,1440,0,True,,0,5643.714285714285,116.28571428571429,1591.4285714285713,6842.277777777777,160.16666666666666,2799.8939014678976,54.235054867406454,-6842.277777777777,-160.16666666666666,-2.443763233937836,-2.9531944626044306,3536.8178123979237,66.92711031591075,-6260.0,-166.0,-1414.4285714285716,-80.28571428571429,,,False
8378563200,2016-04-12,7626,6.05000019073486,6.05000019073486,2.25308108329773,0.829999983310699,0.709999978542328,4.5,0.0,65,15,156,723,3635,False,5.633333333333334,236,,,,,,,,,,,,,,,,,,,,True
8378563200,2016-04-13,12386,9.81999969482422,9.81999969482422,2.0921471118927,4.96000003814697,0.649999976158142,4.21000003814697,0.0,116,14,169,680,4079,False,7.45,299,,,,7626.0,236.0,,,4760.0,63.0,,,,,4760.0,63.0,,,5.633333333333334,1.8166666666666664,True
8378563200,2016-04-14,13318,10.5600004196167,10.5600004196167,2.25308108329773,5.61999988555908,1.02999997138977,3.91000008583069,0.0,123,21,174,699,4163,False,7.066666666666666,318,11110.0,284.3333333333333,3959.0,10006.0,267.5,3365.828278447966,44.54772721475249,3312.0,50.5,0.9840074195773307,1.133615607883599,3053.006387153489,42.92241061885194,932.0,19.0,,,6.541666666666667,0.5249999999999995,True
8378563200,2016-04-15,14461,11.4700002670288,11.4700002670288,0.0,4.90999984741211,1.14999997615814,5.40999984741211,0.0,60,23,190,729,3666,False,8.55,273,11947.75,281.5,3885.75,11110.0,284.3333333333333,3053.006387153489,42.92241061885194,3351.0,-11.333333333333314,1.097606612617258,-0.2640423244148659,3003.531074696359,35.50117368951812,1143.0,-45.0,,,6.716666666666666,1.8333333333333348,True
8378563200,2016-04-16,11207,8.89000034332275,8.89000034332275,0.0,5.36999988555908,1.07000005245209,2.44000005722046,0.0,64,21,142,563,3363,False,10.183333333333334,227,11799.6,270.6,3781.2,11947.75,281.5,3003.531074696359,35.50117368951812,-740.75,-54.5,-0.24662638119309602,-1.5351604693827603,2622.14440868538,39.233913901113674,-3254.0,-46.0,,,7.175000000000001,3.008333333333333,True
8378563200,2016-04-17,2132,1.69000005722046,1.69000005722046,0.0,0.0,0.0,1.69000005722046,0.0,0,0,93,599,2572,False,8.75,93,10188.333333333334,241.0,3579.6666666666665,11799.6,270.6,2622.14440868538,39.233913901113674,-9667.6,-177.60000000000002,-3.686906016423396,-4.52669585606301,4591.034160912623,80.55060521187909,-9075.0,-134.0,,,7.776666666666666,0.9733333333333336,True
8378563200,2016-04-18,13630,10.8100004196167,10.8100004196167,2.0921471118927,5.05000019073486,0.560000002384186,5.19999980926514,0.0,117,10,174,720,4157,False,6.633333333333334,301,10680.0,249.57142857142858,3662.1428571428573,10188.333333333334,241.0,4591.034160912623,80.55060521187909,3441.666666666666,60.0,0.7496495441525682,0.7448733513212417,4388.258766298997,76.949890930954,11498.0,208.0,,,7.938888888888889,-1.3055555555555554,True
8378563200,2016-04-19,13070,10.3599996566772,10.3599996566772,2.25308108329773,5.30000019073486,0.879999995231628,4.17999982833862,0.0,120,19,154,737,4092,False,6.45,293,11457.714285714286,257.7142857142857,3727.4285714285716,10680.0,249.57142857142858,4388.258766298997,76.949890930954,2390.0,43.428571428571416,0.5446351563882503,0.5643746903184638,4236.590559804968,78.27880574313478,-560.0,-8.0,,,7.752380952380952,-1.3023809523809522,True
8378563200,2016-04-20,9388,7.44000005722046,7.44000005722046,2.0921471118927,2.23000001907349,0.439999997615814,4.78000020980835,0.0,82,8,169,763,3787,False,6.35,259,11029.42857142857,252.0,3685.714285714286,10978.75,255.0,4149.681183967201,72.87758816771354,-1590.75,4.0,-0.3833427025099455,0.05488655766033617,4278.438182995553,76.19492546532655,-3682.0,-34.0,,,7.589583333333334,-1.239583333333334,True
8378563200,2016-04-21,15148,12.0100002288818,12.0100002288818,2.25308108329773,6.90000009536743,0.819999992847443,4.28999996185303,0.0,137,16,145,677,4236,False,6.6,298,11290.857142857143,249.14285714285714,3696.1428571428573,10802.0,255.44444444444446,3917.720925487164,68.18377943307176,4346.0,42.55555555555554,1.1093184230191846,0.6241301858779666,4492.157181450482,73.63972789065373,5760.0,39.0,180.85714285714312,-35.190476190476176,7.451851851851852,-0.8518518518518521,True
8378563200,2016-04-22,12200,9.67000007629395,9.67000007629395,2.0921471118927,4.90999984741211,0.589999973773956,4.17999982833862,0.0,113,12,159,769,4044,False,7.35,284,10967.857142857143,250.71428571428572,3750.1428571428573,11236.6,259.7,3941.055166097301,65.67774864188532,963.3999999999996,24.30000000000001,0.24445229999395596,0.3699883161724977,4303.550643696103,74.34763902486367,-2948.0,-14.0,-979.8928571428569,-30.785714285714278,7.366666666666667,-0.016666666666667496,True
8378563200,2016-04-23,5709,4.53000020980835,4.53000020980835,0.0,1.51999998092651,0.519999980926514,2.48000001907349,0.0,19,10,136,740,2908,False,9.416666666666666,165,10182.42857142857,241.85714285714286,3685.1428571428573,11324.181818181818,261.90909090909093,3750.0800742965966,62.7366791366176,-5615.181818181818,-96.90909090909093,-1.4973498446530396,-1.5446958732604004,4732.92354530625,81.03585332314039,-6491.0,-119.0,-1617.1714285714297,-28.74285714285716,7.365151515151515,2.051515151515151,True
8378563200,2016-04-24,3703,2.94000005722046,2.94000005722046,0.0,0.0,0.0,2.94000005722046,0.0,0,0,135,734,2741,False,7.633333333333334,135,10406.857142857143,247.85714285714286,3709.285714285714,10856.25,253.83333333333334,3925.8322829224844,66.03557351683234,-7153.25,-118.83333333333334,-1.822097706337279,-1.79953508700137,4305.508271527356,68.80995221484697,-2006.0,-30.0,218.52380952380918,6.857142857142861,7.536111111111111,0.09722222222222232,True
8378563200,2016-04-25,12405,9.84000015258789,9.84000015258789,2.0921471118927,5.05000019073486,0.870000004768372,3.92000007629395,0.0,117,16,141,692,4005,False,6.466666666666667,274,10231.857142857143,244.0,3687.5714285714284,10306.0,244.69230769230768,4250.163330194892,71.29911712331439,2099.0,29.30769230769232,0.4938633733423808,0.4110526620680443,4175.602927664915,66.0353440716914,8702.0,139.0,-448.1428571428569,-5.571428571428584,7.543589743589743,-1.0769230769230766,True
8378563200,2016-04-26,16208,12.8500003814697,12.8500003814697,0.0,7.51000022888184,0.920000016689301,4.42000007629395,0.0,90,18,161,593,3763,False,9.166666666666666,269,10680.142857142857,240.57142857142858,3640.5714285714284,10455.92857142857,246.78571428571428,4121.778564281084,68.94834027279863,5752.071428571429,22.214285714285722,1.39553140409404,0.32218738412275133,4670.233164363832,63.64709247838728,3803.0,-5.0,-777.5714285714294,-17.14285714285714,7.466666666666667,1.6999999999999993,True
8378563200,2016-04-27,7359,5.84000015258789,5.84000015258789,0.0,0.330000013113022,0.180000007152557,5.32999992370605,0.0,4,4,192,676,3061,False,8.85,200,10390.285714285714,232.14285714285714,3536.8571428571427,10839.4,248.26666666666668,4240.437406683419,66.68740153739328,-3480.3999999999996,-48.26666666666668,-0.8207643847527906,-0.7237748784652748,4824.221930850118,64.69783245062793,-8849.0,-69.0,-639.1428571428569,-19.85714285714286,7.58,1.2699999999999996,True
8378563200,2016-04-28,5417,4.30000019073486,4.30000019073486,0.0,0.899999976158142,0.490000009536743,2.91000008583069,0.0,11,10,139,711,2884,False,8.433333333333334,160,9000.142857142857,212.42857142857142,3343.714285714286,10621.875,245.25,4188.034079374236,65.54642120919596,-5204.875,-85.25,-1.2427967156214976,-1.300604931996421,4622.570512480815,62.26517791633121,-1942.0,-40.0,-2290.7142857142862,-36.71428571428572,7.659375,0.7739583333333337,True
8378563200,2016-04-29,6175,4.90000009536743,4.90000009536743,0.0,0.25,0.360000014305115,4.26999998092651,0.0,3,7,172,767,2982,False,8.783333333333333,182,8139.428571428572,197.85714285714286,3192.0,10315.70588235294,240.23529411764707,4246.995949561082,66.74815485442716,-4140.7058823529405,-58.23529411764707,-0.9749728821394097,-0.8724629672863771,4486.3773751637245,54.12771493245879,758.0,22.0,-2828.4285714285716,-52.85714285714286,7.704901960784313,1.0784313725490202,True
8378563200,2016-04-30,2946,2.33999991416931,2.33999991416931,0.0,0.0,0.0,2.33999991416931,0.0,0,0,121,780,2660,False,7.8,121,7744.714285714285,191.57142857142858,3156.5714285714284,10085.666666666666,237.0,4234.2060440570685,66.19401074737449,-7139.666666666666,-116.0,-1.686187821445623,-1.7524243800588353,4843.201651603537,60.73125813191845,-3229.0,-61.0,-2437.7142857142853,-50.28571428571428,7.764814814814814,0.03518518518518565,True
8378563200,2016-05-01,11419,9.0600004196167,9.0600004196167,0.0,6.03000020980835,0.560000002384186,2.47000002861023,0.0,71,10,127,669,3369,False,7.916666666666667,208,8847.0,202.0,3246.285714285714,9709.894736842105,230.89473684210526,4428.923043092691,69.616325301886,1709.105263157895,-22.89473684210526,0.385896355873129,-0.3288702242463061,4643.979938228272,55.43464620614078,8473.0,87.0,-1559.8571428571431,-45.85714285714286,7.766666666666667,0.15000000000000036,True
8378563200,2016-05-02,6064,4.80999994277954,4.80999994277954,2.0921471118927,0.629999995231628,0.170000001788139,4.01000022888184,0.0,63,4,142,802,3491,False,5.85,209,7941.142857142857,192.71428571428572,3172.8571428571427,9795.35,229.75,4327.704244625245,67.95267315914573,-3731.3500000000004,-20.75,-0.8622007855023636,-0.3053595793949673,4448.6136952452725,46.00621076084647,-5355.0,1.0,-2290.7142857142862,-51.28571428571428,7.774166666666666,-1.9241666666666664,True
8378563200,2016-05-03,8712,6.90999984741211,6.90999984741211,2.25308108329773,1.3400000333786,1.05999994277954,4.5,0.0,71,20,195,822,3784,False,6.75,286,6870.285714285715,195.14285714285714,3175.8571428571427,9617.666666666666,228.76190476190476,4295.994824639961,66.38667393528972,-905.6666666666661,57.23809523809524,-0.21081651711062097,0.8621925302613508,2676.0397178346516,50.89344611188021,2648.0,77.0,-3809.857142857142,-45.428571428571445,7.682539682539683,-0.9325396825396828,True
8378563200,2016-05-04,7875,6.23999977111816,6.23999977111816,0.0,1.55999994277954,0.490000009536743,4.19999980926514,0.0,19,10,167,680,3110,False,7.35,196,6944.0,194.57142857142858,3182.8571428571427,9576.5,231.36363636363637,4196.905773475093,65.92603752875205,-1701.5,-35.363636363636374,-0.4054177271141634,-0.5364137926809205,2698.7560097200326,50.85226033277555,-837.0,-90.0,-3446.2857142857138,-37.571428571428555,7.640151515151516,-0.29015151515151594,True
8378563200,2016-05-05,8567,6.78999996185303,6.78999996185303,2.25308108329773,0.889999985694885,0.159999996423721,5.73999977111816,0.0,66,3,214,764,3783,False,6.35,283,7394.0,212.14285714285714,3311.285714285714,9502.521739130434,229.82608695652175,4115.732607596514,64.83100561103113,-935.5217391304341,53.17391304347825,-0.22730381880893175,0.8201926180555493,2664.1009740623554,57.70450176380977,692.0,87.0,-1606.1428571428569,-0.2857142857142776,7.627536231884058,-1.2775362318840582,True
8378563200,2016-05-06,7045,5.59000015258789,5.59000015258789,2.0921471118927,1.54999995231628,0.25,3.77999997138977,0.0,74,5,166,831,3644,False,5.383333333333334,245,7518.285714285715,221.14285714285714,3405.8571428571427,9463.541666666666,232.04166666666666,4029.793078938169,64.32828789256253,-2418.541666666666,12.958333333333343,-0.6001652240426635,0.20144066562963642,2617.642559905489,57.12976040392195,-1522.0,-38.0,-621.1428571428569,23.285714285714278,7.574305555555555,-2.1909722222222214,True
8378563200,2016-05-07,4468,3.53999996185303,3.53999996185303,0.0,0.0,0.0,3.53999996185303,0.0,0,0,158,851,2799,False,7.65,158,7735.714285714285,226.42857142857142,3425.714285714286,9366.8,232.56,3974.490072114073,63.02716345619033,-4898.799999999999,-74.56,-1.232560632906982,-1.1829819831388109,2205.2904354669245,47.16233363909932,-2577.0,-87.0,-9.0,34.85714285714283,7.486666666666666,0.163333333333334,True
8378563200,2016-05-08,2943,2.32999992370605,2.32999992370605,0.0,0.0,0.0,2.32999992370605,0.0,0,0,139,621,2685,False,9.083333333333334,139,6524.857142857143,216.57142857142858,3328.0,9178.384615384615,229.69230769230768,4010.949733685757,63.461338927425246,-6235.384615384615,-90.69230769230768,-1.5545905652874341,-1.4290953798962318,2172.5609641290002,57.69129669443838,-1525.0,-19.0,-2322.142857142857,14.571428571428584,7.4929487179487175,1.5903846153846164,True
8378563200,2016-05-09,8382,6.65000009536743,6.65000009536743,2.0921471118927,1.26999998092651,0.660000026226044,4.71999979019165,0.0,71,13,171,772,3721,False,5.983333333333333,255,6856.0,223.14285714285714,3360.8571428571427,8947.444444444445,226.33333333333334,4112.050605170999,64.63030963160337,-565.4444444444453,28.666666666666657,-0.1375091161562741,0.4435483349301595,2265.2861482235135,59.283017724102024,5439.0,116.0,-1085.1428571428569,30.428571428571416,7.551851851851852,-1.5685185185185189,True
8378563200,2016-05-10,6582,5.21999979019165,5.21999979019165,2.25308108329773,0.660000026226044,0.639999985694885,3.92000007629395,0.0,63,13,152,840,3586,False,5.7,228,6551.714285714285,214.85714285714286,3332.5714285714284,8927.25,227.35714285714286,4036.597729707715,63.65311914368044,-2345.25,0.6428571428571388,-0.5809967097189097,0.010099381482102609,2112.3186087240474,52.723898981482066,-1800.0,-27.0,-318.57142857142935,19.714285714285722,7.495833333333333,-1.7958333333333325,True
8378563200,2016-05-11,9143,7.25,7.25,2.0921471118927,1.38999998569489,0.589999973773956,5.26999998092651,0.0,72,10,184,763,3788,False,6.133333333333334,266,6732.857142857143,224.85714285714286,3429.4285714285716,8846.379310344828,227.3793103448276,3987.7124163197795,62.50623614208622,296.6206896551721,38.62068965517241,0.07438367129155636,0.6178693746574712,2291.4815752093227,55.134467656897975,2561.0,38.0,-211.14285714285688,30.285714285714278,7.433908045977012,-1.3005747126436784,True
8378563200,2016-05-12,4561,3.61999988555908,3.61999988555908,0.0,0.649999976158142,0.270000010728836,2.69000005722046,0.0,8,6,102,433,1976,False,8.266666666666667,116,6160.571428571428,201.0,3171.285714285714,8856.266666666666,228.66666666666666,3918.729825297753,61.822511987994694,-4295.266666666666,-112.66666666666666,-1.0960864507274923,-1.8224213352269485,2257.0494646139846,61.54131403645301,-4582.0,-150.0,-1233.4285714285716,-11.142857142857139,7.390555555555555,0.8761111111111122,True
8583815059,2016-04-12,5014,3.91000008583069,3.91000008583069,0.0,0.0,0.330000013113022,3.57999992370605,0.0,0,7,196,1237,2650,False,,203,,,,,,,,,,,,,,,,,,,,True
8583815059,2016-04-13,5571,4.34999990463257,4.34999990463257,0.0,0.150000005960464,0.970000028610229,3.23000001907349,0.0,2,23,163,1252,2654,False,,188,,,,5014.0,203.0,,,557.0,-15.0,,,,,557.0,-15.0,,,,,True
8583815059,2016-04-14,3135,2.45000004768372,2.45000004768372,0.0,0.0,0.0,2.4300000667572,0.0,0,0,134,1306,2443,False,,134,4573.333333333333,175.0,2582.3333333333335,5292.5,195.5,393.85847712090697,10.606601717798213,-2157.5,-61.5,-5.477855930113275,-5.798275059063075,1276.3872191985208,36.29049462324811,-2436.0,-54.0,,,,,True
8583815059,2016-04-15,3430,2.6800000667572,2.6800000667572,0.0,0.0,0.0,0.899999976158142,0.0,0,0,65,1375,2505,False,,65,4287.5,147.5,2563.0,4573.333333333333,175.0,1276.3872191985208,36.29049462324811,-1143.333333333333,-110.0,-0.8957574278716974,-3.0310966579782046,1188.6598896796902,62.473994589749104,295.0,-69.0,,,,,True
8583815059,2016-04-16,5319,4.15000009536743,4.15000009536743,0.0,0.0,0.0,0.0,0.0,0,0,0,1440,2693,False,,0,4493.8,118.0,2589.0,4287.5,147.5,1188.6598896796902,62.473994589749104,1031.5,-147.5,0.8677839709138125,-2.3609823352518564,1128.0437491516009,85.31412544239085,1889.0,-65.0,,,,,True
8583815059,2016-04-17,3008,2.34999990463257,2.34999990463257,0.0,0.0,0.0,0.0,0.0,0,0,0,1440,2439,False,,0,4246.166666666667,98.33333333333333,2564.0,4493.8,118.0,1128.0437491516009,85.31412544239085,-1485.8000000000002,-118.0,-1.3171474952104645,-1.3831238145499924,1177.2509361502614,90.24115838500005,-2311.0,0.0,,,,,True
8583815059,2016-04-18,3864,3.00999999046326,3.00999999046326,0.0,0.310000002384186,1.05999994277954,1.35000002384186,0.0,4,22,105,1309,2536,False,,131,4191.571428571428,103.0,2560.0,4246.166666666667,98.33333333333333,1177.2509361502614,90.24115838500005,-382.16666666666697,32.66666666666667,-0.3246263431242341,0.36199298512222516,1084.3420212495773,83.29865945299879,856.0,131.0,,,,,True
8583815059,2016-04-19,5697,4.44000005722046,4.44000005722046,0.0,0.529999971389771,0.479999989271164,3.44000005722046,0.0,7,10,166,1257,2668,False,,183,4289.142857142857,100.14285714285714,2562.5714285714284,4191.571428571428,103.0,1084.3420212495773,83.29865945299879,1505.4285714285716,80.0,1.388333699643409,0.9603995978439527,1195.6916308942184,79.55591025903013,1833.0,52.0,,,,,True
8583815059,2016-04-20,5273,4.1100001335144,4.1100001335144,0.0,0.0,1.03999996185303,3.0699999332428,0.0,0,27,167,1246,2647,False,,194,4246.571428571428,101.0,2561.5714285714284,4379.75,113.0,1136.2728231245474,82.14273291916072,893.25,81.0,0.7861228228248909,0.9860884357673642,1146.7491526256379,80.68457101577722,-424.0,11.0,,,,,True
8583815059,2016-04-21,8538,6.65999984741211,6.65999984741211,0.0,2.63000011444092,1.01999998092651,3.00999999046326,0.0,35,18,158,1229,2883,False,,211,5018.428571428572,112.0,2624.4285714285716,4479.0,122.0,1103.803198038491,81.44323176298936,4059.0,89.0,3.677285954177106,1.0927856984631472,1866.3969618083981,90.57593499379401,3265.0,17.0,445.0952380952385,-63.0,,,True
8583815059,2016-04-22,8687,6.78000020980835,6.78000020980835,0.0,0.28999999165535,2.41000008583069,4.07999992370605,0.0,4,54,212,1170,2944,False,,270,5769.428571428572,141.28571428571428,2687.1428571428573,4884.9,130.9,1652.4387667256472,81.78080459374314,3802.1000000000004,139.1,2.300902202405396,1.7008881117043217,2155.919359742911,104.86135971798555,149.0,59.0,1481.9285714285716,-6.214285714285722,,,True
8583815059,2016-04-23,9423,7.34999990463257,7.34999990463257,0.0,0.529999971389771,2.02999997138977,4.75,0.0,7,44,238,1151,3012,False,,289,6355.714285714285,182.57142857142858,2732.714285714286,5230.545454545455,143.54545454545453,1942.0806040757611,88.19451642405397,4192.454545454545,145.45454545454547,2.1587438412686253,1.649247024678141,2537.3053760689845,96.52436159308374,736.0,19.0,1861.9142857142851,64.57142857142858,,,True
8583815059,2016-04-24,8286,6.46000003814697,6.46000003814697,0.0,0.150000005960464,2.04999995231628,4.26999998092651,0.0,2,44,206,1188,2889,False,,252,7109.714285714285,218.57142857142858,2797.0,5579.916666666667,155.66666666666666,2212.130255014726,93.99065072783795,2706.083333333333,96.33333333333334,1.2232929439736024,1.024924623485737,2127.859308811379,55.25352822175596,-1137.0,-37.0,2863.5476190476184,120.23809523809526,,,True
8583815059,2016-04-25,4503,3.50999999046326,3.50999999046326,0.0,1.47000002861023,0.239999994635582,1.80999994277954,0.0,18,6,122,1294,2547,False,,146,7201.0,220.71428571428572,2798.5714285714284,5788.076923076923,163.07692307692307,2247.003762848743,93.87177561125738,-1285.0769230769229,-17.076923076923066,-0.5719068849603528,-0.18191754426511145,1973.519613955399,51.451317721105035,-3783.0,-106.0,3009.4285714285716,117.71428571428572,,,True
8583815059,2016-04-26,10499,8.1899995803833,8.1899995803833,0.0,0.0700000002980232,4.21999979019165,3.89000010490417,0.0,1,91,214,1134,3093,False,,306,7887.0,238.28571428571428,2859.285714285714,5696.285714285715,161.85714285714286,2186.0004725374756,90.30449102287825,4802.714285714285,144.14285714285714,2.1970325916454794,1.5961870103464972,2186.6753302673906,57.11600559596318,5996.0,160.0,3597.857142857143,138.14285714285714,,,True
8583815059,2016-04-27,12474,9.72999954223633,9.72999954223633,0.0,6.59999990463257,0.270000010728836,2.86999988555908,0.0,77,5,129,1229,3142,False,,211,8915.714285714286,240.71428571428572,2930.0,6016.466666666666,171.46666666666667,2444.382798717637,94.64434679869886,6457.533333333334,39.53333333333333,2.6417848031328304,0.4177041128480028,2432.0463067333326,55.25008080149233,1975.0,-95.0,4669.142857142858,139.71428571428572,,,True
8583815059,2016-04-28,6174,4.82000017166138,4.82000017166138,0.0,0.0,1.20000004768372,3.60999989509583,0.0,0,28,203,1209,2757,False,,231,8578.0,243.57142857142858,2912.0,6420.0625,173.9375,2860.5780877006896,91.96772531709153,-246.0625,57.0625,-0.08601845234428286,0.6204622239246916,2647.799967268424,53.959420378827744,-6300.0,20.0,3559.5714285714284,131.57142857142858,,,True
8583815059,2016-04-29,15168,11.8299999237061,11.8299999237061,0.0,3.90000009536743,3.0,4.92000007629395,0.0,46,67,258,1069,3513,False,,371,9503.857142857143,258.0,2993.285714285714,6405.588235294118,177.2941176470588,2770.385691984591,90.11642795980816,8762.411764705881,193.7058823529412,3.162885148770012,2.149506861166612,3639.6155212957797,72.51666475139815,8994.0,140.0,3734.4285714285716,116.71428571428572,,,True
8583815059,2016-04-30,10085,7.86999988555908,7.86999988555908,0.0,0.150000005960464,1.27999997138977,6.42999982833862,0.0,2,28,317,1093,3164,False,,347,9598.42857142857,266.2857142857143,3015.0,6892.388888888889,188.05555555555554,3389.559248441132,98.62971287313934,3192.6111111111113,158.94444444444446,0.9418956496003151,1.6115269750136743,3645.759859395701,79.61514572348301,-5083.0,-24.0,3242.7142857142853,83.7142857142857,,,True
8583815059,2016-05-01,4512,3.51999998092651,3.51999998092651,0.0,0.779999971389771,0.119999997317791,2.03999996185303,0.0,10,2,117,1311,2596,False,,129,9059.285714285714,248.71428571428572,2973.1428571428573,7060.421052631579,196.42105263157896,3374.5057797120367,102.55259668930523,-2548.421052631579,-67.42105263157896,-0.7551983070225621,-0.6574290086326112,4120.354989329833,95.31826387724145,-5573.0,-218.0,1949.5714285714284,30.14285714285714,,,True
8583815059,2016-05-02,8469,6.6100001335144,6.6100001335144,0.0,0.0,0.0,0.0,0.0,0,0,0,1440,2894,False,,0,9625.857142857143,227.85714285714286,3022.714285714286,6933.0,193.05,3333.568768878498,100.9494271509515,1536.0,-193.05,0.4607674555506423,-1.9123436708460486,3633.309484412774,130.87962481026673,3957.0,-129.0,2424.857142857143,7.142857142857139,,,True
8583815059,2016-05-03,12015,9.36999988555908,9.36999988555908,0.0,0.0,0.0,0.0,0.0,0,0,0,1440,3212,False,,0,9842.42857142857,184.14285714285714,3039.714285714286,7006.142857142857,183.85714285714286,3266.403852644591,107.0323716051764,5008.857142857143,-183.85714285714286,1.533446985518449,-1.7177713469490166,3737.7116375817827,150.11820739162914,3546.0,0.0,1955.4285714285706,-54.14285714285714,,,True
8583815059,2016-05-04,3588,2.79999995231628,2.79999995231628,0.0,0.0,0.0,0.0,0.0,0,0,0,1440,2516,False,,0,8573.0,154.0,2950.285714285714,7233.818181818182,175.5,3361.803224126736,111.56580377261022,-3645.818181818182,-175.5,-1.0844829211206253,-1.573062645473659,4178.027764388362,164.3370520201292,-8427.0,0.0,-342.71428571428623,-86.71428571428572,,,True
8583815059,2016-05-05,12427,9.6899995803833,9.6899995803833,0.0,0.0,0.0,1.17999994754791,0.0,0,0,70,1370,3266,False,,70,9466.285714285714,131.0,3023.0,7075.304347826087,167.8695652173913,3371.3378573819327,114.97956512031568,5351.695652173913,-97.86956521739131,1.587410065967832,-0.8511909421799322,4247.507022332266,163.0255603681009,8839.0,70.0,888.2857142857138,-112.57142857142858,,,True
8583815059,2016-05-06,5843,4.55999994277954,4.55999994277954,0.0,0.140000000596046,1.19000005722046,3.23000001907349,0.0,2,22,166,1250,2683,False,,190,8134.142857142857,105.14285714285714,2904.4285714285716,7298.291666666667,163.79166666666666,3473.486551618613,114.21298912145663,-1455.291666666667,26.208333333333343,-0.41897144112147,0.2294689361119328,3569.414444441901,129.52789734445687,-6584.0,120.0,-1369.7142857142862,-152.85714285714286,,,True
8583815059,2016-05-07,6117,4.76999998092651,4.76999998092651,0.0,0.0,0.0,4.76999998092651,0.0,0,0,250,1190,2810,False,,250,7567.285714285715,91.28571428571429,2853.8571428571427,7240.08,164.84,3412.7863850525423,111.9310353149057,-1123.08,85.16,-0.329080075034825,0.7608256190929178,3522.7368486394093,101.49665722855799,274.0,60.0,-2031.142857142856,-175.0,,,True
8583815059,2016-05-08,9217,7.19000005722046,7.19000005722046,0.0,0.219999998807907,3.30999994277954,3.66000008583069,0.0,3,72,182,1183,2940,False,,257,8239.42857142857,109.57142857142857,2903.0,7196.884615384615,168.1153846153846,3351.0801760259105,110.9339720457451,2020.1153846153848,88.88461538461539,0.6028251423122442,0.8012389076515148,3283.3520400724055,119.37874900620163,3100.0,7.0,-819.8571428571431,-139.14285714285717,,,True
8583815059,2016-05-09,9877,7.69999980926514,7.69999980926514,0.0,5.76000022888184,0.170000001788139,1.73000001907349,0.0,66,4,110,1260,2947,False,,180,8440.57142857143,135.28571428571428,2910.5714285714284,7271.7037037037035,171.40740740740742,3308.9225624387955,110.11646256412038,2605.2962962962965,8.592592592592581,0.7873548704593268,0.07803186112664387,3342.35774352691,110.93048016019495,660.0,-77.0,-1185.2857142857138,-92.57142857142858,,,True
8583815059,2016-05-10,8240,6.42999982833862,6.42999982833862,0.0,0.689999997615814,2.00999999046326,3.72000002861023,0.0,9,43,162,1226,2846,False,,214,7901.285714285715,165.85714285714286,2858.285714285714,7364.75,171.71428571428572,3284.183969054199,108.07022995799815,875.25,42.28571428571428,0.26650455881299356,0.39127994740891003,2951.158456961478,95.90347329724912,-1637.0,34.0,-1941.142857142856,-18.285714285714278,,,True
8583815059,2016-05-11,8701,6.78999996185303,6.78999996185303,0.0,0.370000004768372,3.24000000953674,3.17000007629395,0.0,5,71,177,1106,2804,False,,253,8631.714285714286,202.0,2899.4285714285716,7394.931034482759,173.17241379310346,3229.0975290654737,106.41296543101625,1306.068965517241,79.82758620689654,0.40446872643414983,0.7501678496919446,2256.710195120746,65.98737252939628,461.0,39.0,58.714285714286234,48.0,,,True
8583815059,2016-05-12,0,0.0,0.0,0.0,0.0,0.0,0.0,0.0,0,0,0,1440,0,True,,0,6856.428571428572,192.0,2432.8571428571427,7438.466666666666,175.83333333333334,3181.882653868383,105.57301226895171,-7438.466666666666,-175.83333333333334,-2.3377564396617747,-1.6655140162135043,3381.253902383103,90.19053904558571,-8701.0,-253.0,-2609.857142857142,61.0,,,False
8792009665,2016-04-12,2564,1.63999998569489,1.63999998569489,0.0,0.0,0.0,1.63999998569489,0.0,0,0,116,831,2044,False,7.633333333333334,116,,,,,,,,,,,,,,,,,,,,True
8792009665,2016-04-13,1320,0.839999973773956,0.839999973773956,0.0,0.0,0.0,0.839999973773956,0.0,0,0,82,806,1934,False,8.85,82,,,,2564.0,116.0,,,-1244.0,-34.0,,,,,-1244.0,-34.0,,,7.633333333333334,1.216666666666666,True
8792009665,2016-04-14,1219,0.779999971389771,0.779999971389771,0.0,0.0,0.0,0.779999971389771,0.0,0,0,84,853,1963,False,8.1,84,1701.0,94.0,1980.3333333333333,1942.0,99.0,879.6408357960652,24.041630560342615,-723.0,-15.0,-0.8219263701232864,-0.6239177221542213,749.0841074271967,19.078784028338912,-101.0,2.0,,,8.241666666666667,-0.1416666666666675,True
8792009665,2016-04-15,2483,1.5900000333786,1.5900000333786,0.0,0.0,0.0,1.5900000333786,0.0,0,0,126,937,2009,False,6.05,126,1896.5,102.0,1987.5,1701.0,94.0,749.0841074271967,19.078784028338912,782.0,32.0,1.0439415163163916,1.677255650842986,725.924008878799,22.3308456325923,1264.0,42.0,,,8.194444444444445,-2.144444444444445,True
8792009665,2016-04-16,244,0.159999996423721,0.159999996423721,0.0,0.0,0.0,0.159999996423721,0.0,0,0,12,1428,1721,False,,12,1566.0,84.0,1934.2,1896.5,102.0,725.924008878799,22.3308456325923,-1652.5,-90.0,-2.2764090696984978,-4.030299499197817,970.2450721338398,44.654227123532216,-2239.0,-114.0,,,7.658333333333333,,True
8792009665,2016-04-17,0,0.0,0.0,0.0,0.0,0.0,0.0,0.0,0,0,0,1440,1688,True,,0,1305.0,70.0,1893.1666666666667,1566.0,84.0,970.2450721338398,44.654227123532216,-1566.0,-84.0,-1.6140252018409158,-1.8811208597676567,1077.8805128584522,52.64218840435872,-244.0,-12.0,,,7.658333333333333,,False
8792009665,2016-04-18,0,0.0,0.0,0.0,0.0,0.0,0.0,0.0,0,0,0,1440,1688,True,,0,1118.5714285714287,60.0,1863.857142857143,1305.0,70.0,1077.8805128584522,52.64218840435872,-1305.0,-70.0,-1.210709334867309,-1.3297319277948587,1100.67159152081,54.85739087245522,0.0,0.0,,,7.658333333333333,,False
8792009665,2016-04-19,0,0.0,0.0,0.0,0.0,0.0,0.0,0.0,0,0,0,1440,1688,True,,0,752.2857142857143,43.42857142857143,1813.0,1118.5714285714287,60.0,1100.67159152081,54.85739087245522,-1118.5714285714287,-60.0,-1.0162626492518296,-1.0937450351176279,956.7000077150125,52.59549138743466,0.0,0.0,,,7.658333333333333,,False
8792009665,2016-04-20,3147,2.00999999046326,2.00999999046326,0.0,0.0,0.280000001192093,1.74000000953674,0.0,0,10,139,744,2188,False,8.8,149,1013.2857142857143,53.0,1849.2857142857142,978.75,52.5,1093.0736153486775,55.04024501606594,2168.25,96.5,1.9836266904354167,1.753262512159415,1318.279145235145,65.33758489567853,3147.0,149.0,,,7.658333333333333,1.1416666666666675,True
8792009665,2016-04-21,144,0.0900000035762787,0.0900000035762787,0.0,0.0,0.0,0.0900000035762787,0.0,0,0,9,1431,1720,False,,9,859.7142857142857,42.285714285714285,1814.5714285714287,1219.6666666666667,63.22222222222222,1252.128687475852,60.70786147151326,-1075.6666666666667,-54.22222222222222,-0.8590703787611615,-0.8931663875937919,1352.492108946261,65.55586494411791,-3003.0,-140.0,-841.2857142857143,-51.714285714285715,7.886666666666668,,True
8792009665,2016-04-22,4068,2.59999990463257,2.59999990463257,0.0,0.0500000007450581,0.280000001192093,2.26999998092651,0.0,1,20,195,817,2419,False,6.516666666666667,216,1086.142857142857,55.142857142857146,1873.142857142857,1112.1,57.8,1228.547602297571,59.749105060708274,2955.9,158.2,2.4060117752588543,2.64773835844942,1745.2106299404502,89.25325124130133,3924.0,207.0,-810.3571428571429,-46.857142857142854,7.886666666666668,-1.370000000000001,True
8792009665,2016-04-23,5245,3.35999989509583,3.35999989509583,0.0,0.159999996423721,0.439999997615814,2.75,0.0,8,45,232,795,2748,False,5.65,285,1800.5714285714287,94.14285714285714,2019.857142857143,1380.8181818181818,72.18181818181819,1467.2083572677616,74.08214114321775,3864.181818181818,212.8181818181818,2.6336967046343767,2.8727325595790076,2283.5860583114195,121.1905229675277,1177.0,69.0,234.57142857142867,10.142857142857139,7.658333333333334,-2.0083333333333337,True
8792009665,2016-04-24,400,0.259999990463257,0.259999990463257,0.0,0.0399999991059303,0.0500000007450581,0.159999996423721,0.0,3,8,19,1410,1799,False,,30,1857.7142857142858,98.42857142857143,2035.7142857142858,1702.8333333333333,89.91666666666667,1789.2248109844732,93.61376970717437,-1302.8333333333333,-59.91666666666667,-0.7281551902291857,-0.640041162897787,2235.5192323250626,117.78915788087508,-4845.0,-255.0,552.7142857142858,28.42857142857143,7.371428571428572,,True
8792009665,2016-04-25,0,0.0,0.0,0.0,0.0,0.0,0.0,0.0,0,0,0,1440,1688,True,,0,1857.7142857142858,98.42857142857143,2035.7142857142858,1602.6153846153845,85.3076923076923,1750.7471518593395,91.15589633094194,-1602.6153846153845,-85.3076923076923,-0.9153893993190138,-0.9358439202016992,2235.5192323250626,117.78915788087508,-400.0,-30.0,739.1428571428571,38.42857142857143,7.371428571428572,,False
8792009665,2016-04-26,1321,0.850000023841858,0.850000023841858,0.0,0.0,0.0,0.850000023841858,0.0,0,0,80,1360,1928,False,,80,2046.4285714285713,109.85714285714286,2070.0,1488.142857142857,79.21428571428571,1735.7398713801847,90.49877055809914,-167.1428571428571,0.7857142857142918,-0.09629487678568881,0.008682043658569139,2104.477200093716,110.28966190812957,1321.0,80.0,1294.1428571428569,66.42857142857143,7.371428571428572,,True
8792009665,2016-04-27,1758,1.12999999523163,1.12999999523163,0.0,0.0,0.0,1.12999999523163,0.0,0,0,112,900,2067,False,7.05,112,1848.0,104.57142857142857,2052.714285714286,1477.0,79.26666666666667,1673.157451390292,87.20703335549642,281.0,32.733333333333334,0.16794593933676724,0.37535198364729444,2048.1398878006357,108.9799020352792,437.0,32.0,834.7142857142857,51.57142857142857,7.371428571428572,-0.32142857142857206,True
8792009665,2016-04-28,6157,3.94000005722046,3.94000005722046,0.0,0.0,0.0,3.94000005722046,0.0,0,0,310,714,2780,False,6.7,310,2707.0,147.57142857142858,2204.1428571428573,1494.5625,81.3125,1617.9494828846377,84.64649530055374,4662.4375,228.6875,2.8816953473761475,2.7016770923157982,2438.1673445438482,123.41239422205149,4399.0,198.0,1847.2857142857142,105.2857142857143,7.33125,-0.6312499999999996,True
8792009665,2016-04-29,8360,5.34999990463257,5.34999990463257,0.0,0.140000000596046,0.280000001192093,4.92999982833862,0.0,6,14,380,634,3101,False,6.633333333333334,400,3320.1428571428573,173.85714285714286,2301.5714285714284,1768.8235294117646,94.76470588235294,1932.0650621580432,98.96244831485622,6591.176470588235,305.2352941176471,3.4114671375583354,3.084354684336064,3243.9800363427757,155.76951838258617,2203.0,90.0,2234.0,118.71428571428572,7.26111111111111,-0.6277777777777764,True
8792009665,2016-04-30,7174,4.59000015258789,4.59000015258789,0.0,0.330000013113022,0.360000014305115,3.91000008583069,0.0,10,20,301,749,2896,False,5.716666666666667,331,3595.714285714286,180.42857142857142,2322.714285714286,2135.0,111.72222222222223,2434.5078014444966,119.97294084895857,5039.0,219.27777777777777,2.069822900111606,1.827726939077982,3506.0899738543376,162.0821367320256,-1186.0,-69.0,1795.142857142857,86.28571428571428,7.198333333333333,-1.4816666666666665,True
8792009665,2016-05-01,1619,1.03999996185303,1.03999996185303,0.0,0.0,0.0,1.03999996185303,0.0,0,0,79,834,1962,False,8.383333333333333,79,3769.8571428571427,187.42857142857142,2346.0,2400.2105263157896,123.26315789473684,2633.2405591030347,126.98243190180249,-781.2105263157896,-44.263157894736835,-0.29667267706267675,-0.34857701875161134,3347.599409953917,155.4239976567938,-5555.0,-252.0,1912.1428571428569,88.99999999999999,7.0636363636363635,1.3196969696969694,True
8792009665,2016-05-02,1831,1.16999995708466,1.16999995708466,0.0,0.0,0.0,1.16999995708466,0.0,0,0,101,916,2015,False,6.916666666666667,101,4031.4285714285716,201.85714285714286,2392.714285714286,2361.15,121.05,2568.9541241729603,123.99128789428799,-530.1500000000001,-20.049999999999997,-0.206368029232249,-0.1617049082947605,3063.411434830069,138.93814999419533,212.0,22.0,2173.714285714286,103.42857142857143,7.173611111111111,-0.25694444444444375,True
8792009665,2016-05-03,2421,1.54999995231628,1.54999995231628,0.0,0.0,0.0,1.54999995231628,0.0,0,0,156,739,2297,False,8.6,156,4188.571428571428,212.71428571428572,2445.4285714285716,2335.904761904762,120.0952380952381,2506.5779043301627,120.93093266898454,85.09523809523807,35.9047619047619,0.03394877051867632,0.29690304056562894,2926.3497658996534,130.54464662292648,590.0,55.0,2142.142857142857,102.85714285714286,7.153846153846154,1.4461538461538455,True
8792009665,2016-05-04,2283,1.46000003814697,1.46000003814697,0.0,0.0,0.0,1.46000003814697,0.0,0,0,129,848,2067,False,7.316666666666666,129,4263.571428571428,215.14285714285714,2445.4285714285716,2339.7727272727275,121.72727272727273,2446.2368364843906,118.26450653722571,-56.77272727272748,7.272727272727266,-0.023208189167452088,0.06149543446446141,2859.6412279132073,128.50088011557034,-138.0,-27.0,2415.5714285714284,110.57142857142857,7.257142857142857,0.05952380952380931,True
8792009665,2016-05-05,0,0.0,0.0,0.0,0.0,0.0,0.0,0.0,0,0,0,1440,1688,True,,0,3384.0,170.85714285714286,2289.4285714285716,2337.304347826087,122.04347826086956,2390.0233059872144,115.55536975087253,-2337.304347826087,-122.04347826086956,-0.9779420731977785,-1.056147174015692,3115.6255658642085,142.96553031113078,-2283.0,-129.0,677.0,23.285714285714278,7.261111111111111,,False
8792009665,2016-05-06,0,0.0,0.0,0.0,0.0,0.0,0.0,0.0,0,0,0,1440,1688,True,,0,2189.714285714286,113.71428571428571,2087.5714285714284,2239.9166666666665,116.95833333333333,2385.6820903531725,115.72849754890768,-2239.9166666666665,-116.95833333333333,-0.9388998956672274,-1.010626896571253,2413.4825263013417,112.88890451193495,0.0,0.0,-1130.4285714285716,-60.14285714285715,7.261111111111111,,False
8792009665,2016-05-07,0,0.0,0.0,0.0,0.0,0.0,0.0,0.0,0,0,0,1440,1688,True,,0,1164.857142857143,66.42857142857143,1915.0,2150.32,112.28,2378.029256197941,115.68150241071386,-2150.32,-112.28,-0.9042445518663412,-0.9705959612347256,1121.6659378756583,66.49525582790896,0.0,0.0,-2430.857142857143,-113.99999999999999,7.261111111111111,,False
8792009665,2016-05-08,0,0.0,0.0,0.0,0.0,0.0,0.0,0.0,0,0,0,1440,1688,True,,0,933.5714285714286,55.142857142857146,1875.857142857143,2067.6153846153848,107.96153846153847,2367.839438423527,115.46340745681489,-2067.6153846153848,-107.96153846153847,-0.8732075960010047,-0.9350281609079448,1177.9220202179301,70.58429610857414,0.0,0.0,-2836.285714285714,-132.28571428571428,7.261111111111111,,False
8792009665,2016-05-09,0,0.0,0.0,0.0,0.0,0.0,0.0,0.0,0,0,0,1440,1688,True,,0,672.0,40.714285714285715,1829.142857142857,1991.037037037037,103.96296296296296,2355.7073816173065,115.11181235967636,-1991.037037037037,-103.96296296296296,-0.8451970952457165,-0.9031476433971386,1148.3496854181674,69.96836019638768,0.0,0.0,-3359.4285714285716,-161.14285714285714,7.261111111111111,,False
8792009665,2016-05-10,0,0.0,0.0,0.0,0.0,0.0,0.0,0.0,0,0,0,48,57,True,,0,326.14285714285717,18.428571428571427,1509.142857142857,1919.9285714285713,100.25,2342.0941709974227,114.655886121133,-1919.9285714285713,-100.25,-0.8197486652687355,-0.8743554519279652,862.8928918800681,48.75741701819053,0.0,0.0,-3862.428571428571,-194.2857142857143,7.261111111111111,,False
8877689391,2016-04-12,23186,20.3999996185303,20.3999996185303,0.0,12.2200002670288,0.340000003576279,7.82000017166138,0.0,85,7,312,1036,3921,False,,404,,,,,,,,,,,,,,,,,,,,True
8877689391,2016-04-13,15337,9.57999992370605,9.57999992370605,0.0,3.54999995231628,0.379999995231628,5.6399998664856,0.0,108,18,216,1098,3566,False,,342,,,,23186.0,404.0,,,-7849.0,-62.0,,,,,-7849.0,-62.0,,,,,True
8877689391,2016-04-14,21129,18.9799995422363,18.9799995422363,0.0,10.5500001907349,0.589999973773956,7.75,0.0199999995529652,68,13,298,1061,3793,False,,379,19884.0,375.0,3760.0,19261.5,373.0,5550.081125533212,43.840620433565945,1867.5,6.0,0.3364815680030447,0.13685937388209982,4069.916338206475,31.192947920964443,5792.0,37.0,,,,,True
8877689391,2016-04-15,13422,7.17000007629395,7.17000007629395,0.0,0.0500000007450581,0.0500000007450581,7.01000022888184,0.0099999997764825,106,1,281,1052,3934,False,,388,18268.5,378.25,3803.5,19884.0,375.0,4069.916338206475,31.192947920964443,-6462.0,13.0,-1.5877476246256006,0.41676085300363636,4634.886586170871,26.28529373369578,-7707.0,9.0,,,,,True
8877689391,2016-04-16,29326,25.2900009155273,25.2900009155273,0.0,13.2399997711182,1.21000003814697,10.710000038147,0.0,94,29,429,888,4547,False,,552,20480.0,413.0,3952.2,18268.5,378.25,4634.886586170871,26.28529373369578,11057.5,173.75,2.385711018389661,6.6101598540291615,6369.088749577917,80.96912991998865,15904.0,164.0,,,,,True
8877689391,2016-04-17,15118,8.86999988555908,8.86999988555908,0.0,0.0,0.0700000002980232,8.78999996185303,0.0,58,15,307,1060,3545,False,,380,19586.333333333332,407.5,3884.3333333333335,20480.0,413.0,6369.088749577917,80.96912991998865,-5362.0,-33.0,-0.8418786752678652,-0.4075627294630301,6102.79230079696,73.66342375969231,-14208.0,-172.0,,,,,True
8877689391,2016-04-18,11423,8.67000007629395,8.67000007629395,0.0,2.44000005722046,0.270000010728836,5.94000005722046,0.0,29,5,191,1215,2761,False,,225,18420.14285714286,381.42857142857144,3723.8571428571427,19586.333333333332,407.5,6102.79230079696,73.66342375969231,-8163.333333333332,-182.5,-1.337639055966176,-2.4774845942251345,6368.416585739645,96.33250947085507,-3695.0,-155.0,,,,,True
8877689391,2016-04-19,18785,17.3999996185303,17.3999996185303,0.0,12.1499996185303,0.180000007152557,5.03000020980835,0.0,82,13,214,1131,3676,False,,309,17791.428571428572,367.85714285714283,3688.8571428571427,18420.14285714286,381.42857142857144,6368.416585739645,96.33250947085507,364.8571428571413,-72.42857142857144,0.05729165764954024,-0.7518601049069966,6027.618845977318,99.26971436685103,7362.0,84.0,,,,,True
8877689391,2016-04-20,19948,18.1100006103516,18.1100006103516,0.0,11.0200004577637,0.689999997615814,6.34000015258789,0.0,73,19,225,1123,3679,False,,317,18450.14285714286,364.2857142857143,3705.0,18465.75,372.375,5897.4190420168425,92.78998945391223,1482.25,-55.375,0.251338761785147,-0.5967777314030888,5966.327497675919,100.79304586745107,1163.0,8.0,,,,,True
8877689391,2016-04-21,19377,17.6200008392334,17.6200008392334,0.0,12.289999961853,0.419999986886978,4.8899998664856,0.0,82,13,226,1119,3659,False,,321,18199.85714285714,356.0,3685.8571428571427,18630.444444444445,366.22222222222223,5538.612261007062,88.73806649034249,746.5555555555547,-45.22222222222223,0.13479108488540784,-0.5096146839927953,5871.210421158809,101.76115827433046,-571.0,4.0,-1684.1428571428587,-19.0,,,True
8877689391,2016-04-22,18258,16.3099994659424,16.3099994659424,0.0,10.2299995422363,0.0299999993294477,5.96999979019165,0.0500000007450581,61,2,236,1141,3427,False,,299,18890.714285714286,343.2857142857143,3613.4285714285716,18705.1,361.7,5227.187653668716,84.87644615033733,-447.09999999999854,-62.69999999999999,-0.08553356595121787,-0.7387208360517573,5487.275392951882,102.65267375266671,-1119.0,-22.0,622.2142857142862,-34.96428571428572,,,True
8877689391,2016-04-23,11200,7.42999982833862,7.42999982833862,0.0,0.0,0.0,7.40000009536743,0.0099999997764825,102,6,300,1032,3891,False,,408,16301.285714285714,322.7142857142857,3519.714285714286,18664.454545454544,356.0,4960.777587508562,82.71033792700887,-7464.454545454544,52.0,-1.5046944581320572,0.6287001198954043,3741.1465138504286,59.00484241629181,-7058.0,109.0,-4178.714285714286,-90.28571428571428,,,True
8877689391,2016-04-24,16674,15.7399997711182,15.7399997711182,0.0,11.0100002288818,0.0099999997764825,4.69000005722046,0.0,64,1,227,1148,3455,False,,292,16523.571428571428,310.14285714285717,3506.8571428571427,18042.416666666668,360.3333333333333,5197.62227908691,80.2771713653654,-1368.4166666666679,-68.33333333333331,-0.26327743589782104,-0.8512174920951113,3705.1751581242324,53.921018077148645,5474.0,-116.0,-3062.7619047619046,-97.35714285714283,,,True
8877689391,2016-04-25,12986,8.73999977111816,8.73999977111816,0.0,2.36999988555908,0.0700000002980232,6.26999998092651,0.0099999997764825,113,8,218,1101,3802,False,,339,16746.85714285714,326.42857142857144,3655.5714285714284,17937.153846153848,355.0769230769231,4990.796293280827,79.16171374519959,-4951.153846153848,-16.076923076923094,-0.9920568891636776,-0.20308962645226186,3379.337332898832,39.09755807744324,-3688.0,47.0,-1673.2857142857174,-55.0,,,True
8877689391,2016-04-26,11101,8.43000030517578,8.43000030517578,0.0,1.75999999046326,0.129999995231628,6.5,0.0,22,3,258,1157,2860,False,,283,15649.142857142857,322.7142857142857,3539.0,17583.5,353.92857142857144,4974.237486984621,76.17738841345576,-6482.5,-70.92857142857144,-1.3032148174787834,-0.931097428970739,3825.492666684529,42.14543979172711,-1885.0,-56.0,-2142.2857142857156,-45.14285714285711,,,True
8877689391,2016-04-27,23629,20.6499996185303,20.6499996185303,0.0,13.0699996948242,0.439999997615814,7.09999990463257,0.0,93,8,235,1104,3808,False,,336,16175.0,325.42857142857144,3557.4285714285716,17151.333333333332,349.2,5077.12508170107,75.65636598651639,6477.666666666668,-13.199999999999989,1.2758532754565304,-0.17447308833045758,4673.8391072008435,42.3275211608127,12528.0,53.0,-2275.1428571428587,-38.85714285714283,,,True
8877689391,2016-04-28,14890,11.3000001907349,11.3000001907349,0.0,4.92999982833862,0.379999995231628,5.96999979019165,0.0,58,8,231,1143,3060,False,,297,15534.0,322.0,3471.8571428571427,17556.1875,348.375,5165.387642358832,73.16545177427209,-2666.1875,-51.375,-0.5161640682336653,-0.7021756587566081,4464.506057038482,43.6959189551305,-8739.0,-39.0,-2665.8571428571413,-34.0,,,True
8877689391,2016-04-29,9733,7.3899998664856,7.3899998664856,0.0,1.37999999523163,0.170000001788139,5.78999996185303,0.0,18,5,210,1207,2698,False,,233,14316.142857142857,312.57142857142856,3367.714285714286,17399.352941176472,345.3529411764706,5042.995438491597,71.92960202210786,-7666.352941176472,-112.35294117647061,-1.5201982696913452,-1.5619847247306298,4751.141597152249,55.11459922397193,-5157.0,-64.0,-4574.571428571429,-30.714285714285722,,,True
8877689391,2016-04-30,27745,26.7199993133545,26.7199993133545,0.0,21.6599998474121,0.0799999982118607,4.92999982833862,0.0,124,4,223,1089,4398,False,,351,16679.714285714286,304.42857142857144,3440.1428571428573,16973.444444444445,339.1111111111111,5215.455822639906,74.63786209100807,10771.555555555555,11.888888888888914,2.0653143118827155,0.1592876376215709,6670.315427681205,41.09281016940855,18012.0,118.0,378.42857142857247,-18.285714285714278,,,True
8877689391,2016-05-01,10930,8.31999969482422,8.31999969482422,0.0,3.13000011444092,0.569999992847443,4.57000017166138,0.0,36,12,166,1226,2786,False,,214,15859.142857142857,293.2857142857143,3344.5714285714284,17540.36842105263,339.7368421052632,5638.835608828458,72.58622619972834,-6610.36842105263,-125.73684210526318,-1.1722931609374807,-1.732241045664015,7015.512179652824,53.67406041939402,-16815.0,-137.0,-664.4285714285706,-16.85714285714289,,,True
8877689391,2016-05-02,4790,3.64000010490417,3.64000010490417,0.0,0.0,0.0,3.55999994277954,0.0,0,0,105,1335,2189,False,,105,14688.285714285714,259.85714285714283,3114.1428571428573,17209.85,333.45,5683.9965950117585,76.03910005281563,-12419.849999999999,-228.45,-2.185055847625688,-3.0043753389630687,8164.752450100892,84.48358533156711,-6140.0,-109.0,-2058.5714285714275,-66.57142857142861,,,True
8877689391,2016-05-03,10818,8.21000003814697,8.21000003814697,0.0,1.38999998569489,0.100000001490116,6.67000007629395,0.0099999997764825,19,3,229,1189,2817,False,,251,14647.857142857143,255.28571428571428,3108.0,16618.428571428572,322.57142857142856,6167.4785656006015,89.31997057129578,-5800.4285714285725,-71.57142857142856,-0.9404862147134562,-0.8012925587901668,8186.148329720786,83.88626086496377,6028.0,146.0,-1001.2857142857138,-67.42857142857144,,,True
8877689391,2016-05-04,18193,16.2999992370605,16.2999992370605,0.0,10.4200000762939,0.310000002384186,5.53000020980835,0.0,66,8,212,1154,3477,False,,286,13871.285714285714,248.14285714285714,3060.714285714286,16354.772727272728,319.3181818181818,6144.5736489067995,88.49287642228147,1838.227272727272,-33.31818181818181,0.2991627047639268,-0.37650693240756444,7413.544085305073,77.77409288323146,7375.0,35.0,-2303.7142857142862,-77.2857142857143,,,True
8877689391,2016-05-05,14055,10.6700000762939,10.6700000762939,0.0,5.46000003814697,0.819999992847443,4.36999988555908,0.0,67,15,188,1170,3052,False,,270,13752.0,244.28571428571428,3059.5714285714284,16434.695652173912,317.8695652173913,6015.524064185797,86.73696095239283,-2379.695652173912,-47.86956521739131,-0.3955924083067253,-0.5518934966118066,7401.128112209196,75.58596493554927,-4138.0,-16.0,-1782.0,-77.71428571428572,,,True
8877689391,2016-05-06,21727,19.3400001525879,19.3400001525879,0.0,12.789999961853,0.28999999165535,6.15999984741211,0.0,96,17,232,1095,4015,False,,345,15465.42857142857,260.2857142857143,3247.714285714286,16335.541666666666,315.875,5903.317600624295,85.3913306362308,5391.458333333334,29.125,0.9132929476553788,0.34107677491285915,7698.025566276562,84.16593587612955,7672.0,75.0,1149.2857142857138,-52.28571428571428,,,True
8877689391,2016-05-07,12332,8.13000011444092,8.13000011444092,0.0,0.0799999982118607,0.959999978542328,6.98999977111816,0.0,105,28,271,1036,4142,False,,404,13263.57142857143,267.85714285714283,3211.1428571428573,16551.2,317.04,5878.7603568552895,83.7961216286291,-4219.200000000001,86.95999999999998,-0.7177023289207972,1.0377568468817189,5487.119185180953,95.33000327184256,-9395.0,59.0,-3416.142857142857,-36.57142857142861,,,True
8877689391,2016-05-08,10686,8.10999965667725,8.10999965667725,0.0,1.08000004291534,0.200000002980232,6.80000019073486,0.0,17,4,245,1174,2847,False,,266,13228.714285714286,275.2857142857143,3219.8571428571427,16388.923076923078,320.38461538461536,5819.11584296499,83.85562684665922,-5702.923076923078,-54.38461538461536,-0.9800325736490679,-0.648550571752496,5505.159329038094,92.41521210586176,-1646.0,-138.0,-2630.4285714285706,-18.0,,,True
8877689391,2016-05-09,20226,18.25,18.25,0.0,11.1000003814697,0.800000011920929,6.23999977111816,0.0500000007450581,73,19,217,1131,3710,False,,309,15433.857142857143,304.42857142857144,3437.1428571428573,16177.703703703704,318.3703703703704,5810.704623066312,82.89063608066687,4048.2962962962956,-9.370370370370381,0.6966962800912966,-0.11304497951018759,4574.425261843332,53.909977873170256,9540.0,43.0,745.5714285714294,44.57142857142861,,,True
8877689391,2016-05-10,10733,8.14999961853027,8.14999961853027,0.0,1.35000002384186,0.46000000834465,6.28000020980835,0.0,18,11,224,1187,2832,False,,253,15421.714285714286,304.7142857142857,3439.285714285714,16322.285714285714,318.0357142857143,5753.179107351851,81.36041541048814,-5589.285714285714,-65.03571428571428,-0.9715125514121029,-0.7993532623725675,4588.810438239435,53.58393504809148,-9493.0,-56.0,773.8571428571431,49.428571428571445,,,True
8877689391,2016-05-11,21420,19.5599994659424,19.5599994659424,0.0,13.2200002670288,0.409999996423721,5.8899998664856,0.0,88,12,213,1127,3832,False,,313,15882.714285714286,308.57142857142856,3490.0,16129.551724137931,315.7931034482759,5744.058281552505,80.80195334906595,5290.448275862069,-2.793103448275872,0.9210296998433546,-0.034567275888026334,5052.3071863023015,52.98067931758117,10687.0,60.0,2011.4285714285725,60.428571428571416,,,True
8877689391,2016-05-12,8064,6.11999988555908,6.11999988555908,0.0,1.82000005245209,0.0399999991059303,4.25,0.0,23,1,137,770,1849,False,,161,15026.857142857143,293.0,3318.1428571428573,16305.9,315.7,5726.20605185282,79.39823241322712,-8241.9,-154.7,-1.439329972398365,-1.948406070886562,5856.892817543312,76.8483354840341,-13356.0,-152.0,1274.8571428571431,48.71428571428572,,,True
